-- 1 nombre app billeteras(si)

INSERT INTO nombre_app_billeteras (id, nombre) VALUES (1, 'Yape');
INSERT INTO nombre_app_billeteras (id, nombre) VALUES (2, 'Plin');

-- 2 alumnos(si)

INSERT INTO alumnos (id, codigo) VALUES (1, 92699498);
INSERT INTO alumnos (id, codigo) VALUES (2, 95501019);
INSERT INTO alumnos (id, codigo) VALUES (3, 40748459);
INSERT INTO alumnos (id, codigo) VALUES (4, 94570489);
INSERT INTO alumnos (id, codigo) VALUES (5, 54304661);
INSERT INTO alumnos (id, codigo) VALUES (6, 99252278);
INSERT INTO alumnos (id, codigo) VALUES (7, 14834022);
INSERT INTO alumnos (id, codigo) VALUES (8, 17490351);
INSERT INTO alumnos (id, codigo) VALUES (9, 51791528);
INSERT INTO alumnos (id, codigo) VALUES (10, 46537790);
INSERT INTO alumnos (id, codigo) VALUES (11, 29755631);
INSERT INTO alumnos (id, codigo) VALUES (12, 11814164);
INSERT INTO alumnos (id, codigo) VALUES (13, 13114695);
INSERT INTO alumnos (id, codigo) VALUES (14, 64619100);
INSERT INTO alumnos (id, codigo) VALUES (15, 43289397);
INSERT INTO alumnos (id, codigo) VALUES (16, 05342298);
INSERT INTO alumnos (id, codigo) VALUES (17, 29904824);
INSERT INTO alumnos (id, codigo) VALUES (18, 68949562);
INSERT INTO alumnos (id, codigo) VALUES (19, 60088332);
INSERT INTO alumnos (id, codigo) VALUES (20, 88366892);
INSERT INTO alumnos (id, codigo) VALUES (21, 94016435);
INSERT INTO alumnos (id, codigo) VALUES (22, 57727021);
INSERT INTO alumnos (id, codigo) VALUES (23, 90658183);
INSERT INTO alumnos (id, codigo) VALUES (24, 65415204);
INSERT INTO alumnos (id, codigo) VALUES (25, 89277243);
INSERT INTO alumnos (id, codigo) VALUES (26, 73494057);
INSERT INTO alumnos (id, codigo) VALUES (27, 51059539);
INSERT INTO alumnos (id, codigo) VALUES (28, 16864138);
INSERT INTO alumnos (id, codigo) VALUES (29, 30325224);
INSERT INTO alumnos (id, codigo) VALUES (30, 77308620);
INSERT INTO alumnos (id, codigo) VALUES (31, 83187161);
INSERT INTO alumnos (id, codigo) VALUES (32, 39556953);
INSERT INTO alumnos (id, codigo) VALUES (33, 24030417);
INSERT INTO alumnos (id, codigo) VALUES (34, 49069171);
INSERT INTO alumnos (id, codigo) VALUES (35, 91195653);
INSERT INTO alumnos (id, codigo) VALUES (36, 16509845);
INSERT INTO alumnos (id, codigo) VALUES (37, 56935241);
INSERT INTO alumnos (id, codigo) VALUES (38, 50008678);
INSERT INTO alumnos (id, codigo) VALUES (39, 61655238);
INSERT INTO alumnos (id, codigo) VALUES (40, 75422581);
INSERT INTO alumnos (id, codigo) VALUES (41, 32984589);
INSERT INTO alumnos (id, codigo) VALUES (42, 89279568);
INSERT INTO alumnos (id, codigo) VALUES (43, 65472029);
INSERT INTO alumnos (id, codigo) VALUES (44, 87231429);
INSERT INTO alumnos (id, codigo) VALUES (45, 69064628);
INSERT INTO alumnos (id, codigo) VALUES (46, 83801867);
INSERT INTO alumnos (id, codigo) VALUES (47, 65552343);
INSERT INTO alumnos (id, codigo) VALUES (48, 68647880);
INSERT INTO alumnos (id, codigo) VALUES (49, 30304733);
INSERT INTO alumnos (id, codigo) VALUES (50, 55058101);
INSERT INTO alumnos (id, codigo) VALUES (51, 39805900);
INSERT INTO alumnos (id, codigo) VALUES (52, 18301841);
INSERT INTO alumnos (id, codigo) VALUES (53, 16986339);
INSERT INTO alumnos (id, codigo) VALUES (54, 69787377);
INSERT INTO alumnos (id, codigo) VALUES (55, 39190016);
INSERT INTO alumnos (id, codigo) VALUES (56, 12860595);
INSERT INTO alumnos (id, codigo) VALUES (57, 69973873);
INSERT INTO alumnos (id, codigo) VALUES (58, 23494319);
INSERT INTO alumnos (id, codigo) VALUES (59, 30042918);
INSERT INTO alumnos (id, codigo) VALUES (60, 85133837);
INSERT INTO alumnos (id, codigo) VALUES (61, 32099486);
INSERT INTO alumnos (id, codigo) VALUES (62, 38877354);
INSERT INTO alumnos (id, codigo) VALUES (63, 44798430);
INSERT INTO alumnos (id, codigo) VALUES (64, 73906335);
INSERT INTO alumnos (id, codigo) VALUES (65, 94197006);
INSERT INTO alumnos (id, codigo) VALUES (66, 45251092);
INSERT INTO alumnos (id, codigo) VALUES (67, 83787768);
INSERT INTO alumnos (id, codigo) VALUES (68, 68591778);
INSERT INTO alumnos (id, codigo) VALUES (69, 54657012);
INSERT INTO alumnos (id, codigo) VALUES (70, 61133897);
INSERT INTO alumnos (id, codigo) VALUES (71, 04790340);
INSERT INTO alumnos (id, codigo) VALUES (72, 36538078);
INSERT INTO alumnos (id, codigo) VALUES (73, 28643745);
INSERT INTO alumnos (id, codigo) VALUES (74, 09254855);
INSERT INTO alumnos (id, codigo) VALUES (75, 32914006);
INSERT INTO alumnos (id, codigo) VALUES (76, 66727639);
INSERT INTO alumnos (id, codigo) VALUES (77, 14054607);
INSERT INTO alumnos (id, codigo) VALUES (78, 80847043);
INSERT INTO alumnos (id, codigo) VALUES (79, 72875148);
INSERT INTO alumnos (id, codigo) VALUES (80, 11223144);
INSERT INTO alumnos (id, codigo) VALUES (81, 93581118);
INSERT INTO alumnos (id, codigo) VALUES (82, 37978185);
INSERT INTO alumnos (id, codigo) VALUES (83, 68207885);
INSERT INTO alumnos (id, codigo) VALUES (84, 28067106);
INSERT INTO alumnos (id, codigo) VALUES (85, 89217051);
INSERT INTO alumnos (id, codigo) VALUES (86, 17429806);
INSERT INTO alumnos (id, codigo) VALUES (87, 10075412);
INSERT INTO alumnos (id, codigo) VALUES (88, 84512045);
INSERT INTO alumnos (id, codigo) VALUES (89, 74384000);
INSERT INTO alumnos (id, codigo) VALUES (90, 69299198);
INSERT INTO alumnos (id, codigo) VALUES (91, 61797062);
INSERT INTO alumnos (id, codigo) VALUES (92, 67624911);
INSERT INTO alumnos (id, codigo) VALUES (93, 87142675);
INSERT INTO alumnos (id, codigo) VALUES (94, 52566244);
INSERT INTO alumnos (id, codigo) VALUES (95, 61379947);
INSERT INTO alumnos (id, codigo) VALUES (96, 26608652);
INSERT INTO alumnos (id, codigo) VALUES (97, 58240374);
INSERT INTO alumnos (id, codigo) VALUES (98, 12251694);
INSERT INTO alumnos (id, codigo) VALUES (99, 17911258);
INSERT INTO alumnos (id, codigo) VALUES (100, 84396783);



-- 3 distritos(si)

INSERT INTO distritos (id, nombre) VALUES (1, 'Ancón');
INSERT INTO distritos (id, nombre) VALUES (2, 'Ate');
INSERT INTO distritos (id, nombre) VALUES (3, 'Barranco');
INSERT INTO distritos (id, nombre) VALUES (4, 'Breña');
INSERT INTO distritos (id, nombre) VALUES (5, 'Carabayllo');
INSERT INTO distritos (id, nombre) VALUES (6, 'Chaclacayo');
INSERT INTO distritos (id, nombre) VALUES (7, 'Chorrillos');
INSERT INTO distritos (id, nombre) VALUES (8, 'Cieneguilla');
INSERT INTO distritos (id, nombre) VALUES (9, 'Comas');
INSERT INTO distritos (id, nombre) VALUES (10, 'El Agustino');
INSERT INTO distritos (id, nombre) VALUES (11, 'Independencia');
INSERT INTO distritos (id, nombre) VALUES (12, 'Jesús María');
INSERT INTO distritos (id, nombre) VALUES (13, 'La Molina');
INSERT INTO distritos (id, nombre) VALUES (14, 'La Victoria');
INSERT INTO distritos (id, nombre) VALUES (15, 'Lince');
INSERT INTO distritos (id, nombre) VALUES (16, 'Los Olivos');
INSERT INTO distritos (id, nombre) VALUES (17, 'Lurigancho');
INSERT INTO distritos (id, nombre) VALUES (18, 'Lurín');
INSERT INTO distritos (id, nombre) VALUES (19, 'Magdalena del Mar');
INSERT INTO distritos (id, nombre) VALUES (20, 'Miraflores');
INSERT INTO distritos (id, nombre) VALUES (21, 'Pachacámac');
INSERT INTO distritos (id, nombre) VALUES (22, 'Pucusana');
INSERT INTO distritos (id, nombre) VALUES (23, 'Pueblo Libre');
INSERT INTO distritos (id, nombre) VALUES (24, 'Puente Piedra');
INSERT INTO distritos (id, nombre) VALUES (25, 'Punta Hermosa');
INSERT INTO distritos (id, nombre) VALUES (26, 'Punta Negra');
INSERT INTO distritos (id, nombre) VALUES (27, 'Rímac');
INSERT INTO distritos (id, nombre) VALUES (28, 'San Bartolo');
INSERT INTO distritos (id, nombre) VALUES (29, 'San Borja');
INSERT INTO distritos (id, nombre) VALUES (30, 'San Isidro');
INSERT INTO distritos (id, nombre) VALUES (31, 'San Juan de Lurigancho');
INSERT INTO distritos (id, nombre) VALUES (32, 'San Juan de Miraflores');
INSERT INTO distritos (id, nombre) VALUES (33, 'San Luis');
INSERT INTO distritos (id, nombre) VALUES (34, 'San Martín de Porres');
INSERT INTO distritos (id, nombre) VALUES (35, 'San Miguel');
INSERT INTO distritos (id, nombre) VALUES (36, 'Santa Anita');
INSERT INTO distritos (id, nombre) VALUES (37, 'Santa María del Mar');
INSERT INTO distritos (id, nombre) VALUES (38, 'Santa Rosa');
INSERT INTO distritos (id, nombre) VALUES (39, 'Santiago de Surco');
INSERT INTO distritos (id, nombre) VALUES (40, 'Surquillo');
INSERT INTO distritos (id, nombre) VALUES (41, 'Villa El Salvador');
INSERT INTO distritos (id, nombre) VALUES (42, 'Villa María del Triunfo');
-- 4 notificaciones(si)


INSERT INTO notificaciones (id,  nombre) VALUES (1,  'Alias sint rerum suscipit');
INSERT INTO notificaciones (id,  nombre) VALUES (2,  'Provident quas tenetur animi');
INSERT INTO notificaciones (id,  nombre) VALUES (3,  'Dignissimos quos dolore');
INSERT INTO notificaciones (id,  nombre) VALUES (4,  'Ad labore omnis');
INSERT INTO notificaciones (id,  nombre) VALUES (5,  'Velit maiores harum aperiam')

-- 5 red pago(si)

INSERT INTO red_pagos (id, nombre) VALUES (1, 'Visa');
INSERT INTO red_pagos (id, nombre) VALUES (2, 'Mastercard');
INSERT INTO red_pagos (id, nombre) VALUES (3, 'American Express');
INSERT INTO red_pagos (id, nombre) VALUES (4, 'Discover');

-- 6 bancos(si)
INSERT INTO bancos (id, nombre) VALUES (1, 'Torralba y Ayala ');
INSERT INTO bancos (id, nombre) VALUES (2, 'Restauración Avanzadas ');
INSERT INTO bancos (id, nombre) VALUES (3, 'Grupo Prada ');
INSERT INTO bancos (id, nombre) VALUES (4, 'Franch y Palomar S.Coop.');
INSERT INTO bancos (id, nombre) VALUES (5, 'Tomé y Sevillano ');
INSERT INTO bancos (id, nombre) VALUES (6, 'Mata y Asociados');
INSERT INTO bancos (id, nombre) VALUES (7, 'Iniesta y Asociados ');
INSERT INTO bancos (id, nombre) VALUES (8, 'Gálvez y asociados ');
INSERT INTO bancos (id, nombre) VALUES (9, 'Infraestructuras Ibérica ');
INSERT INTO bancos (id, nombre) VALUES (10, 'Desarrollo Infante y Asociados');
INSERT INTO bancos (id, nombre) VALUES (11, 'Alimentación PNX S.Coop.');
INSERT INTO bancos (id, nombre) VALUES (12, 'Hnos Bejarano ');
INSERT INTO bancos (id, nombre) VALUES (13, 'Construcción ONP S.Com.');
INSERT INTO bancos (id, nombre) VALUES (14, 'Samuel Amaya Olivares');
INSERT INTO bancos (id, nombre) VALUES (15, 'Banco LCL ');

-- 7 perfiles(si)
INSERT INTO perfiles (id, user_id, celular, DNI, nombre, apellidos, fecha_nacimiento, correo, contraseña) VALUES (1, 6532143,962704773,28536361,'María Teresa','Roura',TO_DATE('2003-04-01','YYYY-MM-DD'),'labril@example.net','$SQ#JZaul6');
INSERT INTO perfiles (id, user_id, celular, DNI, nombre, apellidos, fecha_nacimiento, correo, contraseña) VALUES (2, 9582238,935055975,66937433,'Conrado','Agudo',TO_DATE('1997-01-09','YYYY-MM-DD'),'juan-luis53@example.com','X0E87KvY#r');
INSERT INTO perfiles (id, user_id, celular, DNI, nombre, apellidos, fecha_nacimiento, correo, contraseña) VALUES (3, 3863898,951667398,21800809,'Pepito','Andres',TO_DATE('1990-04-14','YYYY-MM-DD'),'aranarenata@example.net','+n+UoiTg1');
INSERT INTO perfiles (id, user_id, celular, DNI, nombre, apellidos, fecha_nacimiento, correo, contraseña) VALUES (4, 0995597,963457682,51666636,'Celestino','Cabezas',TO_DATE('1965-08-04','YYYY-MM-DD'),'vleiva@example.net','1*T2ZFYg+i');
INSERT INTO perfiles (id, user_id, celular, DNI, nombre, apellidos, fecha_nacimiento, correo, contraseña) VALUES (5, 0516222,944933202,15273945,'Francisca','Marti',TO_DATE('1996-09-06','YYYY-MM-DD'),'llanoscarmela@example.com','s73$8SaZGw');
INSERT INTO perfiles (id, user_id, celular, DNI, nombre, apellidos, fecha_nacimiento, correo, contraseña) VALUES (6, 3745523,922606469,82812405,'Lidia','Vara',TO_DATE('1984-07-02','YYYY-MM-DD'),'lvaldes@example.com','_kf7FiavT^');
INSERT INTO perfiles (id, user_id, celular, DNI, nombre, apellidos, fecha_nacimiento, correo, contraseña) VALUES (7, 5172905,933616791,90681950,'Efraín','Morante',TO_DATE('1993-03-28','YYYY-MM-DD'),'hugo72@example.com','+gHtOczDt3');
INSERT INTO perfiles (id, user_id, celular, DNI, nombre, apellidos, fecha_nacimiento, correo, contraseña) VALUES (8, 7231126,947318417,61349863,'Jaime','Solís',TO_DATE('1971-12-10','YYYY-MM-DD'),'dtalavera@example.com','*v!!5xGaca');
INSERT INTO perfiles (id, user_id, celular, DNI, nombre, apellidos, fecha_nacimiento, correo, contraseña) VALUES (9, 2072635,965955356,47235242,'Xavier','Ribas',TO_DATE('1961-04-03','YYYY-MM-DD'),'gonzalezchucho@example.com','Pa_(6WZzTW');
INSERT INTO perfiles (id, user_id, celular, DNI, nombre, apellidos, fecha_nacimiento, correo, contraseña) VALUES (10, 5219750,940051637,29938820,'Pablo','Agustí',TO_DATE('1993-09-18','YYYY-MM-DD'),'jmunoz@example.net','8C32JkXp_!');
INSERT INTO perfiles (id, user_id, celular, DNI, nombre, apellidos, fecha_nacimiento, correo, contraseña) VALUES (11, 8890883,978101366,92550370,'Fátima','Vergara',TO_DATE('1976-10-05','YYYY-MM-DD'),'utomas@example.com','G9FTiJHc*2');
INSERT INTO perfiles (id, user_id, celular, DNI, nombre, apellidos, fecha_nacimiento, correo, contraseña) VALUES (12, 9036447,907960715,96628706,'Reina','Becerra',TO_DATE('1966-10-02','YYYY-MM-DD'),'genovevapalomares@example.net','!5J^CFFEpX');
INSERT INTO perfiles (id, user_id, celular, DNI, nombre, apellidos, fecha_nacimiento, correo, contraseña) VALUES (13, 3197638,908506347,81817222,'Alba','Valcárcel',TO_DATE('1996-06-04','YYYY-MM-DD'),'hcortes@example.net','dF7KZVpl4');
INSERT INTO perfiles (id, user_id, celular, DNI, nombre, apellidos, fecha_nacimiento, correo, contraseña) VALUES (14, 0496957,983162261,82376167,'Alex','Sandoval',TO_DATE('1983-04-07','YYYY-MM-DD'),'fpombo@example.com','JFk1lL8o_a');
INSERT INTO perfiles (id, user_id, celular, DNI, nombre, apellidos, fecha_nacimiento, correo, contraseña) VALUES (15, 1328813,902522782,41197304,'Amparo','Nieto',TO_DATE('1995-03-01','YYYY-MM-DD'),'wcardona@example.org','$Id8I5Zj4e');
INSERT INTO perfiles (id, user_id, celular, DNI, nombre, apellidos, fecha_nacimiento, correo, contraseña) VALUES (16, 5054079,900549853,13509748,'Mamen','Valle',TO_DATE('1971-01-24','YYYY-MM-DD'),'vinicio92@example.net','U6pGGrSQt');
INSERT INTO perfiles (id, user_id, celular, DNI, nombre, apellidos, fecha_nacimiento, correo, contraseña) VALUES (17, 9644476,924334501,38768150,'Cándida','Arenas',TO_DATE('1983-04-20','YYYY-MM-DD'),'carmen38@example.org','!T66GBNhpM');
INSERT INTO perfiles (id, user_id, celular, DNI, nombre, apellidos, fecha_nacimiento, correo, contraseña) VALUES (18, 5664547,957510988,42484565,'Reyes','Barrio',TO_DATE('1998-11-05','YYYY-MM-DD'),'mayteroldan@example.net','+9^pTDboJV');
INSERT INTO perfiles (id, user_id, celular, DNI, nombre, apellidos, fecha_nacimiento, correo, contraseña) VALUES (19, 1335742,949524600,16599341,'Mateo','Santamaria',TO_DATE('1989-08-27','YYYY-MM-DD'),'bertafabregas@example.net','#%30IW3rDj');
INSERT INTO perfiles (id, user_id, celular, DNI, nombre, apellidos, fecha_nacimiento, correo, contraseña) VALUES (20, 0623143,941688933,70383436,'Caridad','Recio',TO_DATE('1972-02-06','YYYY-MM-DD'),'lposada@example.org','A@Bn75ZnYy');
INSERT INTO perfiles (id, user_id, celular, DNI, nombre, apellidos, fecha_nacimiento, correo, contraseña) VALUES (21, 8962146,988178193,61189598,'Carmela','Lluch',TO_DATE('1984-02-02','YYYY-MM-DD'),'batallamargarita@example.net','53SeZpd#%G');
INSERT INTO perfiles (id, user_id, celular, DNI, nombre, apellidos, fecha_nacimiento, correo, contraseña) VALUES (22, 5655313,945331291,47300124,'Felipe','Estévez',TO_DATE('1992-12-17','YYYY-MM-DD'),'gala47@example.net','^0RCbJa6si');
INSERT INTO perfiles (id, user_id, celular, DNI, nombre, apellidos, fecha_nacimiento, correo, contraseña) VALUES (23, 7159871,941534650,59449293,'Sandra','Rocha',TO_DATE('2007-03-12','YYYY-MM-DD'),'iniguezabraham@example.org','89MMnaU7*p');
INSERT INTO perfiles (id, user_id, celular, DNI, nombre, apellidos, fecha_nacimiento, correo, contraseña) VALUES (24, 2561057,962181446,24813158,'Maximiano','Roma',TO_DATE('1975-04-21','YYYY-MM-DD'),'malenamartinez@example.net','7Wjja_Tn)h');
INSERT INTO perfiles (id, user_id, celular, DNI, nombre, apellidos, fecha_nacimiento, correo, contraseña) VALUES (25, 0734488,935010598,70049834,'Lola','Arroyo',TO_DATE('1990-03-05','YYYY-MM-DD'),'regulo06@example.net','@Q5Y7wk^x4');
INSERT INTO perfiles (id, user_id, celular, DNI, nombre, apellidos, fecha_nacimiento, correo, contraseña) VALUES (26, 2696469,975203990,82222115,'Estela','Rueda',TO_DATE('1983-08-27','YYYY-MM-DD'),'carmela81@example.org','%qGi*miZ2Z');
INSERT INTO perfiles (id, user_id, celular, DNI, nombre, apellidos, fecha_nacimiento, correo, contraseña) VALUES (27, 9676702,947499552,48479290,'Palmira','Goicoechea',TO_DATE('2000-07-09','YYYY-MM-DD'),'petrona78@example.net','_Yxg2G3gwX');
INSERT INTO perfiles (id, user_id, celular, DNI, nombre, apellidos, fecha_nacimiento, correo, contraseña) VALUES (28, 6346385,912813953,62333961,'Noa','Andres',TO_DATE('1998-05-27','YYYY-MM-DD'),'sbelda@example.com','2vl($NR9o');
INSERT INTO perfiles (id, user_id, celular, DNI, nombre, apellidos, fecha_nacimiento, correo, contraseña) VALUES (29, 4574209,919619170,66353153,'Blanca','Cardona',TO_DATE('1959-10-31','YYYY-MM-DD'),'valentinsolana@example.net','iQV!_7Wnh%');
INSERT INTO perfiles (id, user_id, celular, DNI, nombre, apellidos, fecha_nacimiento, correo, contraseña) VALUES (30, 8310442,972089434,96104248,'Amador','Arrieta',TO_DATE('1974-12-05','YYYY-MM-DD'),'sernacelestino@example.net','^9Ktkl3yp5');
INSERT INTO perfiles (id, user_id, celular, DNI, nombre, apellidos, fecha_nacimiento, correo, contraseña) VALUES (31, 3598679,938064264,84930672,'Regina','Mascaró',TO_DATE('1973-05-28','YYYY-MM-DD'),'amandarios@example.org','$E38SNfFOu');
INSERT INTO perfiles (id, user_id, celular, DNI, nombre, apellidos, fecha_nacimiento, correo, contraseña) VALUES (32, 0148518,934232288,75049455,'Sergio','Maza',TO_DATE('1970-07-26','YYYY-MM-DD'),'rosenda19@example.org','aY2uiLiD(J');
INSERT INTO perfiles (id, user_id, celular, DNI, nombre, apellidos, fecha_nacimiento, correo, contraseña) VALUES (33, 6594279,907293641,22721750,'Evelia','Colomer',TO_DATE('2006-06-22','YYYY-MM-DD'),'sosacecilia@example.org','Vsg2mNgZ^e');
INSERT INTO perfiles (id, user_id, celular, DNI, nombre, apellidos, fecha_nacimiento, correo, contraseña) VALUES (34, 1723644,949067453,31823145,'Inés','Arribas',TO_DATE('1967-09-06','YYYY-MM-DD'),'lina48@example.org','nn0Om(tL@+');
INSERT INTO perfiles (id, user_id, celular, DNI, nombre, apellidos, fecha_nacimiento, correo, contraseña) VALUES (35, 2430775,960853986,47926500,'Alfredo','Ramos',TO_DATE('1960-01-05','YYYY-MM-DD'),'zribera@example.net','$(9xREEe5G');
INSERT INTO perfiles (id, user_id, celular, DNI, nombre, apellidos, fecha_nacimiento, correo, contraseña) VALUES (36, 1742282,978223524,65068937,'Josep','Lobato',TO_DATE('1961-01-31','YYYY-MM-DD'),'amandadiaz@example.com','4Su1%gG_H');
INSERT INTO perfiles (id, user_id, celular, DNI, nombre, apellidos, fecha_nacimiento, correo, contraseña) VALUES (37, 1850106,944741683,48605628,'Gertrudis','Ródenas',TO_DATE('1972-04-04','YYYY-MM-DD'),'lorena89@example.net','%m6S0HHh^m');
INSERT INTO perfiles (id, user_id, celular, DNI, nombre, apellidos, fecha_nacimiento, correo, contraseña) VALUES (38, 3242915,954214967,38892130,'Estela','Tomas',TO_DATE('1992-03-11','YYYY-MM-DD'),'ignacia43@example.org','Jd#87YP53');
INSERT INTO perfiles (id, user_id, celular, DNI, nombre, apellidos, fecha_nacimiento, correo, contraseña) VALUES (39, 9901053,996112833,90906865,'Evelia','Canales',TO_DATE('1991-07-27','YYYY-MM-DD'),'cornejoclimaco@example.org','_T06LEGk*D');
INSERT INTO perfiles (id, user_id, celular, DNI, nombre, apellidos, fecha_nacimiento, correo, contraseña) VALUES (40, 2235491,950908857,61447494,'Leandro','Quevedo',TO_DATE('2000-01-05','YYYY-MM-DD'),'secomarta@example.org','F(96FSyzLR');
INSERT INTO perfiles (id, user_id, celular, DNI, nombre, apellidos, fecha_nacimiento, correo, contraseña) VALUES (41, 4177358,981418509,65713903,'Juan Carlos','Recio',TO_DATE('1991-06-21','YYYY-MM-DD'),'uromeu@example.net','m4kaJ_ca)l');
INSERT INTO perfiles (id, user_id, celular, DNI, nombre, apellidos, fecha_nacimiento, correo, contraseña) VALUES (42, 0280888,952877631,27014098,'Sandra','Silva',TO_DATE('1978-04-28','YYYY-MM-DD'),'samperolalla@example.com','X^Y2Ws6yWn');
INSERT INTO perfiles (id, user_id, celular, DNI, nombre, apellidos, fecha_nacimiento, correo, contraseña) VALUES (43, 7463012,913955004,82677317,'Cloe','Cantero',TO_DATE('1986-05-28','YYYY-MM-DD'),'castellofelicia@example.com','_lqIVP2wc8');
INSERT INTO perfiles (id, user_id, celular, DNI, nombre, apellidos, fecha_nacimiento, correo, contraseña) VALUES (44, 7670227,927569137,74123047,'Basilio','Royo',TO_DATE('1990-11-20','YYYY-MM-DD'),'chus78@example.net','ETE#%8Gt^7');
INSERT INTO perfiles (id, user_id, celular, DNI, nombre, apellidos, fecha_nacimiento, correo, contraseña) VALUES (45, 0554884,994210525,93549442,'Maxi','Piñol',TO_DATE('1976-09-04','YYYY-MM-DD'),'atienzaclotilde@example.com','B3LusSFf)%');
INSERT INTO perfiles (id, user_id, celular, DNI, nombre, apellidos, fecha_nacimiento, correo, contraseña) VALUES (46, 7093887,950054270,97014625,'Daniela','Alcalá',TO_DATE('1992-02-13','YYYY-MM-DD'),'emurcia@example.net','+7aRyOhkOZ');
INSERT INTO perfiles (id, user_id, celular, DNI, nombre, apellidos, fecha_nacimiento, correo, contraseña) VALUES (47, 3147182,910815039,47023474,'Jose Luis','Acevedo',TO_DATE('1981-03-29','YYYY-MM-DD'),'mblanch@example.net',')0AIJk!(#1');
INSERT INTO perfiles (id, user_id, celular, DNI, nombre, apellidos, fecha_nacimiento, correo, contraseña) VALUES (48, 2229718,934789440,17160916,'Guadalupe','Barroso',TO_DATE('1975-03-05','YYYY-MM-DD'),'cecilio35@example.com','(5IiQ3riWL');
INSERT INTO perfiles (id, user_id, celular, DNI, nombre, apellidos, fecha_nacimiento, correo, contraseña) VALUES (49, 7963352,968252985,20262666,'Teobaldo','Dominguez',TO_DATE('2003-06-01','YYYY-MM-DD'),'eligioarenas@example.org','r$P77SdJ^');
INSERT INTO perfiles (id, user_id, celular, DNI, nombre, apellidos, fecha_nacimiento, correo, contraseña) VALUES (50, 2405304,918714672,91524931,'Jenny','Alegria',TO_DATE('1965-04-21','YYYY-MM-DD'),'itziar53@example.org','E_MvO_Ok+9');
INSERT INTO perfiles (id, user_id, celular, DNI, nombre, apellidos, fecha_nacimiento, correo, contraseña) VALUES (51, 8065486,982719272,28207517,'Flavia','Bustos',TO_DATE('1998-02-22','YYYY-MM-DD'),'taboadayago@example.org','^4gk4L%fla');
INSERT INTO perfiles (id, user_id, celular, DNI, nombre, apellidos, fecha_nacimiento, correo, contraseña) VALUES (52, 3215816,920973245,69584008,'Bibiana','Pablo',TO_DATE('1969-01-28','YYYY-MM-DD'),'blancaibarra@example.com','^#NDMAlEn2');
INSERT INTO perfiles (id, user_id, celular, DNI, nombre, apellidos, fecha_nacimiento, correo, contraseña) VALUES (53, 0331337,946233227,45438894,'Ángeles','Coronado',TO_DATE('1992-11-29','YYYY-MM-DD'),'felias@example.com','j_6eA+Gl_2');
INSERT INTO perfiles (id, user_id, celular, DNI, nombre, apellidos, fecha_nacimiento, correo, contraseña) VALUES (54, 3892608,988780798,58984874,'Amalia','Dávila',TO_DATE('1966-07-30','YYYY-MM-DD'),'leonvidal@example.net','^lAiFCiGV3');
INSERT INTO perfiles (id, user_id, celular, DNI, nombre, apellidos, fecha_nacimiento, correo, contraseña) VALUES (55, 2666191,970961782,51670779,'Margarita','Ferrero',TO_DATE('1965-12-02','YYYY-MM-DD'),'buendiajacobo@example.net','%X51E@Wi0');
INSERT INTO perfiles (id, user_id, celular, DNI, nombre, apellidos, fecha_nacimiento, correo, contraseña) VALUES (56, 3560845,959980459,49368420,'Maximino','Olivares',TO_DATE('2003-06-28','YYYY-MM-DD'),'haroldojauregui@example.org','MM0ybSrm#o');
INSERT INTO perfiles (id, user_id, celular, DNI, nombre, apellidos, fecha_nacimiento, correo, contraseña) VALUES (57, 2673348,973234452,66676901,'Joel','Alfaro',TO_DATE('2003-11-25','YYYY-MM-DD'),'amarojulia@example.org','i@B604JzAy');
INSERT INTO perfiles (id, user_id, celular, DNI, nombre, apellidos, fecha_nacimiento, correo, contraseña) VALUES (58, 8224659,907098924,77200487,'Aarón','Franch',TO_DATE('1991-06-24','YYYY-MM-DD'),'leocadialinares@example.com','omeB6XxP(+');
INSERT INTO perfiles (id, user_id, celular, DNI, nombre, apellidos, fecha_nacimiento, correo, contraseña) VALUES (59, 7687375,944027262,80549785,'Julie','Casanovas',TO_DATE('1990-04-22','YYYY-MM-DD'),'rolando50@example.org','Y%#o+uYvJ8');
INSERT INTO perfiles (id, user_id, celular, DNI, nombre, apellidos, fecha_nacimiento, correo, contraseña) VALUES (60, 9157267,937441180,77568993,'Azahar','Cantón',TO_DATE('1996-12-09','YYYY-MM-DD'),'jimena26@example.com','I%R0HjqCL(');
INSERT INTO perfiles (id, user_id, celular, DNI, nombre, apellidos, fecha_nacimiento, correo, contraseña) VALUES (61, 6110476,969024138,63319804,'Pía','Pedrero',TO_DATE('2001-12-20','YYYY-MM-DD'),'maximino77@example.org','E$0f8PdDU*');
INSERT INTO perfiles (id, user_id, celular, DNI, nombre, apellidos, fecha_nacimiento, correo, contraseña) VALUES (62, 3166905,956900625,18317188,'Florencia','Pi',TO_DATE('1989-11-04','YYYY-MM-DD'),'amor56@example.net','#Jj5PAmdjp');
INSERT INTO perfiles (id, user_id, celular, DNI, nombre, apellidos, fecha_nacimiento, correo, contraseña) VALUES (63, 0633443,905311992,99340749,'Bruno','Coronado',TO_DATE('1990-03-12','YYYY-MM-DD'),'cpaniagua@example.net','jGnr7Jbs#K');
INSERT INTO perfiles (id, user_id, celular, DNI, nombre, apellidos, fecha_nacimiento, correo, contraseña) VALUES (64, 1493655,954019458,19357127,'Pepita','Crespo',TO_DATE('1967-06-28','YYYY-MM-DD'),'pcano@example.org','A^E2JrkxpZ');
INSERT INTO perfiles (id, user_id, celular, DNI, nombre, apellidos, fecha_nacimiento, correo, contraseña) VALUES (65, 1323190,962194635,37105722,'Gema','Viña',TO_DATE('1979-04-08','YYYY-MM-DD'),'upoza@example.com','*Q9GDDjCoE');
INSERT INTO perfiles (id, user_id, celular, DNI, nombre, apellidos, fecha_nacimiento, correo, contraseña) VALUES (66, 9503733,987856558,86655919,'Ruy','Marco',TO_DATE('1995-06-09','YYYY-MM-DD'),'campossalomon@example.net','D#9%%Giv)B');
INSERT INTO perfiles (id, user_id, celular, DNI, nombre, apellidos, fecha_nacimiento, correo, contraseña) VALUES (67, 1289030,997018847,94383376,'Samuel','Rodrigo',TO_DATE('1981-11-26','YYYY-MM-DD'),'valleodalys@example.com','1OL5Lzq%)+');
INSERT INTO perfiles (id, user_id, celular, DNI, nombre, apellidos, fecha_nacimiento, correo, contraseña) VALUES (68, 2218828,977075945,41435457,'Merche','Grande',TO_DATE('1985-09-28','YYYY-MM-DD'),'arteagamelania@example.com','AoX+Tg3l!3');
INSERT INTO perfiles (id, user_id, celular, DNI, nombre, apellidos, fecha_nacimiento, correo, contraseña) VALUES (69, 9634653,946882161,23839498,'Benigno','Pereira',TO_DATE('1997-09-04','YYYY-MM-DD'),'cecilio20@example.com','8mmEZOm^*G');
INSERT INTO perfiles (id, user_id, celular, DNI, nombre, apellidos, fecha_nacimiento, correo, contraseña) VALUES (70, 0450241,992573108,29083047,'Nilo','Cortina',TO_DATE('1991-05-12','YYYY-MM-DD'),'azconafabiola@example.net','YYuvZsbr#2');
INSERT INTO perfiles (id, user_id, celular, DNI, nombre, apellidos, fecha_nacimiento, correo, contraseña) VALUES (71, 6098983,919474388,57623821,'Juan Luis','Quintana',TO_DATE('1974-09-16','YYYY-MM-DD'),'medinaestrella@example.com','*6%UXh!D)');
INSERT INTO perfiles (id, user_id, celular, DNI, nombre, apellidos, fecha_nacimiento, correo, contraseña) VALUES (72, 7717611,992805801,10933835,'Obdulia','Morales',TO_DATE('1994-04-14','YYYY-MM-DD'),'lina90@example.org','#6B9!DIjl*');
INSERT INTO perfiles (id, user_id, celular, DNI, nombre, apellidos, fecha_nacimiento, correo, contraseña) VALUES (73, 1614582,900167599,21259617,'Íngrid','Vaquero',TO_DATE('1977-02-13','YYYY-MM-DD'),'amarilis96@example.net','#5O6tIBU@3');
INSERT INTO perfiles (id, user_id, celular, DNI, nombre, apellidos, fecha_nacimiento, correo, contraseña) VALUES (74, 0219868,998997997,68204808,'Pablo','Calleja',TO_DATE('2006-02-04','YYYY-MM-DD'),'hacero@example.org','%0Uf!9pOF');
INSERT INTO perfiles (id, user_id, celular, DNI, nombre, apellidos, fecha_nacimiento, correo, contraseña) VALUES (75, 1162988,925802464,74116352,'Lucio','Sastre',TO_DATE('2002-03-23','YYYY-MM-DD'),'mjerez@example.org','ZI6oNw1q@$');
INSERT INTO perfiles (id, user_id, celular, DNI, nombre, apellidos, fecha_nacimiento, correo, contraseña) VALUES (76, 8653304,948220080,51725976,'Carlos','Sancho',TO_DATE('1974-04-05','YYYY-MM-DD'),'rtorrecilla@example.org','f_0GVpui_');
INSERT INTO perfiles (id, user_id, celular, DNI, nombre, apellidos, fecha_nacimiento, correo, contraseña) VALUES (77, 8889451,992983735,51934819,'Osvaldo','Bonet',TO_DATE('1984-12-26','YYYY-MM-DD'),'ynunez@example.org','95KELqKO$!');
INSERT INTO perfiles (id, user_id, celular, DNI, nombre, apellidos, fecha_nacimiento, correo, contraseña) VALUES (78, 2379552,910637616,73180761,'Rogelio','Pombo',TO_DATE('1989-05-22','YYYY-MM-DD'),'atilio97@example.net','1ZSTele2!3');
INSERT INTO perfiles (id, user_id, celular, DNI, nombre, apellidos, fecha_nacimiento, correo, contraseña) VALUES (79, 2579211,945138220,43841482,'Susana','Andreu',TO_DATE('1971-10-06','YYYY-MM-DD'),'azaharaaranda@example.org','+l1KO3mfF6');
INSERT INTO perfiles (id, user_id, celular, DNI, nombre, apellidos, fecha_nacimiento, correo, contraseña) VALUES (80, 8686723,915042074,26522468,'Gastón','Palma',TO_DATE('1985-04-26','YYYY-MM-DD'),'vvalcarcel@example.com','D!6ZFHbvMr');
INSERT INTO perfiles (id, user_id, celular, DNI, nombre, apellidos, fecha_nacimiento, correo, contraseña) VALUES (81, 1068495,950983306,99537164,'Anselma','Moliner',TO_DATE('1994-05-18','YYYY-MM-DD'),'alealcalde@example.net','Lg8S_May@9');
INSERT INTO perfiles (id, user_id, celular, DNI, nombre, apellidos, fecha_nacimiento, correo, contraseña) VALUES (82, 3955149,985425382,11541182,'Chucho','Pozuelo',TO_DATE('1972-07-26','YYYY-MM-DD'),'floracarbajo@example.org','J6INIFMy^Q');
INSERT INTO perfiles (id, user_id, celular, DNI, nombre, apellidos, fecha_nacimiento, correo, contraseña) VALUES (83, 7638371,950023236,87951735,'Cecilia','Guerrero',TO_DATE('2000-09-20','YYYY-MM-DD'),'psoto@example.com','VV047DSu#W');
INSERT INTO perfiles (id, user_id, celular, DNI, nombre, apellidos, fecha_nacimiento, correo, contraseña) VALUES (84, 0323110,955887724,82715439,'Leandra','Juan',TO_DATE('2000-12-10','YYYY-MM-DD'),'kuribe@example.org','!24YXv8I#b');
INSERT INTO perfiles (id, user_id, celular, DNI, nombre, apellidos, fecha_nacimiento, correo, contraseña) VALUES (85, 4366571,917223657,67930322,'Severo','Catalán',TO_DATE('1990-10-23','YYYY-MM-DD'),'apoloniareal@example.org','w1zVYLyz^5');
INSERT INTO perfiles (id, user_id, celular, DNI, nombre, apellidos, fecha_nacimiento, correo, contraseña) VALUES (86, 5905043,971932223,48735307,'Paola','Cárdenas',TO_DATE('2003-01-10','YYYY-MM-DD'),'felicia35@example.com','QM@k02Ir8+');
INSERT INTO perfiles (id, user_id, celular, DNI, nombre, apellidos, fecha_nacimiento, correo, contraseña) VALUES (87, 5026658,972405815,71116871,'Ricarda','Álvarez',TO_DATE('1985-11-01','YYYY-MM-DD'),'durena@example.com','cW_98Hwcx4');
INSERT INTO perfiles (id, user_id, celular, DNI, nombre, apellidos, fecha_nacimiento, correo, contraseña) VALUES (88, 4812991,915677486,38233870,'Teresa','Romero',TO_DATE('1973-04-07','YYYY-MM-DD'),'marino79@example.net','BR#7s)Kq9p');
INSERT INTO perfiles (id, user_id, celular, DNI, nombre, apellidos, fecha_nacimiento, correo, contraseña) VALUES (89, 7155791,960415660,39597629,'Remedios','Heredia',TO_DATE('1966-04-04','YYYY-MM-DD'),'sarmientoanita@example.org','wv%20Kd3F(');
INSERT INTO perfiles (id, user_id, celular, DNI, nombre, apellidos, fecha_nacimiento, correo, contraseña) VALUES (90, 6840710,971600763,84931947,'Emperatriz','Manzanares',TO_DATE('2005-10-19','YYYY-MM-DD'),'elpidio80@example.org','ef)7AK!uSk');
INSERT INTO perfiles (id, user_id, celular, DNI, nombre, apellidos, fecha_nacimiento, correo, contraseña) VALUES (91, 2784496,913428326,67557356,'Celestina','Calleja',TO_DATE('1968-02-29','YYYY-MM-DD'),'herranzmiriam@example.org','Q!6Qx6t8bf');
INSERT INTO perfiles (id, user_id, celular, DNI, nombre, apellidos, fecha_nacimiento, correo, contraseña) VALUES (92, 2998482,953906577,53251034,'Loreto','Adán',TO_DATE('1987-08-29','YYYY-MM-DD'),'gabinoalmansa@example.org','*+6SayrK_N');
INSERT INTO perfiles (id, user_id, celular, DNI, nombre, apellidos, fecha_nacimiento, correo, contraseña) VALUES (93, 1480089,984731674,22565660,'Enrique','Belda',TO_DATE('1980-05-05','YYYY-MM-DD'),'jorgefiguerola@example.com','^CFJ1^Cm00');
INSERT INTO perfiles (id, user_id, celular, DNI, nombre, apellidos, fecha_nacimiento, correo, contraseña) VALUES (94, 8638800,939618117,29229962,'Soledad','Bru',TO_DATE('1995-09-10','YYYY-MM-DD'),'nicodemollanos@example.net','!0CEufpVI+');
INSERT INTO perfiles (id, user_id, celular, DNI, nombre, apellidos, fecha_nacimiento, correo, contraseña) VALUES (95, 5509370,913827673,27011018,'Isa','González',TO_DATE('1995-05-26','YYYY-MM-DD'),'julia92@example.com','oc3YLL(G_^');
INSERT INTO perfiles (id, user_id, celular, DNI, nombre, apellidos, fecha_nacimiento, correo, contraseña) VALUES (96, 4358717,965463645,52629762,'Débora','Soto',TO_DATE('1964-01-06','YYYY-MM-DD'),'sosatamara@example.net','ul%9Zp4X');
INSERT INTO perfiles (id, user_id, celular, DNI, nombre, apellidos, fecha_nacimiento, correo, contraseña) VALUES (97, 5759488,963790467,32310564,'Quirino','Tamarit',TO_DATE('2007-06-13','YYYY-MM-DD'),'jose-luismesa@example.org',')K%7SzM9!');
INSERT INTO perfiles (id, user_id, celular, DNI, nombre, apellidos, fecha_nacimiento, correo, contraseña) VALUES (98, 8382687,965038923,30010100,'José Manuel','Menéndez',TO_DATE('1984-09-02','YYYY-MM-DD'),'erasmo37@example.org','J)0Vw7Cs@T');
INSERT INTO perfiles (id, user_id, celular, DNI, nombre, apellidos, fecha_nacimiento, correo, contraseña) VALUES (99, 3945889,997120347,35054446,'Alfonso','Falcó',TO_DATE('1964-07-28','YYYY-MM-DD'),'claudia79@example.org','G%f7Z%cULh');
INSERT INTO perfiles (id, user_id, celular, DNI, nombre, apellidos, fecha_nacimiento, correo, contraseña) VALUES (100, 8118672,985218392,34474171,'Modesta','Soler',TO_DATE('1967-10-14','YYYY-MM-DD'),'cantonclaudio@example.net','!0ScX#pKs)');

-- 8 estaciones(si)


INSERT INTO estaciones (id, nombre, id_distrito) VALUES (1, 'Aliquid', 30);
INSERT INTO estaciones (id, nombre, id_distrito) VALUES (2, 'Consectetur', 26);
INSERT INTO estaciones (id, nombre, id_distrito) VALUES (3, 'Nostrum', 7);
INSERT INTO estaciones (id, nombre, id_distrito) VALUES (4, 'Itaque', 20);
INSERT INTO estaciones (id, nombre, id_distrito) VALUES (5, 'Reiciendis', 24);
INSERT INTO estaciones (id, nombre, id_distrito) VALUES (6, 'Quod', 11);
INSERT INTO estaciones (id, nombre, id_distrito) VALUES (7, 'Necessitatibus', 25);
INSERT INTO estaciones (id, nombre, id_distrito) VALUES (8, 'Esse', 3);
INSERT INTO estaciones (id, nombre, id_distrito) VALUES (9, 'Impedit', 12);
INSERT INTO estaciones (id, nombre, id_distrito) VALUES (10, 'Illo', 15);
INSERT INTO estaciones (id, nombre, id_distrito) VALUES (11, 'Blanditiis', 38);
INSERT INTO estaciones (id, nombre, id_distrito) VALUES (12, 'Veritatis', 24);
INSERT INTO estaciones (id, nombre, id_distrito) VALUES (13, 'Aliquam', 8);
INSERT INTO estaciones (id, nombre, id_distrito) VALUES (14, 'Distinctio', 1);
INSERT INTO estaciones (id, nombre, id_distrito) VALUES (15, 'Similique', 5);
INSERT INTO estaciones (id, nombre, id_distrito) VALUES (16, 'Aspernatur', 4);
INSERT INTO estaciones (id, nombre, id_distrito) VALUES (17, 'Culpa', 31);
INSERT INTO estaciones (id, nombre, id_distrito) VALUES (18, 'Vero', 10);
INSERT INTO estaciones (id, nombre, id_distrito) VALUES (19, 'Labore', 24);
INSERT INTO estaciones (id, nombre, id_distrito) VALUES (20, 'Sequi', 4);
INSERT INTO estaciones (id, nombre, id_distrito) VALUES (21, 'Eius', 29);
INSERT INTO estaciones (id, nombre, id_distrito) VALUES (22, 'Necessitatibus', 32);
INSERT INTO estaciones (id, nombre, id_distrito) VALUES (23, 'Aspernatur', 17);
INSERT INTO estaciones (id, nombre, id_distrito) VALUES (24, 'Maiores', 14);
INSERT INTO estaciones (id, nombre, id_distrito) VALUES (25, 'Voluptates', 5);
INSERT INTO estaciones (id, nombre, id_distrito) VALUES (26, 'Fuga', 36);
INSERT INTO estaciones (id, nombre, id_distrito) VALUES (27, 'Velit', 26);
INSERT INTO estaciones (id, nombre, id_distrito) VALUES (28, 'Natus', 10);
INSERT INTO estaciones (id, nombre, id_distrito) VALUES (29, 'A', 16);
INSERT INTO estaciones (id, nombre, id_distrito) VALUES (30, 'Ea', 41);
INSERT INTO estaciones (id, nombre, id_distrito) VALUES (31, 'Nam', 20);
INSERT INTO estaciones (id, nombre, id_distrito) VALUES (32, 'Nihil', 18);
INSERT INTO estaciones (id, nombre, id_distrito) VALUES (33, 'Nostrum', 17);
INSERT INTO estaciones (id, nombre, id_distrito) VALUES (34, 'Nostrum', 40);
INSERT INTO estaciones (id, nombre, id_distrito) VALUES (35, 'Porro', 19);
INSERT INTO estaciones (id, nombre, id_distrito) VALUES (36, 'Id', 7);
INSERT INTO estaciones (id, nombre, id_distrito) VALUES (37, 'Reiciendis', 41);
INSERT INTO estaciones (id, nombre, id_distrito) VALUES (38, 'Voluptatibus', 21);
INSERT INTO estaciones (id, nombre, id_distrito) VALUES (39, 'Magni', 42);
INSERT INTO estaciones (id, nombre, id_distrito) VALUES (40, 'Dolorem', 29);
INSERT INTO estaciones (id, nombre, id_distrito) VALUES (41, 'Voluptate', 22);
INSERT INTO estaciones (id, nombre, id_distrito) VALUES (42, 'Quia', 13);
INSERT INTO estaciones (id, nombre, id_distrito) VALUES (43, 'Voluptate', 26);
INSERT INTO estaciones (id, nombre, id_distrito) VALUES (44, 'Molestias', 38);
INSERT INTO estaciones (id, nombre, id_distrito) VALUES (45, 'Amet', 33);
INSERT INTO estaciones (id, nombre, id_distrito) VALUES (46, 'Delectus', 38);
INSERT INTO estaciones (id, nombre, id_distrito) VALUES (47, 'Earum', 24);
INSERT INTO estaciones (id, nombre, id_distrito) VALUES (48, 'Dolore', 7);
INSERT INTO estaciones (id, nombre, id_distrito) VALUES (49, 'Nulla', 23);
INSERT INTO estaciones (id, nombre, id_distrito) VALUES (50, 'Laudantium', 9);
INSERT INTO estaciones (id, nombre, id_distrito) VALUES (51, 'Fugit', 37);
INSERT INTO estaciones (id, nombre, id_distrito) VALUES (52, 'Dignissimos', 32);
INSERT INTO estaciones (id, nombre, id_distrito) VALUES (53, 'Aperiam', 29);
INSERT INTO estaciones (id, nombre, id_distrito) VALUES (54, 'Repellendus', 12);
INSERT INTO estaciones (id, nombre, id_distrito) VALUES (55, 'Eum', 22);
INSERT INTO estaciones (id, nombre, id_distrito) VALUES (56, 'Aspernatur', 37);
INSERT INTO estaciones (id, nombre, id_distrito) VALUES (57, 'Voluptate', 30);
INSERT INTO estaciones (id, nombre, id_distrito) VALUES (58, 'Veritatis', 21);
INSERT INTO estaciones (id, nombre, id_distrito) VALUES (59, 'Vel', 20);
INSERT INTO estaciones (id, nombre, id_distrito) VALUES (60, 'Accusamus', 28);
INSERT INTO estaciones (id, nombre, id_distrito) VALUES (61, 'Eaque', 31);
INSERT INTO estaciones (id, nombre, id_distrito) VALUES (62, 'Tenetur', 13);
INSERT INTO estaciones (id, nombre, id_distrito) VALUES (63, 'Quis', 38);
INSERT INTO estaciones (id, nombre, id_distrito) VALUES (64, 'Tenetur', 3);
INSERT INTO estaciones (id, nombre, id_distrito) VALUES (65, 'Tenetur', 5);
INSERT INTO estaciones (id, nombre, id_distrito) VALUES (66, 'Quisquam', 24);
INSERT INTO estaciones (id, nombre, id_distrito) VALUES (67, 'Id', 24);
INSERT INTO estaciones (id, nombre, id_distrito) VALUES (68, 'Cumque', 16);
INSERT INTO estaciones (id, nombre, id_distrito) VALUES (69, 'Quo', 21);
INSERT INTO estaciones (id, nombre, id_distrito) VALUES (70, 'Dolore', 21);
INSERT INTO estaciones (id, nombre, id_distrito) VALUES (71, 'Dolor', 36);
INSERT INTO estaciones (id, nombre, id_distrito) VALUES (72, 'Deleniti', 25);
INSERT INTO estaciones (id, nombre, id_distrito) VALUES (73, 'Facilis', 35);
INSERT INTO estaciones (id, nombre, id_distrito) VALUES (74, 'Exercitationem', 32);
INSERT INTO estaciones (id, nombre, id_distrito) VALUES (75, 'Eius', 32);
INSERT INTO estaciones (id, nombre, id_distrito) VALUES (76, 'Accusamus', 35);
INSERT INTO estaciones (id, nombre, id_distrito) VALUES (77, 'Rerum', 8);
INSERT INTO estaciones (id, nombre, id_distrito) VALUES (78, 'At', 16);
INSERT INTO estaciones (id, nombre, id_distrito) VALUES (79, 'Sed', 7);
INSERT INTO estaciones (id, nombre, id_distrito) VALUES (80, 'Similique', 4);
INSERT INTO estaciones (id, nombre, id_distrito) VALUES (81, 'Nulla', 37);
INSERT INTO estaciones (id, nombre, id_distrito) VALUES (82, 'Cumque', 38);
INSERT INTO estaciones (id, nombre, id_distrito) VALUES (83, 'Rerum', 27);
INSERT INTO estaciones (id, nombre, id_distrito) VALUES (84, 'Ullam', 6);
INSERT INTO estaciones (id, nombre, id_distrito) VALUES (85, 'Veritatis', 23);
INSERT INTO estaciones (id, nombre, id_distrito) VALUES (86, 'Non', 26);
INSERT INTO estaciones (id, nombre, id_distrito) VALUES (87, 'Incidunt', 16);
INSERT INTO estaciones (id, nombre, id_distrito) VALUES (88, 'Consequatur', 23);
INSERT INTO estaciones (id, nombre, id_distrito) VALUES (89, 'Totam', 3);
INSERT INTO estaciones (id, nombre, id_distrito) VALUES (90, 'Molestias', 27);
INSERT INTO estaciones (id, nombre, id_distrito) VALUES (91, 'Voluptatem', 27);
INSERT INTO estaciones (id, nombre, id_distrito) VALUES (92, 'Quod', 2);
INSERT INTO estaciones (id, nombre, id_distrito) VALUES (93, 'A', 35);
INSERT INTO estaciones (id, nombre, id_distrito) VALUES (94, 'Rerum', 38);
INSERT INTO estaciones (id, nombre, id_distrito) VALUES (95, 'Asperiores', 28);
INSERT INTO estaciones (id, nombre, id_distrito) VALUES (96, 'Cumque', 4);
INSERT INTO estaciones (id, nombre, id_distrito) VALUES (97, 'Eligendi', 38);
INSERT INTO estaciones (id, nombre, id_distrito) VALUES (98, 'Fugit', 21);
INSERT INTO estaciones (id, nombre, id_distrito) VALUES (99, 'Dolorum', 16);
INSERT INTO estaciones (id, nombre, id_distrito) VALUES (100, 'Eaque', 28);

-- 9 tarjetas corredor(si)

INSERT INTO tarjetas_corredor (id, id_tarjeta_fisica,saldo, id_perfil) VALUES (1, 98496762,0, 1);
INSERT INTO tarjetas_corredor (id, id_tarjeta_fisica,saldo, id_perfil) VALUES (2, 13319097,0, 2);
INSERT INTO tarjetas_corredor (id, id_tarjeta_fisica,saldo, id_perfil) VALUES (3, 59292009,0, 3);
INSERT INTO tarjetas_corredor (id, id_tarjeta_fisica,saldo, id_perfil) VALUES (4, 65692310,0, 4);
INSERT INTO tarjetas_corredor (id, id_tarjeta_fisica,saldo, id_perfil) VALUES (5, 65617116,0, 5);
INSERT INTO tarjetas_corredor (id, id_tarjeta_fisica,saldo, id_perfil) VALUES (6, 89280508,0, 6);
INSERT INTO tarjetas_corredor (id, id_tarjeta_fisica,saldo, id_perfil) VALUES (7, 13489687,0, 7);
INSERT INTO tarjetas_corredor (id, id_tarjeta_fisica,saldo, id_perfil) VALUES (8, 76858885,0, 8);
INSERT INTO tarjetas_corredor (id, id_tarjeta_fisica,saldo, id_perfil) VALUES (9, 48081255,0, 9);
INSERT INTO tarjetas_corredor (id, id_tarjeta_fisica,saldo, id_perfil) VALUES (10, 68996114,0, 10);
INSERT INTO tarjetas_corredor (id, id_tarjeta_fisica,saldo, id_perfil) VALUES (11, 22652515,0, 11);
INSERT INTO tarjetas_corredor (id, id_tarjeta_fisica,saldo, id_perfil) VALUES (12, 95064774,0, 12);
INSERT INTO tarjetas_corredor (id, id_tarjeta_fisica,saldo, id_perfil) VALUES (13, 51305639,0, 13);
INSERT INTO tarjetas_corredor (id, id_tarjeta_fisica,saldo, id_perfil) VALUES (14, 39036564,0, 14);
INSERT INTO tarjetas_corredor (id, id_tarjeta_fisica,saldo, id_perfil) VALUES (15, 51193256,0, 15);
INSERT INTO tarjetas_corredor (id, id_tarjeta_fisica,saldo, id_perfil) VALUES (16, 86232417,0, 16);
INSERT INTO tarjetas_corredor (id, id_tarjeta_fisica,saldo, id_perfil) VALUES (17, 17214463,0, 17);
INSERT INTO tarjetas_corredor (id, id_tarjeta_fisica,saldo, id_perfil) VALUES (18, 68236551,0, 18);
INSERT INTO tarjetas_corredor (id, id_tarjeta_fisica,saldo, id_perfil) VALUES (19, 19528680,0, 19);
INSERT INTO tarjetas_corredor (id, id_tarjeta_fisica,saldo, id_perfil) VALUES (20, 62652672,0, 20);
INSERT INTO tarjetas_corredor (id, id_tarjeta_fisica,saldo, id_perfil) VALUES (21, 10455843,0, 21);
INSERT INTO tarjetas_corredor (id, id_tarjeta_fisica,saldo, id_perfil) VALUES (22, 53056080,0, 22);
INSERT INTO tarjetas_corredor (id, id_tarjeta_fisica,saldo, id_perfil) VALUES (23, 51662216,0, 23);
INSERT INTO tarjetas_corredor (id, id_tarjeta_fisica,saldo, id_perfil) VALUES (24, 39174463,0, 24);
INSERT INTO tarjetas_corredor (id, id_tarjeta_fisica,saldo, id_perfil) VALUES (25, 63458912,0, 25);
INSERT INTO tarjetas_corredor (id, id_tarjeta_fisica,saldo, id_perfil) VALUES (26, 80994673,0, 26);
INSERT INTO tarjetas_corredor (id, id_tarjeta_fisica,saldo, id_perfil) VALUES (27, 22004410,0, 27);
INSERT INTO tarjetas_corredor (id, id_tarjeta_fisica,saldo, id_perfil) VALUES (28, 58936416,0, 28);
INSERT INTO tarjetas_corredor (id, id_tarjeta_fisica,saldo, id_perfil) VALUES (29, 03665425,0, 29);
INSERT INTO tarjetas_corredor (id, id_tarjeta_fisica,saldo, id_perfil) VALUES (30, 12743514,0, 30);
INSERT INTO tarjetas_corredor (id, id_tarjeta_fisica,saldo, id_perfil) VALUES (31, 67144075,0, 31);
INSERT INTO tarjetas_corredor (id, id_tarjeta_fisica,saldo, id_perfil) VALUES (32, 86002225,0, 32);
INSERT INTO tarjetas_corredor (id, id_tarjeta_fisica,saldo, id_perfil) VALUES (33, 49593851,0, 33);
INSERT INTO tarjetas_corredor (id, id_tarjeta_fisica,saldo, id_perfil) VALUES (34, 41648257,0, 34);
INSERT INTO tarjetas_corredor (id, id_tarjeta_fisica,saldo, id_perfil) VALUES (35, 90264031,0, 35);
INSERT INTO tarjetas_corredor (id, id_tarjeta_fisica,saldo, id_perfil) VALUES (36, 54281084,0, 36);
INSERT INTO tarjetas_corredor (id, id_tarjeta_fisica,saldo, id_perfil) VALUES (37, 22173873,0, 37);
INSERT INTO tarjetas_corredor (id, id_tarjeta_fisica,saldo, id_perfil) VALUES (38, 20349867,0, 38);
INSERT INTO tarjetas_corredor (id, id_tarjeta_fisica,saldo, id_perfil) VALUES (39, 74685876,0, 39);
INSERT INTO tarjetas_corredor (id, id_tarjeta_fisica,saldo, id_perfil) VALUES (40, 75451806,0, 40);
INSERT INTO tarjetas_corredor (id, id_tarjeta_fisica,saldo, id_perfil) VALUES (41, 35384178,0, 41);
INSERT INTO tarjetas_corredor (id, id_tarjeta_fisica,saldo, id_perfil) VALUES (42, 24788795,0, 42);
INSERT INTO tarjetas_corredor (id, id_tarjeta_fisica,saldo, id_perfil) VALUES (43, 45400261,0, 43);
INSERT INTO tarjetas_corredor (id, id_tarjeta_fisica,saldo, id_perfil) VALUES (44, 66365353,0, 44);
INSERT INTO tarjetas_corredor (id, id_tarjeta_fisica,saldo, id_perfil) VALUES (45, 63499473,0, 45);
INSERT INTO tarjetas_corredor (id, id_tarjeta_fisica,saldo, id_perfil) VALUES (46, 84665415,0, 46);
INSERT INTO tarjetas_corredor (id, id_tarjeta_fisica,saldo, id_perfil) VALUES (47, 63945032,0, 47);
INSERT INTO tarjetas_corredor (id, id_tarjeta_fisica,saldo, id_perfil) VALUES (48, 80937135,0, 48);
INSERT INTO tarjetas_corredor (id, id_tarjeta_fisica,saldo, id_perfil) VALUES (49, 46238364,0, 49);
INSERT INTO tarjetas_corredor (id, id_tarjeta_fisica,saldo, id_perfil) VALUES (50, 59967474,0, 50);
INSERT INTO tarjetas_corredor (id, id_tarjeta_fisica,saldo, id_perfil) VALUES (51, 75198700,0, 51);
INSERT INTO tarjetas_corredor (id, id_tarjeta_fisica,saldo, id_perfil) VALUES (52, 41452124,0, 52);
INSERT INTO tarjetas_corredor (id, id_tarjeta_fisica,saldo, id_perfil) VALUES (53, 34435290,0, 53);
INSERT INTO tarjetas_corredor (id, id_tarjeta_fisica,saldo, id_perfil) VALUES (54, 65224246,0, 54);
INSERT INTO tarjetas_corredor (id, id_tarjeta_fisica,saldo, id_perfil) VALUES (55, 98464996,0, 55);
INSERT INTO tarjetas_corredor (id, id_tarjeta_fisica,saldo, id_perfil) VALUES (56, 47048813,0, 56);
INSERT INTO tarjetas_corredor (id, id_tarjeta_fisica,saldo, id_perfil) VALUES (57, 80969845,0, 57);
INSERT INTO tarjetas_corredor (id, id_tarjeta_fisica,saldo, id_perfil) VALUES (58, 83931654,0, 58);
INSERT INTO tarjetas_corredor (id, id_tarjeta_fisica,saldo, id_perfil) VALUES (59, 04617854,0, 59);
INSERT INTO tarjetas_corredor (id, id_tarjeta_fisica,saldo, id_perfil) VALUES (60, 91451919,0, 60);
INSERT INTO tarjetas_corredor (id, id_tarjeta_fisica,saldo, id_perfil) VALUES (61, 27926550,0, 61);
INSERT INTO tarjetas_corredor (id, id_tarjeta_fisica,saldo, id_perfil) VALUES (62, 13702032,0, 62);
INSERT INTO tarjetas_corredor (id, id_tarjeta_fisica,saldo, id_perfil) VALUES (63, 39038591,0, 63);
INSERT INTO tarjetas_corredor (id, id_tarjeta_fisica,saldo, id_perfil) VALUES (64, 97905126,0, 64);
INSERT INTO tarjetas_corredor (id, id_tarjeta_fisica,saldo, id_perfil) VALUES (65, 87966230,0, 65);
INSERT INTO tarjetas_corredor (id, id_tarjeta_fisica,saldo, id_perfil) VALUES (66, 17844204,0, 66);
INSERT INTO tarjetas_corredor (id, id_tarjeta_fisica,saldo, id_perfil) VALUES (67, 79083774,0, 67);
INSERT INTO tarjetas_corredor (id, id_tarjeta_fisica,saldo, id_perfil) VALUES (68, 86622429,0, 68);
INSERT INTO tarjetas_corredor (id, id_tarjeta_fisica,saldo, id_perfil) VALUES (69, 86432951,0, 69);
INSERT INTO tarjetas_corredor (id, id_tarjeta_fisica,saldo, id_perfil) VALUES (70, 75083943,0, 70);
INSERT INTO tarjetas_corredor (id, id_tarjeta_fisica,saldo, id_perfil) VALUES (71, 09935338,0, 71);
INSERT INTO tarjetas_corredor (id, id_tarjeta_fisica,saldo, id_perfil) VALUES (72, 71587617,0, 72);
INSERT INTO tarjetas_corredor (id, id_tarjeta_fisica,saldo, id_perfil) VALUES (73, 74248036,0, 73);
INSERT INTO tarjetas_corredor (id, id_tarjeta_fisica,saldo, id_perfil) VALUES (74, 07014088,0, 74);
INSERT INTO tarjetas_corredor (id, id_tarjeta_fisica,saldo, id_perfil) VALUES (75, 47655409,0, 75);
INSERT INTO tarjetas_corredor (id, id_tarjeta_fisica,saldo, id_perfil) VALUES (76, 58834723,0, 76);
INSERT INTO tarjetas_corredor (id, id_tarjeta_fisica,saldo, id_perfil) VALUES (77, 39138786,0, 77);
INSERT INTO tarjetas_corredor (id, id_tarjeta_fisica,saldo, id_perfil) VALUES (78, 26821397,0, 78);
INSERT INTO tarjetas_corredor (id, id_tarjeta_fisica,saldo, id_perfil) VALUES (79, 18780665,0, 79);
INSERT INTO tarjetas_corredor (id, id_tarjeta_fisica,saldo, id_perfil) VALUES (80, 26011327,0, 80);
INSERT INTO tarjetas_corredor (id, id_tarjeta_fisica,saldo, id_perfil) VALUES (81, 33122699,0, 81);
INSERT INTO tarjetas_corredor (id, id_tarjeta_fisica,saldo, id_perfil) VALUES (82, 76947379,0, 82);
INSERT INTO tarjetas_corredor (id, id_tarjeta_fisica,saldo, id_perfil) VALUES (83, 23266811,0, 83);
INSERT INTO tarjetas_corredor (id, id_tarjeta_fisica,saldo, id_perfil) VALUES (84, 48257454,0, 84);
INSERT INTO tarjetas_corredor (id, id_tarjeta_fisica,saldo, id_perfil) VALUES (85, 52168022,0, 85);
INSERT INTO tarjetas_corredor (id, id_tarjeta_fisica,saldo, id_perfil) VALUES (86, 25086379,0, 86);
INSERT INTO tarjetas_corredor (id, id_tarjeta_fisica,saldo, id_perfil) VALUES (87, 82237936,0, 87);
INSERT INTO tarjetas_corredor (id, id_tarjeta_fisica,saldo, id_perfil) VALUES (88, 26142472,0, 88);
INSERT INTO tarjetas_corredor (id, id_tarjeta_fisica,saldo, id_perfil) VALUES (89, 46768060,0, 89);
INSERT INTO tarjetas_corredor (id, id_tarjeta_fisica,saldo, id_perfil) VALUES (90, 16172758,0, 90);
INSERT INTO tarjetas_corredor (id, id_tarjeta_fisica,saldo, id_perfil) VALUES (91, 25767189,0, 91);
INSERT INTO tarjetas_corredor (id, id_tarjeta_fisica,saldo, id_perfil) VALUES (92, 24125848,0, 92);
INSERT INTO tarjetas_corredor (id, id_tarjeta_fisica,saldo, id_perfil) VALUES (93, 01206609,0, 93);
INSERT INTO tarjetas_corredor (id, id_tarjeta_fisica,saldo, id_perfil) VALUES (94, 25141398,0, 94);
INSERT INTO tarjetas_corredor (id, id_tarjeta_fisica,saldo, id_perfil) VALUES (95, 29011998,0, 95);
INSERT INTO tarjetas_corredor (id, id_tarjeta_fisica,saldo, id_perfil) VALUES (96, 95115425,0, 96);
INSERT INTO tarjetas_corredor (id, id_tarjeta_fisica,saldo, id_perfil) VALUES (97, 02693048,0, 97);
INSERT INTO tarjetas_corredor (id, id_tarjeta_fisica,saldo, id_perfil) VALUES (98, 07871101,0, 98);
INSERT INTO tarjetas_corredor (id, id_tarjeta_fisica,saldo, id_perfil) VALUES (99, 83250808,0, 99);
INSERT INTO tarjetas_corredor (id, id_tarjeta_fisica,saldo, id_perfil) VALUES (100, 19289782,0, 100);
-- 10 metodos de pago(si)

INSERT INTO metodo_pagos (id, id_banco, id_perfil) VALUES (1, 1, 1);
INSERT INTO metodo_pagos (id, id_banco, id_perfil) VALUES (2, 1, 2);
INSERT INTO metodo_pagos (id, id_banco, id_perfil) VALUES (3, 12, 3);
INSERT INTO metodo_pagos (id, id_banco, id_perfil) VALUES (4, 10, 4);
INSERT INTO metodo_pagos (id, id_banco, id_perfil) VALUES (5, 11, 5);
INSERT INTO metodo_pagos (id, id_banco, id_perfil) VALUES (6, 6, 6);
INSERT INTO metodo_pagos (id, id_banco, id_perfil) VALUES (7, 4, 7);
INSERT INTO metodo_pagos (id, id_banco, id_perfil) VALUES (8, 9, 8);
INSERT INTO metodo_pagos (id, id_banco, id_perfil) VALUES (9, 9, 9);
INSERT INTO metodo_pagos (id, id_banco, id_perfil) VALUES (10, 13, 10);
INSERT INTO metodo_pagos (id, id_banco, id_perfil) VALUES (11, 13, 11);
INSERT INTO metodo_pagos (id, id_banco, id_perfil) VALUES (12, 14, 12);
INSERT INTO metodo_pagos (id, id_banco, id_perfil) VALUES (13, 2, 13);
INSERT INTO metodo_pagos (id, id_banco, id_perfil) VALUES (14, 6, 14);
INSERT INTO metodo_pagos (id, id_banco, id_perfil) VALUES (15, 11, 15);
INSERT INTO metodo_pagos (id, id_banco, id_perfil) VALUES (16, 7, 16);
INSERT INTO metodo_pagos (id, id_banco, id_perfil) VALUES (17, 2, 17);
INSERT INTO metodo_pagos (id, id_banco, id_perfil) VALUES (18, 2, 18);
INSERT INTO metodo_pagos (id, id_banco, id_perfil) VALUES (19, 15, 19);
INSERT INTO metodo_pagos (id, id_banco, id_perfil) VALUES (20, 14, 20);
INSERT INTO metodo_pagos (id, id_banco, id_perfil) VALUES (21, 1, 21);
INSERT INTO metodo_pagos (id, id_banco, id_perfil) VALUES (22, 2, 22);
INSERT INTO metodo_pagos (id, id_banco, id_perfil) VALUES (23, 8, 23);
INSERT INTO metodo_pagos (id, id_banco, id_perfil) VALUES (24, 13, 24);
INSERT INTO metodo_pagos (id, id_banco, id_perfil) VALUES (25, 10, 25);
INSERT INTO metodo_pagos (id, id_banco, id_perfil) VALUES (26, 6, 26);
INSERT INTO metodo_pagos (id, id_banco, id_perfil) VALUES (27, 4, 27);
INSERT INTO metodo_pagos (id, id_banco, id_perfil) VALUES (28, 9, 28);
INSERT INTO metodo_pagos (id, id_banco, id_perfil) VALUES (29, 8, 29);
INSERT INTO metodo_pagos (id, id_banco, id_perfil) VALUES (30, 10, 30);
INSERT INTO metodo_pagos (id, id_banco, id_perfil) VALUES (31, 13, 31);
INSERT INTO metodo_pagos (id, id_banco, id_perfil) VALUES (32, 15, 32);
INSERT INTO metodo_pagos (id, id_banco, id_perfil) VALUES (33, 1, 33);
INSERT INTO metodo_pagos (id, id_banco, id_perfil) VALUES (34, 4, 34);
INSERT INTO metodo_pagos (id, id_banco, id_perfil) VALUES (35, 3, 35);
INSERT INTO metodo_pagos (id, id_banco, id_perfil) VALUES (36, 6, 36);
INSERT INTO metodo_pagos (id, id_banco, id_perfil) VALUES (37, 8, 37);
INSERT INTO metodo_pagos (id, id_banco, id_perfil) VALUES (38, 13, 38);
INSERT INTO metodo_pagos (id, id_banco, id_perfil) VALUES (39, 15, 39);
INSERT INTO metodo_pagos (id, id_banco, id_perfil) VALUES (40, 6, 40);
INSERT INTO metodo_pagos (id, id_banco, id_perfil) VALUES (41, 1, 41);
INSERT INTO metodo_pagos (id, id_banco, id_perfil) VALUES (42, 9, 42);
INSERT INTO metodo_pagos (id, id_banco, id_perfil) VALUES (43, 1, 43);
INSERT INTO metodo_pagos (id, id_banco, id_perfil) VALUES (44, 2, 44);
INSERT INTO metodo_pagos (id, id_banco, id_perfil) VALUES (45, 7, 45);
INSERT INTO metodo_pagos (id, id_banco, id_perfil) VALUES (46, 13, 46);
INSERT INTO metodo_pagos (id, id_banco, id_perfil) VALUES (47, 5, 47);
INSERT INTO metodo_pagos (id, id_banco, id_perfil) VALUES (48, 14, 48);
INSERT INTO metodo_pagos (id, id_banco, id_perfil) VALUES (49, 5, 49);
INSERT INTO metodo_pagos (id, id_banco, id_perfil) VALUES (50, 8, 50);
INSERT INTO metodo_pagos (id, id_banco, id_perfil) VALUES (51, 15, 51);
INSERT INTO metodo_pagos (id, id_banco, id_perfil) VALUES (52, 9, 52);
INSERT INTO metodo_pagos (id, id_banco, id_perfil) VALUES (53, 12, 53);
INSERT INTO metodo_pagos (id, id_banco, id_perfil) VALUES (54, 15, 54);
INSERT INTO metodo_pagos (id, id_banco, id_perfil) VALUES (55, 13, 55);
INSERT INTO metodo_pagos (id, id_banco, id_perfil) VALUES (56, 11, 56);
INSERT INTO metodo_pagos (id, id_banco, id_perfil) VALUES (57, 14, 57);
INSERT INTO metodo_pagos (id, id_banco, id_perfil) VALUES (58, 12, 58);
INSERT INTO metodo_pagos (id, id_banco, id_perfil) VALUES (59, 2, 59);
INSERT INTO metodo_pagos (id, id_banco, id_perfil) VALUES (60, 1, 60);
INSERT INTO metodo_pagos (id, id_banco, id_perfil) VALUES (61, 3, 61);
INSERT INTO metodo_pagos (id, id_banco, id_perfil) VALUES (62, 4, 62);
INSERT INTO metodo_pagos (id, id_banco, id_perfil) VALUES (63, 5, 63);
INSERT INTO metodo_pagos (id, id_banco, id_perfil) VALUES (64, 4, 64);
INSERT INTO metodo_pagos (id, id_banco, id_perfil) VALUES (65, 6, 65);
INSERT INTO metodo_pagos (id, id_banco, id_perfil) VALUES (66, 4, 66);
INSERT INTO metodo_pagos (id, id_banco, id_perfil) VALUES (67, 11, 67);
INSERT INTO metodo_pagos (id, id_banco, id_perfil) VALUES (68, 9, 68);
INSERT INTO metodo_pagos (id, id_banco, id_perfil) VALUES (69, 15, 69);
INSERT INTO metodo_pagos (id, id_banco, id_perfil) VALUES (70, 11, 70);
INSERT INTO metodo_pagos (id, id_banco, id_perfil) VALUES (71, 8, 71);
INSERT INTO metodo_pagos (id, id_banco, id_perfil) VALUES (72, 1, 72);
INSERT INTO metodo_pagos (id, id_banco, id_perfil) VALUES (73, 11, 73);
INSERT INTO metodo_pagos (id, id_banco, id_perfil) VALUES (74, 8, 74);
INSERT INTO metodo_pagos (id, id_banco, id_perfil) VALUES (75, 12, 75);
INSERT INTO metodo_pagos (id, id_banco, id_perfil) VALUES (76, 15, 76);
INSERT INTO metodo_pagos (id, id_banco, id_perfil) VALUES (77, 3, 77);
INSERT INTO metodo_pagos (id, id_banco, id_perfil) VALUES (78, 4, 78);
INSERT INTO metodo_pagos (id, id_banco, id_perfil) VALUES (79, 6, 79);
INSERT INTO metodo_pagos (id, id_banco, id_perfil) VALUES (80, 4, 80);
INSERT INTO metodo_pagos (id, id_banco, id_perfil) VALUES (81, 10, 81);
INSERT INTO metodo_pagos (id, id_banco, id_perfil) VALUES (82, 9, 82);
INSERT INTO metodo_pagos (id, id_banco, id_perfil) VALUES (83, 12, 83);
INSERT INTO metodo_pagos (id, id_banco, id_perfil) VALUES (84, 4, 84);
INSERT INTO metodo_pagos (id, id_banco, id_perfil) VALUES (85, 6, 85);
INSERT INTO metodo_pagos (id, id_banco, id_perfil) VALUES (86, 14, 86);
INSERT INTO metodo_pagos (id, id_banco, id_perfil) VALUES (87, 2, 87);
INSERT INTO metodo_pagos (id, id_banco, id_perfil) VALUES (88, 12, 88);
INSERT INTO metodo_pagos (id, id_banco, id_perfil) VALUES (89, 12, 89);
INSERT INTO metodo_pagos (id, id_banco, id_perfil) VALUES (90, 6, 90);
INSERT INTO metodo_pagos (id, id_banco, id_perfil) VALUES (91, 12, 91);
INSERT INTO metodo_pagos (id, id_banco, id_perfil) VALUES (92, 15, 92);
INSERT INTO metodo_pagos (id, id_banco, id_perfil) VALUES (93, 11, 93);
INSERT INTO metodo_pagos (id, id_banco, id_perfil) VALUES (94, 3, 94);
INSERT INTO metodo_pagos (id, id_banco, id_perfil) VALUES (95, 8, 95);
INSERT INTO metodo_pagos (id, id_banco, id_perfil) VALUES (96, 5, 96);
INSERT INTO metodo_pagos (id, id_banco, id_perfil) VALUES (97, 14, 97);
INSERT INTO metodo_pagos (id, id_banco, id_perfil) VALUES (98, 6, 98);
INSERT INTO metodo_pagos (id, id_banco, id_perfil) VALUES (99, 5, 99);
INSERT INTO metodo_pagos (id, id_banco, id_perfil) VALUES (100, 7, 100);

-- 11 tarjetas univesitaio(si)

INSERT INTO tarjetas_universitarios (id, id_tarjeta_corredor, id_alumno) VALUES (1, 66, 71);
INSERT INTO tarjetas_universitarios (id, id_tarjeta_corredor, id_alumno) VALUES (2, 34, 88);
INSERT INTO tarjetas_universitarios (id, id_tarjeta_corredor, id_alumno) VALUES (3, 50, 54);
INSERT INTO tarjetas_universitarios (id, id_tarjeta_corredor, id_alumno) VALUES (4, 93, 59);
INSERT INTO tarjetas_universitarios (id, id_tarjeta_corredor, id_alumno) VALUES (5, 99, 76);
INSERT INTO tarjetas_universitarios (id, id_tarjeta_corredor, id_alumno) VALUES (6, 50, 95);
INSERT INTO tarjetas_universitarios (id, id_tarjeta_corredor, id_alumno) VALUES (7, 12, 9);
INSERT INTO tarjetas_universitarios (id, id_tarjeta_corredor, id_alumno) VALUES (8, 22, 19);
INSERT INTO tarjetas_universitarios (id, id_tarjeta_corredor, id_alumno) VALUES (9, 93, 76);
INSERT INTO tarjetas_universitarios (id, id_tarjeta_corredor, id_alumno) VALUES (10, 86, 61);
INSERT INTO tarjetas_universitarios (id, id_tarjeta_corredor, id_alumno) VALUES (11, 1, 64);
INSERT INTO tarjetas_universitarios (id, id_tarjeta_corredor, id_alumno) VALUES (12, 87, 18);
INSERT INTO tarjetas_universitarios (id, id_tarjeta_corredor, id_alumno) VALUES (13, 85, 4);
INSERT INTO tarjetas_universitarios (id, id_tarjeta_corredor, id_alumno) VALUES (14, 22, 54);
INSERT INTO tarjetas_universitarios (id, id_tarjeta_corredor, id_alumno) VALUES (15, 41, 11);
INSERT INTO tarjetas_universitarios (id, id_tarjeta_corredor, id_alumno) VALUES (16, 6, 78);
INSERT INTO tarjetas_universitarios (id, id_tarjeta_corredor, id_alumno) VALUES (17, 8, 66);
INSERT INTO tarjetas_universitarios (id, id_tarjeta_corredor, id_alumno) VALUES (18, 20, 87);
INSERT INTO tarjetas_universitarios (id, id_tarjeta_corredor, id_alumno) VALUES (19, 31, 89);
INSERT INTO tarjetas_universitarios (id, id_tarjeta_corredor, id_alumno) VALUES (20, 57, 93);
INSERT INTO tarjetas_universitarios (id, id_tarjeta_corredor, id_alumno) VALUES (21, 26, 4);
INSERT INTO tarjetas_universitarios (id, id_tarjeta_corredor, id_alumno) VALUES (22, 88, 82);
INSERT INTO tarjetas_universitarios (id, id_tarjeta_corredor, id_alumno) VALUES (23, 50, 91);
INSERT INTO tarjetas_universitarios (id, id_tarjeta_corredor, id_alumno) VALUES (24, 29, 63);
INSERT INTO tarjetas_universitarios (id, id_tarjeta_corredor, id_alumno) VALUES (25, 9, 69);
INSERT INTO tarjetas_universitarios (id, id_tarjeta_corredor, id_alumno) VALUES (26, 12, 1);
INSERT INTO tarjetas_universitarios (id, id_tarjeta_corredor, id_alumno) VALUES (27, 1, 56);
INSERT INTO tarjetas_universitarios (id, id_tarjeta_corredor, id_alumno) VALUES (28, 82, 32);
INSERT INTO tarjetas_universitarios (id, id_tarjeta_corredor, id_alumno) VALUES (29, 3, 63);
INSERT INTO tarjetas_universitarios (id, id_tarjeta_corredor, id_alumno) VALUES (30, 89, 57);
INSERT INTO tarjetas_universitarios (id, id_tarjeta_corredor, id_alumno) VALUES (31, 97, 28);
INSERT INTO tarjetas_universitarios (id, id_tarjeta_corredor, id_alumno) VALUES (32, 36, 30);
INSERT INTO tarjetas_universitarios (id, id_tarjeta_corredor, id_alumno) VALUES (33, 31, 67);
INSERT INTO tarjetas_universitarios (id, id_tarjeta_corredor, id_alumno) VALUES (34, 57, 89);
INSERT INTO tarjetas_universitarios (id, id_tarjeta_corredor, id_alumno) VALUES (35, 98, 16);
INSERT INTO tarjetas_universitarios (id, id_tarjeta_corredor, id_alumno) VALUES (36, 90, 100);
INSERT INTO tarjetas_universitarios (id, id_tarjeta_corredor, id_alumno) VALUES (37, 28, 14);
INSERT INTO tarjetas_universitarios (id, id_tarjeta_corredor, id_alumno) VALUES (38, 79, 24);
INSERT INTO tarjetas_universitarios (id, id_tarjeta_corredor, id_alumno) VALUES (39, 64, 39);
INSERT INTO tarjetas_universitarios (id, id_tarjeta_corredor, id_alumno) VALUES (40, 64, 67);
INSERT INTO tarjetas_universitarios (id, id_tarjeta_corredor, id_alumno) VALUES (41, 100, 79);
INSERT INTO tarjetas_universitarios (id, id_tarjeta_corredor, id_alumno) VALUES (42, 53, 39);
INSERT INTO tarjetas_universitarios (id, id_tarjeta_corredor, id_alumno) VALUES (43, 94, 33);
INSERT INTO tarjetas_universitarios (id, id_tarjeta_corredor, id_alumno) VALUES (44, 44, 24);
INSERT INTO tarjetas_universitarios (id, id_tarjeta_corredor, id_alumno) VALUES (45, 19, 74);
INSERT INTO tarjetas_universitarios (id, id_tarjeta_corredor, id_alumno) VALUES (46, 38, 10);
INSERT INTO tarjetas_universitarios (id, id_tarjeta_corredor, id_alumno) VALUES (47, 72, 61);
INSERT INTO tarjetas_universitarios (id, id_tarjeta_corredor, id_alumno) VALUES (48, 54, 83);
INSERT INTO tarjetas_universitarios (id, id_tarjeta_corredor, id_alumno) VALUES (49, 59, 64);
INSERT INTO tarjetas_universitarios (id, id_tarjeta_corredor, id_alumno) VALUES (50, 47, 46);
INSERT INTO tarjetas_universitarios (id, id_tarjeta_corredor, id_alumno) VALUES (51, 78, 12);
INSERT INTO tarjetas_universitarios (id, id_tarjeta_corredor, id_alumno) VALUES (52, 28, 77);
INSERT INTO tarjetas_universitarios (id, id_tarjeta_corredor, id_alumno) VALUES (53, 46, 55);
INSERT INTO tarjetas_universitarios (id, id_tarjeta_corredor, id_alumno) VALUES (54, 41, 97);
INSERT INTO tarjetas_universitarios (id, id_tarjeta_corredor, id_alumno) VALUES (55, 9, 92);
INSERT INTO tarjetas_universitarios (id, id_tarjeta_corredor, id_alumno) VALUES (56, 82, 91);
INSERT INTO tarjetas_universitarios (id, id_tarjeta_corredor, id_alumno) VALUES (57, 72, 12);
INSERT INTO tarjetas_universitarios (id, id_tarjeta_corredor, id_alumno) VALUES (58, 73, 97);
INSERT INTO tarjetas_universitarios (id, id_tarjeta_corredor, id_alumno) VALUES (59, 73, 41);
INSERT INTO tarjetas_universitarios (id, id_tarjeta_corredor, id_alumno) VALUES (60, 7, 61);
INSERT INTO tarjetas_universitarios (id, id_tarjeta_corredor, id_alumno) VALUES (61, 38, 47);
INSERT INTO tarjetas_universitarios (id, id_tarjeta_corredor, id_alumno) VALUES (62, 85, 28);
INSERT INTO tarjetas_universitarios (id, id_tarjeta_corredor, id_alumno) VALUES (63, 45, 55);
INSERT INTO tarjetas_universitarios (id, id_tarjeta_corredor, id_alumno) VALUES (64, 67, 44);
INSERT INTO tarjetas_universitarios (id, id_tarjeta_corredor, id_alumno) VALUES (65, 34, 87);
INSERT INTO tarjetas_universitarios (id, id_tarjeta_corredor, id_alumno) VALUES (66, 79, 2);
INSERT INTO tarjetas_universitarios (id, id_tarjeta_corredor, id_alumno) VALUES (67, 22, 47);
INSERT INTO tarjetas_universitarios (id, id_tarjeta_corredor, id_alumno) VALUES (68, 52, 57);
INSERT INTO tarjetas_universitarios (id, id_tarjeta_corredor, id_alumno) VALUES (69, 84, 61);
INSERT INTO tarjetas_universitarios (id, id_tarjeta_corredor, id_alumno) VALUES (70, 26, 81);
INSERT INTO tarjetas_universitarios (id, id_tarjeta_corredor, id_alumno) VALUES (71, 67, 32);
INSERT INTO tarjetas_universitarios (id, id_tarjeta_corredor, id_alumno) VALUES (72, 8, 98);
INSERT INTO tarjetas_universitarios (id, id_tarjeta_corredor, id_alumno) VALUES (73, 92, 23);
INSERT INTO tarjetas_universitarios (id, id_tarjeta_corredor, id_alumno) VALUES (74, 47, 80);
INSERT INTO tarjetas_universitarios (id, id_tarjeta_corredor, id_alumno) VALUES (75, 78, 73);
INSERT INTO tarjetas_universitarios (id, id_tarjeta_corredor, id_alumno) VALUES (76, 88, 36);
INSERT INTO tarjetas_universitarios (id, id_tarjeta_corredor, id_alumno) VALUES (77, 29, 3);
INSERT INTO tarjetas_universitarios (id, id_tarjeta_corredor, id_alumno) VALUES (78, 14, 88);
INSERT INTO tarjetas_universitarios (id, id_tarjeta_corredor, id_alumno) VALUES (79, 93, 99);
INSERT INTO tarjetas_universitarios (id, id_tarjeta_corredor, id_alumno) VALUES (80, 82, 67);
INSERT INTO tarjetas_universitarios (id, id_tarjeta_corredor, id_alumno) VALUES (81, 4, 17);
INSERT INTO tarjetas_universitarios (id, id_tarjeta_corredor, id_alumno) VALUES (82, 5, 62);
INSERT INTO tarjetas_universitarios (id, id_tarjeta_corredor, id_alumno) VALUES (83, 77, 23);
INSERT INTO tarjetas_universitarios (id, id_tarjeta_corredor, id_alumno) VALUES (84, 1, 57);
INSERT INTO tarjetas_universitarios (id, id_tarjeta_corredor, id_alumno) VALUES (85, 81, 93);
INSERT INTO tarjetas_universitarios (id, id_tarjeta_corredor, id_alumno) VALUES (86, 47, 51);
INSERT INTO tarjetas_universitarios (id, id_tarjeta_corredor, id_alumno) VALUES (87, 20, 27);
INSERT INTO tarjetas_universitarios (id, id_tarjeta_corredor, id_alumno) VALUES (88, 45, 10);
INSERT INTO tarjetas_universitarios (id, id_tarjeta_corredor, id_alumno) VALUES (89, 31, 70);
INSERT INTO tarjetas_universitarios (id, id_tarjeta_corredor, id_alumno) VALUES (90, 73, 15);
INSERT INTO tarjetas_universitarios (id, id_tarjeta_corredor, id_alumno) VALUES (91, 28, 6);
INSERT INTO tarjetas_universitarios (id, id_tarjeta_corredor, id_alumno) VALUES (92, 70, 37);
INSERT INTO tarjetas_universitarios (id, id_tarjeta_corredor, id_alumno) VALUES (93, 51, 68);
INSERT INTO tarjetas_universitarios (id, id_tarjeta_corredor, id_alumno) VALUES (94, 79, 3);
INSERT INTO tarjetas_universitarios (id, id_tarjeta_corredor, id_alumno) VALUES (95, 21, 79);
INSERT INTO tarjetas_universitarios (id, id_tarjeta_corredor, id_alumno) VALUES (96, 39, 54);
INSERT INTO tarjetas_universitarios (id, id_tarjeta_corredor, id_alumno) VALUES (97, 63, 94);
INSERT INTO tarjetas_universitarios (id, id_tarjeta_corredor, id_alumno) VALUES (98, 69, 19);
INSERT INTO tarjetas_universitarios (id, id_tarjeta_corredor, id_alumno) VALUES (99, 28, 14);
INSERT INTO tarjetas_universitarios (id, id_tarjeta_corredor, id_alumno) VALUES (100, 16, 58);


-- 12 tarjetas general(si)

INSERT INTO tarjetas_general (id, id_tarjeta_corredor) VALUES (1, 94);
INSERT INTO tarjetas_general (id, id_tarjeta_corredor) VALUES (2, 32);
INSERT INTO tarjetas_general (id, id_tarjeta_corredor) VALUES (3, 4);
INSERT INTO tarjetas_general (id, id_tarjeta_corredor) VALUES (4, 71);
INSERT INTO tarjetas_general (id, id_tarjeta_corredor) VALUES (5, 35);
INSERT INTO tarjetas_general (id, id_tarjeta_corredor) VALUES (6, 85);
INSERT INTO tarjetas_general (id, id_tarjeta_corredor) VALUES (7, 34);
INSERT INTO tarjetas_general (id, id_tarjeta_corredor) VALUES (8, 92);
INSERT INTO tarjetas_general (id, id_tarjeta_corredor) VALUES (9, 7);
INSERT INTO tarjetas_general (id, id_tarjeta_corredor) VALUES (10, 38);
INSERT INTO tarjetas_general (id, id_tarjeta_corredor) VALUES (11, 65);
INSERT INTO tarjetas_general (id, id_tarjeta_corredor) VALUES (12, 92);
INSERT INTO tarjetas_general (id, id_tarjeta_corredor) VALUES (13, 64);
INSERT INTO tarjetas_general (id, id_tarjeta_corredor) VALUES (14, 63);
INSERT INTO tarjetas_general (id, id_tarjeta_corredor) VALUES (15, 32);
INSERT INTO tarjetas_general (id, id_tarjeta_corredor) VALUES (16, 76);
INSERT INTO tarjetas_general (id, id_tarjeta_corredor) VALUES (17, 33);
INSERT INTO tarjetas_general (id, id_tarjeta_corredor) VALUES (18, 83);
INSERT INTO tarjetas_general (id, id_tarjeta_corredor) VALUES (19, 57);
INSERT INTO tarjetas_general (id, id_tarjeta_corredor) VALUES (20, 59);
INSERT INTO tarjetas_general (id, id_tarjeta_corredor) VALUES (21, 72);
INSERT INTO tarjetas_general (id, id_tarjeta_corredor) VALUES (22, 21);
INSERT INTO tarjetas_general (id, id_tarjeta_corredor) VALUES (23, 32);
INSERT INTO tarjetas_general (id, id_tarjeta_corredor) VALUES (24, 3);
INSERT INTO tarjetas_general (id, id_tarjeta_corredor) VALUES (25, 12);
INSERT INTO tarjetas_general (id, id_tarjeta_corredor) VALUES (26, 26);
INSERT INTO tarjetas_general (id, id_tarjeta_corredor) VALUES (27, 64);
INSERT INTO tarjetas_general (id, id_tarjeta_corredor) VALUES (28, 74);
INSERT INTO tarjetas_general (id, id_tarjeta_corredor) VALUES (29, 36);
INSERT INTO tarjetas_general (id, id_tarjeta_corredor) VALUES (30, 13);
INSERT INTO tarjetas_general (id, id_tarjeta_corredor) VALUES (31, 83);
INSERT INTO tarjetas_general (id, id_tarjeta_corredor) VALUES (32, 65);
INSERT INTO tarjetas_general (id, id_tarjeta_corredor) VALUES (33, 5);
INSERT INTO tarjetas_general (id, id_tarjeta_corredor) VALUES (34, 15);
INSERT INTO tarjetas_general (id, id_tarjeta_corredor) VALUES (35, 85);
INSERT INTO tarjetas_general (id, id_tarjeta_corredor) VALUES (36, 64);
INSERT INTO tarjetas_general (id, id_tarjeta_corredor) VALUES (37, 15);
INSERT INTO tarjetas_general (id, id_tarjeta_corredor) VALUES (38, 7);
INSERT INTO tarjetas_general (id, id_tarjeta_corredor) VALUES (39, 64);
INSERT INTO tarjetas_general (id, id_tarjeta_corredor) VALUES (40, 22);
INSERT INTO tarjetas_general (id, id_tarjeta_corredor) VALUES (41, 61);
INSERT INTO tarjetas_general (id, id_tarjeta_corredor) VALUES (42, 33);
INSERT INTO tarjetas_general (id, id_tarjeta_corredor) VALUES (43, 29);
INSERT INTO tarjetas_general (id, id_tarjeta_corredor) VALUES (44, 56);
INSERT INTO tarjetas_general (id, id_tarjeta_corredor) VALUES (45, 64);
INSERT INTO tarjetas_general (id, id_tarjeta_corredor) VALUES (46, 35);
INSERT INTO tarjetas_general (id, id_tarjeta_corredor) VALUES (47, 100);
INSERT INTO tarjetas_general (id, id_tarjeta_corredor) VALUES (48, 16);
INSERT INTO tarjetas_general (id, id_tarjeta_corredor) VALUES (49, 46);
INSERT INTO tarjetas_general (id, id_tarjeta_corredor) VALUES (50, 47);
INSERT INTO tarjetas_general (id, id_tarjeta_corredor) VALUES (51, 45);
INSERT INTO tarjetas_general (id, id_tarjeta_corredor) VALUES (52, 22);
INSERT INTO tarjetas_general (id, id_tarjeta_corredor) VALUES (53, 69);
INSERT INTO tarjetas_general (id, id_tarjeta_corredor) VALUES (54, 36);
INSERT INTO tarjetas_general (id, id_tarjeta_corredor) VALUES (55, 85);
INSERT INTO tarjetas_general (id, id_tarjeta_corredor) VALUES (56, 20);
INSERT INTO tarjetas_general (id, id_tarjeta_corredor) VALUES (57, 61);
INSERT INTO tarjetas_general (id, id_tarjeta_corredor) VALUES (58, 31);
INSERT INTO tarjetas_general (id, id_tarjeta_corredor) VALUES (59, 51);
INSERT INTO tarjetas_general (id, id_tarjeta_corredor) VALUES (60, 39);
INSERT INTO tarjetas_general (id, id_tarjeta_corredor) VALUES (61, 78);
INSERT INTO tarjetas_general (id, id_tarjeta_corredor) VALUES (62, 55);
INSERT INTO tarjetas_general (id, id_tarjeta_corredor) VALUES (63, 44);
INSERT INTO tarjetas_general (id, id_tarjeta_corredor) VALUES (64, 96);
INSERT INTO tarjetas_general (id, id_tarjeta_corredor) VALUES (65, 82);
INSERT INTO tarjetas_general (id, id_tarjeta_corredor) VALUES (66, 49);
INSERT INTO tarjetas_general (id, id_tarjeta_corredor) VALUES (67, 76);
INSERT INTO tarjetas_general (id, id_tarjeta_corredor) VALUES (68, 83);
INSERT INTO tarjetas_general (id, id_tarjeta_corredor) VALUES (69, 67);
INSERT INTO tarjetas_general (id, id_tarjeta_corredor) VALUES (70, 7);
INSERT INTO tarjetas_general (id, id_tarjeta_corredor) VALUES (71, 93);
INSERT INTO tarjetas_general (id, id_tarjeta_corredor) VALUES (72, 76);
INSERT INTO tarjetas_general (id, id_tarjeta_corredor) VALUES (73, 5);
INSERT INTO tarjetas_general (id, id_tarjeta_corredor) VALUES (74, 50);
INSERT INTO tarjetas_general (id, id_tarjeta_corredor) VALUES (75, 90);
INSERT INTO tarjetas_general (id, id_tarjeta_corredor) VALUES (76, 1);
INSERT INTO tarjetas_general (id, id_tarjeta_corredor) VALUES (77, 43);
INSERT INTO tarjetas_general (id, id_tarjeta_corredor) VALUES (78, 15);
INSERT INTO tarjetas_general (id, id_tarjeta_corredor) VALUES (79, 48);
INSERT INTO tarjetas_general (id, id_tarjeta_corredor) VALUES (80, 66);
INSERT INTO tarjetas_general (id, id_tarjeta_corredor) VALUES (81, 78);
INSERT INTO tarjetas_general (id, id_tarjeta_corredor) VALUES (82, 94);
INSERT INTO tarjetas_general (id, id_tarjeta_corredor) VALUES (83, 23);
INSERT INTO tarjetas_general (id, id_tarjeta_corredor) VALUES (84, 16);
INSERT INTO tarjetas_general (id, id_tarjeta_corredor) VALUES (85, 74);
INSERT INTO tarjetas_general (id, id_tarjeta_corredor) VALUES (86, 56);
INSERT INTO tarjetas_general (id, id_tarjeta_corredor) VALUES (87, 13);
INSERT INTO tarjetas_general (id, id_tarjeta_corredor) VALUES (88, 73);
INSERT INTO tarjetas_general (id, id_tarjeta_corredor) VALUES (89, 93);
INSERT INTO tarjetas_general (id, id_tarjeta_corredor) VALUES (90, 97);
INSERT INTO tarjetas_general (id, id_tarjeta_corredor) VALUES (91, 20);
INSERT INTO tarjetas_general (id, id_tarjeta_corredor) VALUES (92, 32);
INSERT INTO tarjetas_general (id, id_tarjeta_corredor) VALUES (93, 86);
INSERT INTO tarjetas_general (id, id_tarjeta_corredor) VALUES (94, 3);
INSERT INTO tarjetas_general (id, id_tarjeta_corredor) VALUES (95, 33);
INSERT INTO tarjetas_general (id, id_tarjeta_corredor) VALUES (96, 13);
INSERT INTO tarjetas_general (id, id_tarjeta_corredor) VALUES (97, 52);
INSERT INTO tarjetas_general (id, id_tarjeta_corredor) VALUES (98, 65);
INSERT INTO tarjetas_general (id, id_tarjeta_corredor) VALUES (99, 43);
INSERT INTO tarjetas_general (id, id_tarjeta_corredor) VALUES (100, 56);

-- 13 transacciones ingresos(si)
INSERT INTO transacciones_ingreso (id, monto, fecha, id_tarjeta_corredor, id_metodo_pago) VALUES (1, 16,TO_DATE('2025-07-04','YYYY-MM-DD'),10, 56);
INSERT INTO transacciones_ingreso (id, monto, fecha, id_tarjeta_corredor, id_metodo_pago) VALUES (2, 23,TO_DATE('2025-04-26','YYYY-MM-DD'),78, 75);
INSERT INTO transacciones_ingreso (id, monto, fecha, id_tarjeta_corredor, id_metodo_pago) VALUES (3, 21,TO_DATE('2025-04-01','YYYY-MM-DD'),12, 8);
INSERT INTO transacciones_ingreso (id, monto, fecha, id_tarjeta_corredor, id_metodo_pago) VALUES (4, 19,TO_DATE('2025-05-03','YYYY-MM-DD'),25, 57);
INSERT INTO transacciones_ingreso (id, monto, fecha, id_tarjeta_corredor, id_metodo_pago) VALUES (5, 27,TO_DATE('2025-03-08','YYYY-MM-DD'),76, 73);
INSERT INTO transacciones_ingreso (id, monto, fecha, id_tarjeta_corredor, id_metodo_pago) VALUES (6, 16,TO_DATE('2025-02-09','YYYY-MM-DD'),87, 45);
INSERT INTO transacciones_ingreso (id, monto, fecha, id_tarjeta_corredor, id_metodo_pago) VALUES (7, 29,TO_DATE('2025-05-10','YYYY-MM-DD'),2, 15);
INSERT INTO transacciones_ingreso (id, monto, fecha, id_tarjeta_corredor, id_metodo_pago) VALUES (8, 15,TO_DATE('2025-01-11','YYYY-MM-DD'),57, 63);
INSERT INTO transacciones_ingreso (id, monto, fecha, id_tarjeta_corredor, id_metodo_pago) VALUES (9, 15,TO_DATE('2025-02-17','YYYY-MM-DD'),38, 70);
INSERT INTO transacciones_ingreso (id, monto, fecha, id_tarjeta_corredor, id_metodo_pago) VALUES (10, 22,TO_DATE('2025-02-17','YYYY-MM-DD'),44, 75);
INSERT INTO transacciones_ingreso (id, monto, fecha, id_tarjeta_corredor, id_metodo_pago) VALUES (11, 16,TO_DATE('2025-04-12','YYYY-MM-DD'),27, 76);
INSERT INTO transacciones_ingreso (id, monto, fecha, id_tarjeta_corredor, id_metodo_pago) VALUES (12, 18,TO_DATE('2025-03-18','YYYY-MM-DD'),20, 19);
INSERT INTO transacciones_ingreso (id, monto, fecha, id_tarjeta_corredor, id_metodo_pago) VALUES (13, 19,TO_DATE('2025-03-25','YYYY-MM-DD'),15, 77);
INSERT INTO transacciones_ingreso (id, monto, fecha, id_tarjeta_corredor, id_metodo_pago) VALUES (14, 20,TO_DATE('2025-02-27','YYYY-MM-DD'),24, 43);
INSERT INTO transacciones_ingreso (id, monto, fecha, id_tarjeta_corredor, id_metodo_pago) VALUES (15, 25,TO_DATE('2025-02-13','YYYY-MM-DD'),67, 89);
INSERT INTO transacciones_ingreso (id, monto, fecha, id_tarjeta_corredor, id_metodo_pago) VALUES (16, 20,TO_DATE('2025-02-02','YYYY-MM-DD'),92, 95);
INSERT INTO transacciones_ingreso (id, monto, fecha, id_tarjeta_corredor, id_metodo_pago) VALUES (17, 17,TO_DATE('2025-06-05','YYYY-MM-DD'),55, 78);
INSERT INTO transacciones_ingreso (id, monto, fecha, id_tarjeta_corredor, id_metodo_pago) VALUES (18, 21,TO_DATE('2025-04-26','YYYY-MM-DD'),90, 68);
INSERT INTO transacciones_ingreso (id, monto, fecha, id_tarjeta_corredor, id_metodo_pago) VALUES (19, 29,TO_DATE('2025-04-14','YYYY-MM-DD'),68, 69);
INSERT INTO transacciones_ingreso (id, monto, fecha, id_tarjeta_corredor, id_metodo_pago) VALUES (20, 30,TO_DATE('2025-02-15','YYYY-MM-DD'),25, 23);
INSERT INTO transacciones_ingreso (id, monto, fecha, id_tarjeta_corredor, id_metodo_pago) VALUES (21, 23,TO_DATE('2025-03-09','YYYY-MM-DD'),48, 19);
INSERT INTO transacciones_ingreso (id, monto, fecha, id_tarjeta_corredor, id_metodo_pago) VALUES (22, 21,TO_DATE('2025-03-18','YYYY-MM-DD'),55, 63);
INSERT INTO transacciones_ingreso (id, monto, fecha, id_tarjeta_corredor, id_metodo_pago) VALUES (23, 30,TO_DATE('2025-03-27','YYYY-MM-DD'),97, 33);
INSERT INTO transacciones_ingreso (id, monto, fecha, id_tarjeta_corredor, id_metodo_pago) VALUES (24, 25,TO_DATE('2025-02-01','YYYY-MM-DD'),11, 34);
INSERT INTO transacciones_ingreso (id, monto, fecha, id_tarjeta_corredor, id_metodo_pago) VALUES (25, 15,TO_DATE('2025-06-11','YYYY-MM-DD'),68, 5);
INSERT INTO transacciones_ingreso (id, monto, fecha, id_tarjeta_corredor, id_metodo_pago) VALUES (26, 29,TO_DATE('2025-04-23','YYYY-MM-DD'),92, 71);
INSERT INTO transacciones_ingreso (id, monto, fecha, id_tarjeta_corredor, id_metodo_pago) VALUES (27, 30,TO_DATE('2025-03-17','YYYY-MM-DD'),84, 91);
INSERT INTO transacciones_ingreso (id, monto, fecha, id_tarjeta_corredor, id_metodo_pago) VALUES (28, 20,TO_DATE('2025-04-10','YYYY-MM-DD'),76, 72);
INSERT INTO transacciones_ingreso (id, monto, fecha, id_tarjeta_corredor, id_metodo_pago) VALUES (29, 29,TO_DATE('2025-04-09','YYYY-MM-DD'),33, 39);
INSERT INTO transacciones_ingreso (id, monto, fecha, id_tarjeta_corredor, id_metodo_pago) VALUES (30, 25,TO_DATE('2025-05-08','YYYY-MM-DD'),8, 38);
INSERT INTO transacciones_ingreso (id, monto, fecha, id_tarjeta_corredor, id_metodo_pago) VALUES (31, 19,TO_DATE('2025-06-18','YYYY-MM-DD'),14, 28);
INSERT INTO transacciones_ingreso (id, monto, fecha, id_tarjeta_corredor, id_metodo_pago) VALUES (32, 25,TO_DATE('2025-02-04','YYYY-MM-DD'),49, 62);
INSERT INTO transacciones_ingreso (id, monto, fecha, id_tarjeta_corredor, id_metodo_pago) VALUES (33, 17,TO_DATE('2025-03-31','YYYY-MM-DD'),50, 34);
INSERT INTO transacciones_ingreso (id, monto, fecha, id_tarjeta_corredor, id_metodo_pago) VALUES (34, 20,TO_DATE('2025-03-21','YYYY-MM-DD'),93, 76);
INSERT INTO transacciones_ingreso (id, monto, fecha, id_tarjeta_corredor, id_metodo_pago) VALUES (35, 30,TO_DATE('2025-02-06','YYYY-MM-DD'),35, 100);
INSERT INTO transacciones_ingreso (id, monto, fecha, id_tarjeta_corredor, id_metodo_pago) VALUES (36, 25,TO_DATE('2025-04-11','YYYY-MM-DD'),82, 56);
INSERT INTO transacciones_ingreso (id, monto, fecha, id_tarjeta_corredor, id_metodo_pago) VALUES (37, 27,TO_DATE('2025-01-01','YYYY-MM-DD'),61, 79);
INSERT INTO transacciones_ingreso (id, monto, fecha, id_tarjeta_corredor, id_metodo_pago) VALUES (38, 30,TO_DATE('2025-02-05','YYYY-MM-DD'),7, 51);
INSERT INTO transacciones_ingreso (id, monto, fecha, id_tarjeta_corredor, id_metodo_pago) VALUES (39, 22,TO_DATE('2025-03-17','YYYY-MM-DD'),42, 49);
INSERT INTO transacciones_ingreso (id, monto, fecha, id_tarjeta_corredor, id_metodo_pago) VALUES (40, 22,TO_DATE('2025-05-24','YYYY-MM-DD'),17, 4);
INSERT INTO transacciones_ingreso (id, monto, fecha, id_tarjeta_corredor, id_metodo_pago) VALUES (41, 19,TO_DATE('2025-01-10','YYYY-MM-DD'),9, 74);
INSERT INTO transacciones_ingreso (id, monto, fecha, id_tarjeta_corredor, id_metodo_pago) VALUES (42, 28,TO_DATE('2025-06-28','YYYY-MM-DD'),58, 66);
INSERT INTO transacciones_ingreso (id, monto, fecha, id_tarjeta_corredor, id_metodo_pago) VALUES (43, 27,TO_DATE('2025-02-01','YYYY-MM-DD'),29, 85);
INSERT INTO transacciones_ingreso (id, monto, fecha, id_tarjeta_corredor, id_metodo_pago) VALUES (44, 22,TO_DATE('2025-06-02','YYYY-MM-DD'),34, 49);
INSERT INTO transacciones_ingreso (id, monto, fecha, id_tarjeta_corredor, id_metodo_pago) VALUES (45, 20,TO_DATE('2025-06-14','YYYY-MM-DD'),78, 79);
INSERT INTO transacciones_ingreso (id, monto, fecha, id_tarjeta_corredor, id_metodo_pago) VALUES (46, 16,TO_DATE('2025-02-26','YYYY-MM-DD'),25, 38);
INSERT INTO transacciones_ingreso (id, monto, fecha, id_tarjeta_corredor, id_metodo_pago) VALUES (47, 27,TO_DATE('2025-04-14','YYYY-MM-DD'),8, 85);
INSERT INTO transacciones_ingreso (id, monto, fecha, id_tarjeta_corredor, id_metodo_pago) VALUES (48, 27,TO_DATE('2025-05-22','YYYY-MM-DD'),87, 37);
INSERT INTO transacciones_ingreso (id, monto, fecha, id_tarjeta_corredor, id_metodo_pago) VALUES (49, 22,TO_DATE('2025-01-29','YYYY-MM-DD'),48, 41);
INSERT INTO transacciones_ingreso (id, monto, fecha, id_tarjeta_corredor, id_metodo_pago) VALUES (50, 29,TO_DATE('2025-02-27','YYYY-MM-DD'),97, 24);
INSERT INTO transacciones_ingreso (id, monto, fecha, id_tarjeta_corredor, id_metodo_pago) VALUES (51, 26,TO_DATE('2025-06-26','YYYY-MM-DD'),93, 22);
INSERT INTO transacciones_ingreso (id, monto, fecha, id_tarjeta_corredor, id_metodo_pago) VALUES (52, 30,TO_DATE('2025-06-14','YYYY-MM-DD'),15, 80);
INSERT INTO transacciones_ingreso (id, monto, fecha, id_tarjeta_corredor, id_metodo_pago) VALUES (53, 26,TO_DATE('2025-04-23','YYYY-MM-DD'),9, 39);
INSERT INTO transacciones_ingreso (id, monto, fecha, id_tarjeta_corredor, id_metodo_pago) VALUES (54, 23,TO_DATE('2025-04-08','YYYY-MM-DD'),98, 79);
INSERT INTO transacciones_ingreso (id, monto, fecha, id_tarjeta_corredor, id_metodo_pago) VALUES (55, 27,TO_DATE('2025-06-26','YYYY-MM-DD'),33, 82);
INSERT INTO transacciones_ingreso (id, monto, fecha, id_tarjeta_corredor, id_metodo_pago) VALUES (56, 15,TO_DATE('2025-04-07','YYYY-MM-DD'),87, 41);
INSERT INTO transacciones_ingreso (id, monto, fecha, id_tarjeta_corredor, id_metodo_pago) VALUES (57, 22,TO_DATE('2025-04-28','YYYY-MM-DD'),83, 84);
INSERT INTO transacciones_ingreso (id, monto, fecha, id_tarjeta_corredor, id_metodo_pago) VALUES (58, 28,TO_DATE('2025-02-14','YYYY-MM-DD'),94, 53);
INSERT INTO transacciones_ingreso (id, monto, fecha, id_tarjeta_corredor, id_metodo_pago) VALUES (59, 25,TO_DATE('2025-01-17','YYYY-MM-DD'),72, 87);
INSERT INTO transacciones_ingreso (id, monto, fecha, id_tarjeta_corredor, id_metodo_pago) VALUES (60, 23,TO_DATE('2025-06-05','YYYY-MM-DD'),96, 16);
INSERT INTO transacciones_ingreso (id, monto, fecha, id_tarjeta_corredor, id_metodo_pago) VALUES (61, 26,TO_DATE('2025-01-17','YYYY-MM-DD'),52, 11);
INSERT INTO transacciones_ingreso (id, monto, fecha, id_tarjeta_corredor, id_metodo_pago) VALUES (62, 22,TO_DATE('2025-06-18','YYYY-MM-DD'),31, 42);
INSERT INTO transacciones_ingreso (id, monto, fecha, id_tarjeta_corredor, id_metodo_pago) VALUES (63, 16,TO_DATE('2025-03-30','YYYY-MM-DD'),17, 98);
INSERT INTO transacciones_ingreso (id, monto, fecha, id_tarjeta_corredor, id_metodo_pago) VALUES (64, 29,TO_DATE('2025-03-06','YYYY-MM-DD'),59, 89);
INSERT INTO transacciones_ingreso (id, monto, fecha, id_tarjeta_corredor, id_metodo_pago) VALUES (65, 21,TO_DATE('2025-02-19','YYYY-MM-DD'),52, 54);
INSERT INTO transacciones_ingreso (id, monto, fecha, id_tarjeta_corredor, id_metodo_pago) VALUES (66, 18,TO_DATE('2025-04-26','YYYY-MM-DD'),7, 60);
INSERT INTO transacciones_ingreso (id, monto, fecha, id_tarjeta_corredor, id_metodo_pago) VALUES (67, 21,TO_DATE('2025-05-10','YYYY-MM-DD'),45, 47);
INSERT INTO transacciones_ingreso (id, monto, fecha, id_tarjeta_corredor, id_metodo_pago) VALUES (68, 16,TO_DATE('2025-02-11','YYYY-MM-DD'),39, 9);
INSERT INTO transacciones_ingreso (id, monto, fecha, id_tarjeta_corredor, id_metodo_pago) VALUES (69, 30,TO_DATE('2025-05-28','YYYY-MM-DD'),47, 48);
INSERT INTO transacciones_ingreso (id, monto, fecha, id_tarjeta_corredor, id_metodo_pago) VALUES (70, 30,TO_DATE('2025-02-28','YYYY-MM-DD'),10, 98);
INSERT INTO transacciones_ingreso (id, monto, fecha, id_tarjeta_corredor, id_metodo_pago) VALUES (71, 28,TO_DATE('2025-03-05','YYYY-MM-DD'),95, 54);
INSERT INTO transacciones_ingreso (id, monto, fecha, id_tarjeta_corredor, id_metodo_pago) VALUES (72, 24,TO_DATE('2025-06-21','YYYY-MM-DD'),41, 58);
INSERT INTO transacciones_ingreso (id, monto, fecha, id_tarjeta_corredor, id_metodo_pago) VALUES (73, 26,TO_DATE('2025-02-19','YYYY-MM-DD'),80, 80);
INSERT INTO transacciones_ingreso (id, monto, fecha, id_tarjeta_corredor, id_metodo_pago) VALUES (74, 30,TO_DATE('2025-06-06','YYYY-MM-DD'),43, 12);
INSERT INTO transacciones_ingreso (id, monto, fecha, id_tarjeta_corredor, id_metodo_pago) VALUES (75, 30,TO_DATE('2025-05-19','YYYY-MM-DD'),4, 81);
INSERT INTO transacciones_ingreso (id, monto, fecha, id_tarjeta_corredor, id_metodo_pago) VALUES (76, 18,TO_DATE('2025-01-02','YYYY-MM-DD'),90, 25);
INSERT INTO transacciones_ingreso (id, monto, fecha, id_tarjeta_corredor, id_metodo_pago) VALUES (77, 29,TO_DATE('2025-04-15','YYYY-MM-DD'),98, 53);
INSERT INTO transacciones_ingreso (id, monto, fecha, id_tarjeta_corredor, id_metodo_pago) VALUES (78, 21,TO_DATE('2025-01-03','YYYY-MM-DD'),89, 65);
INSERT INTO transacciones_ingreso (id, monto, fecha, id_tarjeta_corredor, id_metodo_pago) VALUES (79, 16,TO_DATE('2025-04-22','YYYY-MM-DD'),39, 26);
INSERT INTO transacciones_ingreso (id, monto, fecha, id_tarjeta_corredor, id_metodo_pago) VALUES (80, 22,TO_DATE('2025-05-20','YYYY-MM-DD'),35, 85);
INSERT INTO transacciones_ingreso (id, monto, fecha, id_tarjeta_corredor, id_metodo_pago) VALUES (81, 18,TO_DATE('2025-02-15','YYYY-MM-DD'),47, 39);
INSERT INTO transacciones_ingreso (id, monto, fecha, id_tarjeta_corredor, id_metodo_pago) VALUES (82, 30,TO_DATE('2025-02-08','YYYY-MM-DD'),42, 60);
INSERT INTO transacciones_ingreso (id, monto, fecha, id_tarjeta_corredor, id_metodo_pago) VALUES (83, 30,TO_DATE('2025-01-18','YYYY-MM-DD'),71, 97);
INSERT INTO transacciones_ingreso (id, monto, fecha, id_tarjeta_corredor, id_metodo_pago) VALUES (84, 19,TO_DATE('2025-06-23','YYYY-MM-DD'),9, 81);
INSERT INTO transacciones_ingreso (id, monto, fecha, id_tarjeta_corredor, id_metodo_pago) VALUES (85, 15,TO_DATE('2025-04-12','YYYY-MM-DD'),49, 74);
INSERT INTO transacciones_ingreso (id, monto, fecha, id_tarjeta_corredor, id_metodo_pago) VALUES (86, 28,TO_DATE('2025-01-02','YYYY-MM-DD'),4, 84);
INSERT INTO transacciones_ingreso (id, monto, fecha, id_tarjeta_corredor, id_metodo_pago) VALUES (87, 24,TO_DATE('2025-01-16','YYYY-MM-DD'),42, 41);
INSERT INTO transacciones_ingreso (id, monto, fecha, id_tarjeta_corredor, id_metodo_pago) VALUES (88, 24,TO_DATE('2025-05-18','YYYY-MM-DD'),50, 8);
INSERT INTO transacciones_ingreso (id, monto, fecha, id_tarjeta_corredor, id_metodo_pago) VALUES (89, 26,TO_DATE('2025-02-14','YYYY-MM-DD'),89, 95);
INSERT INTO transacciones_ingreso (id, monto, fecha, id_tarjeta_corredor, id_metodo_pago) VALUES (90, 30,TO_DATE('2025-01-24','YYYY-MM-DD'),48, 29);
INSERT INTO transacciones_ingreso (id, monto, fecha, id_tarjeta_corredor, id_metodo_pago) VALUES (91, 21,TO_DATE('2025-06-15','YYYY-MM-DD'),45, 47);
INSERT INTO transacciones_ingreso (id, monto, fecha, id_tarjeta_corredor, id_metodo_pago) VALUES (92, 26,TO_DATE('2025-01-23','YYYY-MM-DD'),12, 67);
INSERT INTO transacciones_ingreso (id, monto, fecha, id_tarjeta_corredor, id_metodo_pago) VALUES (93, 18,TO_DATE('2025-03-08','YYYY-MM-DD'),8, 93);
INSERT INTO transacciones_ingreso (id, monto, fecha, id_tarjeta_corredor, id_metodo_pago) VALUES (94, 16,TO_DATE('2025-02-12','YYYY-MM-DD'),30, 48);
INSERT INTO transacciones_ingreso (id, monto, fecha, id_tarjeta_corredor, id_metodo_pago) VALUES (95, 16,TO_DATE('2025-05-31','YYYY-MM-DD'),28, 55);
INSERT INTO transacciones_ingreso (id, monto, fecha, id_tarjeta_corredor, id_metodo_pago) VALUES (96, 24,TO_DATE('2025-05-26','YYYY-MM-DD'),58, 55);
INSERT INTO transacciones_ingreso (id, monto, fecha, id_tarjeta_corredor, id_metodo_pago) VALUES (97, 25,TO_DATE('2025-01-12','YYYY-MM-DD'),16, 59);
INSERT INTO transacciones_ingreso (id, monto, fecha, id_tarjeta_corredor, id_metodo_pago) VALUES (98, 25,TO_DATE('2025-07-04','YYYY-MM-DD'),94, 68);
INSERT INTO transacciones_ingreso (id, monto, fecha, id_tarjeta_corredor, id_metodo_pago) VALUES (99, 26,TO_DATE('2025-04-16','YYYY-MM-DD'),20, 37);
INSERT INTO transacciones_ingreso (id, monto, fecha, id_tarjeta_corredor, id_metodo_pago) VALUES (100, 25,TO_DATE('2025-03-06','YYYY-MM-DD'),67, 99);

-- 14 transacciones pagos(si)

INSERT INTO transacciones_pagos (id, monto, fecha, id_tarjeta_corredor) VALUES (1, 3,TO_DATE('2025-05-09','YYYY-MM-DD'),74);
INSERT INTO transacciones_pagos (id, monto, fecha, id_tarjeta_corredor) VALUES (2, 4,TO_DATE('2025-06-25','YYYY-MM-DD'),89);
INSERT INTO transacciones_pagos (id, monto, fecha, id_tarjeta_corredor) VALUES (3, 7,TO_DATE('2025-02-17','YYYY-MM-DD'),59);
INSERT INTO transacciones_pagos (id, monto, fecha, id_tarjeta_corredor) VALUES (4, 7,TO_DATE('2025-04-06','YYYY-MM-DD'),17);
INSERT INTO transacciones_pagos (id, monto, fecha, id_tarjeta_corredor) VALUES (5, 9,TO_DATE('2025-01-15','YYYY-MM-DD'),56);
INSERT INTO transacciones_pagos (id, monto, fecha, id_tarjeta_corredor) VALUES (6, 5,TO_DATE('2025-04-14','YYYY-MM-DD'),92);
INSERT INTO transacciones_pagos (id, monto, fecha, id_tarjeta_corredor) VALUES (7, 9,TO_DATE('2025-03-06','YYYY-MM-DD'),2);
INSERT INTO transacciones_pagos (id, monto, fecha, id_tarjeta_corredor) VALUES (8, 6,TO_DATE('2025-05-29','YYYY-MM-DD'),86);
INSERT INTO transacciones_pagos (id, monto, fecha, id_tarjeta_corredor) VALUES (9, 6,TO_DATE('2025-03-13','YYYY-MM-DD'),59);
INSERT INTO transacciones_pagos (id, monto, fecha, id_tarjeta_corredor) VALUES (10, 7,TO_DATE('2025-02-28','YYYY-MM-DD'),61);
INSERT INTO transacciones_pagos (id, monto, fecha, id_tarjeta_corredor) VALUES (11, 8,TO_DATE('2025-02-13','YYYY-MM-DD'),9);
INSERT INTO transacciones_pagos (id, monto, fecha, id_tarjeta_corredor) VALUES (12, 1,TO_DATE('2025-03-21','YYYY-MM-DD'),5);
INSERT INTO transacciones_pagos (id, monto, fecha, id_tarjeta_corredor) VALUES (13, 3,TO_DATE('2025-05-26','YYYY-MM-DD'),64);
INSERT INTO transacciones_pagos (id, monto, fecha, id_tarjeta_corredor) VALUES (14, 1,TO_DATE('2025-01-31','YYYY-MM-DD'),85);
INSERT INTO transacciones_pagos (id, monto, fecha, id_tarjeta_corredor) VALUES (15, 6,TO_DATE('2025-04-02','YYYY-MM-DD'),83);
INSERT INTO transacciones_pagos (id, monto, fecha, id_tarjeta_corredor) VALUES (16, 1,TO_DATE('2025-04-07','YYYY-MM-DD'),24);
INSERT INTO transacciones_pagos (id, monto, fecha, id_tarjeta_corredor) VALUES (17, 4,TO_DATE('2025-01-18','YYYY-MM-DD'),90);
INSERT INTO transacciones_pagos (id, monto, fecha, id_tarjeta_corredor) VALUES (18, 6,TO_DATE('2025-02-18','YYYY-MM-DD'),77);
INSERT INTO transacciones_pagos (id, monto, fecha, id_tarjeta_corredor) VALUES (19, 2,TO_DATE('2025-04-25','YYYY-MM-DD'),65);
INSERT INTO transacciones_pagos (id, monto, fecha, id_tarjeta_corredor) VALUES (20, 10,TO_DATE('2025-04-28','YYYY-MM-DD'),22);
INSERT INTO transacciones_pagos (id, monto, fecha, id_tarjeta_corredor) VALUES (21, 2,TO_DATE('2025-01-04','YYYY-MM-DD'),12);
INSERT INTO transacciones_pagos (id, monto, fecha, id_tarjeta_corredor) VALUES (22, 1,TO_DATE('2025-04-21','YYYY-MM-DD'),12);
INSERT INTO transacciones_pagos (id, monto, fecha, id_tarjeta_corredor) VALUES (23, 7,TO_DATE('2025-01-29','YYYY-MM-DD'),58);
INSERT INTO transacciones_pagos (id, monto, fecha, id_tarjeta_corredor) VALUES (24, 3,TO_DATE('2025-03-21','YYYY-MM-DD'),51);
INSERT INTO transacciones_pagos (id, monto, fecha, id_tarjeta_corredor) VALUES (25, 7,TO_DATE('2025-03-03','YYYY-MM-DD'),96);
INSERT INTO transacciones_pagos (id, monto, fecha, id_tarjeta_corredor) VALUES (26, 10,TO_DATE('2025-03-14','YYYY-MM-DD'),75);
INSERT INTO transacciones_pagos (id, monto, fecha, id_tarjeta_corredor) VALUES (27, 1,TO_DATE('2025-03-23','YYYY-MM-DD'),4);
INSERT INTO transacciones_pagos (id, monto, fecha, id_tarjeta_corredor) VALUES (28, 5,TO_DATE('2025-02-24','YYYY-MM-DD'),26);
INSERT INTO transacciones_pagos (id, monto, fecha, id_tarjeta_corredor) VALUES (29, 9,TO_DATE('2025-02-18','YYYY-MM-DD'),8);
INSERT INTO transacciones_pagos (id, monto, fecha, id_tarjeta_corredor) VALUES (30, 10,TO_DATE('2025-01-16','YYYY-MM-DD'),18);
INSERT INTO transacciones_pagos (id, monto, fecha, id_tarjeta_corredor) VALUES (31, 1,TO_DATE('2025-01-25','YYYY-MM-DD'),56);
INSERT INTO transacciones_pagos (id, monto, fecha, id_tarjeta_corredor) VALUES (32, 2,TO_DATE('2025-02-19','YYYY-MM-DD'),44);
INSERT INTO transacciones_pagos (id, monto, fecha, id_tarjeta_corredor) VALUES (33, 3,TO_DATE('2025-01-12','YYYY-MM-DD'),93);
INSERT INTO transacciones_pagos (id, monto, fecha, id_tarjeta_corredor) VALUES (34, 3,TO_DATE('2025-06-17','YYYY-MM-DD'),32);
INSERT INTO transacciones_pagos (id, monto, fecha, id_tarjeta_corredor) VALUES (35, 5,TO_DATE('2025-02-06','YYYY-MM-DD'),20);
INSERT INTO transacciones_pagos (id, monto, fecha, id_tarjeta_corredor) VALUES (36, 1,TO_DATE('2025-04-03','YYYY-MM-DD'),97);
INSERT INTO transacciones_pagos (id, monto, fecha, id_tarjeta_corredor) VALUES (37, 10,TO_DATE('2025-04-25','YYYY-MM-DD'),38);
INSERT INTO transacciones_pagos (id, monto, fecha, id_tarjeta_corredor) VALUES (38, 6,TO_DATE('2025-05-02','YYYY-MM-DD'),73);
INSERT INTO transacciones_pagos (id, monto, fecha, id_tarjeta_corredor) VALUES (39, 9,TO_DATE('2025-04-05','YYYY-MM-DD'),69);
INSERT INTO transacciones_pagos (id, monto, fecha, id_tarjeta_corredor) VALUES (40, 10,TO_DATE('2025-04-16','YYYY-MM-DD'),37);
INSERT INTO transacciones_pagos (id, monto, fecha, id_tarjeta_corredor) VALUES (41, 6,TO_DATE('2025-05-22','YYYY-MM-DD'),10);
INSERT INTO transacciones_pagos (id, monto, fecha, id_tarjeta_corredor) VALUES (42, 7,TO_DATE('2025-06-01','YYYY-MM-DD'),44);
INSERT INTO transacciones_pagos (id, monto, fecha, id_tarjeta_corredor) VALUES (43, 2,TO_DATE('2025-06-30','YYYY-MM-DD'),86);
INSERT INTO transacciones_pagos (id, monto, fecha, id_tarjeta_corredor) VALUES (44, 10,TO_DATE('2025-02-22','YYYY-MM-DD'),77);
INSERT INTO transacciones_pagos (id, monto, fecha, id_tarjeta_corredor) VALUES (45, 6,TO_DATE('2025-06-28','YYYY-MM-DD'),82);
INSERT INTO transacciones_pagos (id, monto, fecha, id_tarjeta_corredor) VALUES (46, 2,TO_DATE('2025-05-26','YYYY-MM-DD'),26);
INSERT INTO transacciones_pagos (id, monto, fecha, id_tarjeta_corredor) VALUES (47, 8,TO_DATE('2025-03-07','YYYY-MM-DD'),15);
INSERT INTO transacciones_pagos (id, monto, fecha, id_tarjeta_corredor) VALUES (48, 8,TO_DATE('2025-01-24','YYYY-MM-DD'),52);
INSERT INTO transacciones_pagos (id, monto, fecha, id_tarjeta_corredor) VALUES (49, 1,TO_DATE('2025-01-26','YYYY-MM-DD'),79);
INSERT INTO transacciones_pagos (id, monto, fecha, id_tarjeta_corredor) VALUES (50, 9,TO_DATE('2025-05-17','YYYY-MM-DD'),54);
INSERT INTO transacciones_pagos (id, monto, fecha, id_tarjeta_corredor) VALUES (51, 8,TO_DATE('2025-06-15','YYYY-MM-DD'),19);
INSERT INTO transacciones_pagos (id, monto, fecha, id_tarjeta_corredor) VALUES (52, 6,TO_DATE('2025-06-01','YYYY-MM-DD'),47);
INSERT INTO transacciones_pagos (id, monto, fecha, id_tarjeta_corredor) VALUES (53, 1,TO_DATE('2025-06-14','YYYY-MM-DD'),87);
INSERT INTO transacciones_pagos (id, monto, fecha, id_tarjeta_corredor) VALUES (54, 6,TO_DATE('2025-02-06','YYYY-MM-DD'),40);
INSERT INTO transacciones_pagos (id, monto, fecha, id_tarjeta_corredor) VALUES (55, 2,TO_DATE('2025-05-16','YYYY-MM-DD'),78);
INSERT INTO transacciones_pagos (id, monto, fecha, id_tarjeta_corredor) VALUES (56, 7,TO_DATE('2025-04-22','YYYY-MM-DD'),86);
INSERT INTO transacciones_pagos (id, monto, fecha, id_tarjeta_corredor) VALUES (57, 10,TO_DATE('2025-04-30','YYYY-MM-DD'),94);
INSERT INTO transacciones_pagos (id, monto, fecha, id_tarjeta_corredor) VALUES (58, 10,TO_DATE('2025-01-01','YYYY-MM-DD'),29);
INSERT INTO transacciones_pagos (id, monto, fecha, id_tarjeta_corredor) VALUES (59, 5,TO_DATE('2025-01-18','YYYY-MM-DD'),9);
INSERT INTO transacciones_pagos (id, monto, fecha, id_tarjeta_corredor) VALUES (60, 3,TO_DATE('2025-06-10','YYYY-MM-DD'),34);
INSERT INTO transacciones_pagos (id, monto, fecha, id_tarjeta_corredor) VALUES (61, 1,TO_DATE('2025-03-28','YYYY-MM-DD'),55);
INSERT INTO transacciones_pagos (id, monto, fecha, id_tarjeta_corredor) VALUES (62, 6,TO_DATE('2025-05-03','YYYY-MM-DD'),91);
INSERT INTO transacciones_pagos (id, monto, fecha, id_tarjeta_corredor) VALUES (63, 8,TO_DATE('2025-06-23','YYYY-MM-DD'),9);
INSERT INTO transacciones_pagos (id, monto, fecha, id_tarjeta_corredor) VALUES (64, 2,TO_DATE('2025-03-26','YYYY-MM-DD'),40);
INSERT INTO transacciones_pagos (id, monto, fecha, id_tarjeta_corredor) VALUES (65, 7,TO_DATE('2025-01-30','YYYY-MM-DD'),92);
INSERT INTO transacciones_pagos (id, monto, fecha, id_tarjeta_corredor) VALUES (66, 7,TO_DATE('2025-02-13','YYYY-MM-DD'),50);
INSERT INTO transacciones_pagos (id, monto, fecha, id_tarjeta_corredor) VALUES (67, 5,TO_DATE('2025-02-06','YYYY-MM-DD'),39);
INSERT INTO transacciones_pagos (id, monto, fecha, id_tarjeta_corredor) VALUES (68, 8,TO_DATE('2025-04-18','YYYY-MM-DD'),44);
INSERT INTO transacciones_pagos (id, monto, fecha, id_tarjeta_corredor) VALUES (69, 1,TO_DATE('2025-05-03','YYYY-MM-DD'),52);
INSERT INTO transacciones_pagos (id, monto, fecha, id_tarjeta_corredor) VALUES (70, 5,TO_DATE('2025-02-01','YYYY-MM-DD'),80);
INSERT INTO transacciones_pagos (id, monto, fecha, id_tarjeta_corredor) VALUES (71, 4,TO_DATE('2025-03-23','YYYY-MM-DD'),73);
INSERT INTO transacciones_pagos (id, monto, fecha, id_tarjeta_corredor) VALUES (72, 7,TO_DATE('2025-02-09','YYYY-MM-DD'),85);
INSERT INTO transacciones_pagos (id, monto, fecha, id_tarjeta_corredor) VALUES (73, 1,TO_DATE('2025-06-20','YYYY-MM-DD'),56);
INSERT INTO transacciones_pagos (id, monto, fecha, id_tarjeta_corredor) VALUES (74, 5,TO_DATE('2025-06-26','YYYY-MM-DD'),76);
INSERT INTO transacciones_pagos (id, monto, fecha, id_tarjeta_corredor) VALUES (75, 8,TO_DATE('2025-01-13','YYYY-MM-DD'),52);
INSERT INTO transacciones_pagos (id, monto, fecha, id_tarjeta_corredor) VALUES (76, 9,TO_DATE('2025-03-04','YYYY-MM-DD'),33);
INSERT INTO transacciones_pagos (id, monto, fecha, id_tarjeta_corredor) VALUES (77, 1,TO_DATE('2025-06-12','YYYY-MM-DD'),27);
INSERT INTO transacciones_pagos (id, monto, fecha, id_tarjeta_corredor) VALUES (78, 6,TO_DATE('2025-01-05','YYYY-MM-DD'),42);
INSERT INTO transacciones_pagos (id, monto, fecha, id_tarjeta_corredor) VALUES (79, 3,TO_DATE('2025-01-02','YYYY-MM-DD'),76);
INSERT INTO transacciones_pagos (id, monto, fecha, id_tarjeta_corredor) VALUES (80, 5,TO_DATE('2025-04-14','YYYY-MM-DD'),56);
INSERT INTO transacciones_pagos (id, monto, fecha, id_tarjeta_corredor) VALUES (81, 10,TO_DATE('2025-06-24','YYYY-MM-DD'),83);
INSERT INTO transacciones_pagos (id, monto, fecha, id_tarjeta_corredor) VALUES (82, 6,TO_DATE('2025-01-27','YYYY-MM-DD'),51);
INSERT INTO transacciones_pagos (id, monto, fecha, id_tarjeta_corredor) VALUES (83, 9,TO_DATE('2025-01-08','YYYY-MM-DD'),56);
INSERT INTO transacciones_pagos (id, monto, fecha, id_tarjeta_corredor) VALUES (84, 7,TO_DATE('2025-02-08','YYYY-MM-DD'),3);
INSERT INTO transacciones_pagos (id, monto, fecha, id_tarjeta_corredor) VALUES (85, 6,TO_DATE('2025-06-29','YYYY-MM-DD'),79);
INSERT INTO transacciones_pagos (id, monto, fecha, id_tarjeta_corredor) VALUES (86, 5,TO_DATE('2025-05-04','YYYY-MM-DD'),24);
INSERT INTO transacciones_pagos (id, monto, fecha, id_tarjeta_corredor) VALUES (87, 5,TO_DATE('2025-04-29','YYYY-MM-DD'),68);
INSERT INTO transacciones_pagos (id, monto, fecha, id_tarjeta_corredor) VALUES (88, 9,TO_DATE('2025-04-21','YYYY-MM-DD'),69);
INSERT INTO transacciones_pagos (id, monto, fecha, id_tarjeta_corredor) VALUES (89, 9,TO_DATE('2025-02-08','YYYY-MM-DD'),25);
INSERT INTO transacciones_pagos (id, monto, fecha, id_tarjeta_corredor) VALUES (90, 2,TO_DATE('2025-04-16','YYYY-MM-DD'),83);
INSERT INTO transacciones_pagos (id, monto, fecha, id_tarjeta_corredor) VALUES (91, 5,TO_DATE('2025-05-09','YYYY-MM-DD'),14);
INSERT INTO transacciones_pagos (id, monto, fecha, id_tarjeta_corredor) VALUES (92, 1,TO_DATE('2025-05-02','YYYY-MM-DD'),60);
INSERT INTO transacciones_pagos (id, monto, fecha, id_tarjeta_corredor) VALUES (93, 4,TO_DATE('2025-02-01','YYYY-MM-DD'),95);
INSERT INTO transacciones_pagos (id, monto, fecha, id_tarjeta_corredor) VALUES (94, 3,TO_DATE('2025-02-07','YYYY-MM-DD'),23);
INSERT INTO transacciones_pagos (id, monto, fecha, id_tarjeta_corredor) VALUES (95, 7,TO_DATE('2025-02-02','YYYY-MM-DD'),99);
INSERT INTO transacciones_pagos (id, monto, fecha, id_tarjeta_corredor) VALUES (96, 4,TO_DATE('2025-05-06','YYYY-MM-DD'),33);
INSERT INTO transacciones_pagos (id, monto, fecha, id_tarjeta_corredor) VALUES (97, 9,TO_DATE('2025-06-21','YYYY-MM-DD'),57);
INSERT INTO transacciones_pagos (id, monto, fecha, id_tarjeta_corredor) VALUES (98, 2,TO_DATE('2025-01-28','YYYY-MM-DD'),72);
INSERT INTO transacciones_pagos (id, monto, fecha, id_tarjeta_corredor) VALUES (99, 2,TO_DATE('2025-03-24','YYYY-MM-DD'),80);
INSERT INTO transacciones_pagos (id, monto, fecha, id_tarjeta_corredor) VALUES (100, 7,TO_DATE('2025-02-15','YYYY-MM-DD'),86);

-- 15 app billeteras digitales(si)

INSERT INTO app_billeteras_digitales (id, id_metodo_pago, id_nombre_app_billetera) VALUES (1, 5, 2);
INSERT INTO app_billeteras_digitales (id, id_metodo_pago, id_nombre_app_billetera) VALUES (2, 29, 2);
INSERT INTO app_billeteras_digitales (id, id_metodo_pago, id_nombre_app_billetera) VALUES (3, 92, 2);
INSERT INTO app_billeteras_digitales (id, id_metodo_pago, id_nombre_app_billetera) VALUES (4, 7, 2);
INSERT INTO app_billeteras_digitales (id, id_metodo_pago, id_nombre_app_billetera) VALUES (5, 43, 1);
INSERT INTO app_billeteras_digitales (id, id_metodo_pago, id_nombre_app_billetera) VALUES (6, 2, 2);
INSERT INTO app_billeteras_digitales (id, id_metodo_pago, id_nombre_app_billetera) VALUES (7, 51, 2);
INSERT INTO app_billeteras_digitales (id, id_metodo_pago, id_nombre_app_billetera) VALUES (8, 89, 2);
INSERT INTO app_billeteras_digitales (id, id_metodo_pago, id_nombre_app_billetera) VALUES (9, 66, 2);
INSERT INTO app_billeteras_digitales (id, id_metodo_pago, id_nombre_app_billetera) VALUES (10, 47, 2);
INSERT INTO app_billeteras_digitales (id, id_metodo_pago, id_nombre_app_billetera) VALUES (11, 87, 2);
INSERT INTO app_billeteras_digitales (id, id_metodo_pago, id_nombre_app_billetera) VALUES (12, 88, 1);
INSERT INTO app_billeteras_digitales (id, id_metodo_pago, id_nombre_app_billetera) VALUES (13, 14, 2);
INSERT INTO app_billeteras_digitales (id, id_metodo_pago, id_nombre_app_billetera) VALUES (14, 59, 1);
INSERT INTO app_billeteras_digitales (id, id_metodo_pago, id_nombre_app_billetera) VALUES (15, 51, 2);
INSERT INTO app_billeteras_digitales (id, id_metodo_pago, id_nombre_app_billetera) VALUES (16, 90, 1);
INSERT INTO app_billeteras_digitales (id, id_metodo_pago, id_nombre_app_billetera) VALUES (17, 56, 1);
INSERT INTO app_billeteras_digitales (id, id_metodo_pago, id_nombre_app_billetera) VALUES (18, 73, 2);
INSERT INTO app_billeteras_digitales (id, id_metodo_pago, id_nombre_app_billetera) VALUES (19, 76, 1);
INSERT INTO app_billeteras_digitales (id, id_metodo_pago, id_nombre_app_billetera) VALUES (20, 16, 1);
INSERT INTO app_billeteras_digitales (id, id_metodo_pago, id_nombre_app_billetera) VALUES (21, 81, 2);
INSERT INTO app_billeteras_digitales (id, id_metodo_pago, id_nombre_app_billetera) VALUES (22, 63, 2);
INSERT INTO app_billeteras_digitales (id, id_metodo_pago, id_nombre_app_billetera) VALUES (23, 20, 2);
INSERT INTO app_billeteras_digitales (id, id_metodo_pago, id_nombre_app_billetera) VALUES (24, 100, 1);
INSERT INTO app_billeteras_digitales (id, id_metodo_pago, id_nombre_app_billetera) VALUES (25, 68, 2);
INSERT INTO app_billeteras_digitales (id, id_metodo_pago, id_nombre_app_billetera) VALUES (26, 58, 2);
INSERT INTO app_billeteras_digitales (id, id_metodo_pago, id_nombre_app_billetera) VALUES (27, 98, 2);
INSERT INTO app_billeteras_digitales (id, id_metodo_pago, id_nombre_app_billetera) VALUES (28, 12, 1);
INSERT INTO app_billeteras_digitales (id, id_metodo_pago, id_nombre_app_billetera) VALUES (29, 17, 2);
INSERT INTO app_billeteras_digitales (id, id_metodo_pago, id_nombre_app_billetera) VALUES (30, 26, 1);
INSERT INTO app_billeteras_digitales (id, id_metodo_pago, id_nombre_app_billetera) VALUES (31, 33, 1);
INSERT INTO app_billeteras_digitales (id, id_metodo_pago, id_nombre_app_billetera) VALUES (32, 88, 1);
INSERT INTO app_billeteras_digitales (id, id_metodo_pago, id_nombre_app_billetera) VALUES (33, 89, 1);
INSERT INTO app_billeteras_digitales (id, id_metodo_pago, id_nombre_app_billetera) VALUES (34, 96, 2);
INSERT INTO app_billeteras_digitales (id, id_metodo_pago, id_nombre_app_billetera) VALUES (35, 71, 2);
INSERT INTO app_billeteras_digitales (id, id_metodo_pago, id_nombre_app_billetera) VALUES (36, 43, 1);
INSERT INTO app_billeteras_digitales (id, id_metodo_pago, id_nombre_app_billetera) VALUES (37, 16, 2);
INSERT INTO app_billeteras_digitales (id, id_metodo_pago, id_nombre_app_billetera) VALUES (38, 68, 1);
INSERT INTO app_billeteras_digitales (id, id_metodo_pago, id_nombre_app_billetera) VALUES (39, 7, 1);
INSERT INTO app_billeteras_digitales (id, id_metodo_pago, id_nombre_app_billetera) VALUES (40, 74, 1);
INSERT INTO app_billeteras_digitales (id, id_metodo_pago, id_nombre_app_billetera) VALUES (41, 55, 1);
INSERT INTO app_billeteras_digitales (id, id_metodo_pago, id_nombre_app_billetera) VALUES (42, 12, 2);
INSERT INTO app_billeteras_digitales (id, id_metodo_pago, id_nombre_app_billetera) VALUES (43, 19, 2);
INSERT INTO app_billeteras_digitales (id, id_metodo_pago, id_nombre_app_billetera) VALUES (44, 9, 2);
INSERT INTO app_billeteras_digitales (id, id_metodo_pago, id_nombre_app_billetera) VALUES (45, 93, 2);
INSERT INTO app_billeteras_digitales (id, id_metodo_pago, id_nombre_app_billetera) VALUES (46, 40, 2);
INSERT INTO app_billeteras_digitales (id, id_metodo_pago, id_nombre_app_billetera) VALUES (47, 79, 2);
INSERT INTO app_billeteras_digitales (id, id_metodo_pago, id_nombre_app_billetera) VALUES (48, 47, 2);
INSERT INTO app_billeteras_digitales (id, id_metodo_pago, id_nombre_app_billetera) VALUES (49, 6, 1);
INSERT INTO app_billeteras_digitales (id, id_metodo_pago, id_nombre_app_billetera) VALUES (50, 74, 2);
INSERT INTO app_billeteras_digitales (id, id_metodo_pago, id_nombre_app_billetera) VALUES (51, 40, 2);
INSERT INTO app_billeteras_digitales (id, id_metodo_pago, id_nombre_app_billetera) VALUES (52, 84, 1);
INSERT INTO app_billeteras_digitales (id, id_metodo_pago, id_nombre_app_billetera) VALUES (53, 51, 2);
INSERT INTO app_billeteras_digitales (id, id_metodo_pago, id_nombre_app_billetera) VALUES (54, 9, 1);
INSERT INTO app_billeteras_digitales (id, id_metodo_pago, id_nombre_app_billetera) VALUES (55, 83, 1);
INSERT INTO app_billeteras_digitales (id, id_metodo_pago, id_nombre_app_billetera) VALUES (56, 69, 2);
INSERT INTO app_billeteras_digitales (id, id_metodo_pago, id_nombre_app_billetera) VALUES (57, 59, 2);
INSERT INTO app_billeteras_digitales (id, id_metodo_pago, id_nombre_app_billetera) VALUES (58, 23, 1);
INSERT INTO app_billeteras_digitales (id, id_metodo_pago, id_nombre_app_billetera) VALUES (59, 74, 1);
INSERT INTO app_billeteras_digitales (id, id_metodo_pago, id_nombre_app_billetera) VALUES (60, 75, 2);
INSERT INTO app_billeteras_digitales (id, id_metodo_pago, id_nombre_app_billetera) VALUES (61, 35, 2);
INSERT INTO app_billeteras_digitales (id, id_metodo_pago, id_nombre_app_billetera) VALUES (62, 48, 1);
INSERT INTO app_billeteras_digitales (id, id_metodo_pago, id_nombre_app_billetera) VALUES (63, 45, 1);
INSERT INTO app_billeteras_digitales (id, id_metodo_pago, id_nombre_app_billetera) VALUES (64, 64, 1);
INSERT INTO app_billeteras_digitales (id, id_metodo_pago, id_nombre_app_billetera) VALUES (65, 53, 2);
INSERT INTO app_billeteras_digitales (id, id_metodo_pago, id_nombre_app_billetera) VALUES (66, 39, 2);
INSERT INTO app_billeteras_digitales (id, id_metodo_pago, id_nombre_app_billetera) VALUES (67, 98, 2);
INSERT INTO app_billeteras_digitales (id, id_metodo_pago, id_nombre_app_billetera) VALUES (68, 68, 1);
INSERT INTO app_billeteras_digitales (id, id_metodo_pago, id_nombre_app_billetera) VALUES (69, 1, 2);
INSERT INTO app_billeteras_digitales (id, id_metodo_pago, id_nombre_app_billetera) VALUES (70, 96, 2);
INSERT INTO app_billeteras_digitales (id, id_metodo_pago, id_nombre_app_billetera) VALUES (71, 35, 1);
INSERT INTO app_billeteras_digitales (id, id_metodo_pago, id_nombre_app_billetera) VALUES (72, 80, 1);
INSERT INTO app_billeteras_digitales (id, id_metodo_pago, id_nombre_app_billetera) VALUES (73, 83, 1);
INSERT INTO app_billeteras_digitales (id, id_metodo_pago, id_nombre_app_billetera) VALUES (74, 55, 1);
INSERT INTO app_billeteras_digitales (id, id_metodo_pago, id_nombre_app_billetera) VALUES (75, 27, 2);
INSERT INTO app_billeteras_digitales (id, id_metodo_pago, id_nombre_app_billetera) VALUES (76, 53, 2);
INSERT INTO app_billeteras_digitales (id, id_metodo_pago, id_nombre_app_billetera) VALUES (77, 32, 2);
INSERT INTO app_billeteras_digitales (id, id_metodo_pago, id_nombre_app_billetera) VALUES (78, 67, 1);
INSERT INTO app_billeteras_digitales (id, id_metodo_pago, id_nombre_app_billetera) VALUES (79, 21, 1);
INSERT INTO app_billeteras_digitales (id, id_metodo_pago, id_nombre_app_billetera) VALUES (80, 76, 2);
INSERT INTO app_billeteras_digitales (id, id_metodo_pago, id_nombre_app_billetera) VALUES (81, 60, 2);
INSERT INTO app_billeteras_digitales (id, id_metodo_pago, id_nombre_app_billetera) VALUES (82, 30, 2);
INSERT INTO app_billeteras_digitales (id, id_metodo_pago, id_nombre_app_billetera) VALUES (83, 37, 1);
INSERT INTO app_billeteras_digitales (id, id_metodo_pago, id_nombre_app_billetera) VALUES (84, 74, 1);
INSERT INTO app_billeteras_digitales (id, id_metodo_pago, id_nombre_app_billetera) VALUES (85, 75, 2);
INSERT INTO app_billeteras_digitales (id, id_metodo_pago, id_nombre_app_billetera) VALUES (86, 25, 1);
INSERT INTO app_billeteras_digitales (id, id_metodo_pago, id_nombre_app_billetera) VALUES (87, 48, 2);
INSERT INTO app_billeteras_digitales (id, id_metodo_pago, id_nombre_app_billetera) VALUES (88, 1, 2);
INSERT INTO app_billeteras_digitales (id, id_metodo_pago, id_nombre_app_billetera) VALUES (89, 10, 1);
INSERT INTO app_billeteras_digitales (id, id_metodo_pago, id_nombre_app_billetera) VALUES (90, 89, 1);
INSERT INTO app_billeteras_digitales (id, id_metodo_pago, id_nombre_app_billetera) VALUES (91, 77, 1);
INSERT INTO app_billeteras_digitales (id, id_metodo_pago, id_nombre_app_billetera) VALUES (92, 93, 1);
INSERT INTO app_billeteras_digitales (id, id_metodo_pago, id_nombre_app_billetera) VALUES (93, 17, 2);
INSERT INTO app_billeteras_digitales (id, id_metodo_pago, id_nombre_app_billetera) VALUES (94, 37, 2);
INSERT INTO app_billeteras_digitales (id, id_metodo_pago, id_nombre_app_billetera) VALUES (95, 65, 2);
INSERT INTO app_billeteras_digitales (id, id_metodo_pago, id_nombre_app_billetera) VALUES (96, 99, 1);
INSERT INTO app_billeteras_digitales (id, id_metodo_pago, id_nombre_app_billetera) VALUES (97, 27, 2);
INSERT INTO app_billeteras_digitales (id, id_metodo_pago, id_nombre_app_billetera) VALUES (98, 86, 1);
INSERT INTO app_billeteras_digitales (id, id_metodo_pago, id_nombre_app_billetera) VALUES (99, 55, 1);
INSERT INTO app_billeteras_digitales (id, id_metodo_pago, id_nombre_app_billetera) VALUES (100, 57, 1);


-- 16 tarjeta(si)
INSERT INTO tarjetas (id, numero_tarjeta, fecha_caducidad, cvv, nombre_titular, id_metodo_pago, id_red_pago) VALUES (1, 3565657076943438,TO_DATE('04/34','MM-YY'), 377, 'Isidro Nevado Acedo', 35, 3);
INSERT INTO tarjetas (id, numero_tarjeta, fecha_caducidad, cvv, nombre_titular, id_metodo_pago, id_red_pago) VALUES (2, 501809878645,TO_DATE('10/30','MM-YY'), 646, 'Lázaro de Aliaga', 78, 4);
INSERT INTO tarjetas (id, numero_tarjeta, fecha_caducidad, cvv, nombre_titular, id_metodo_pago, id_red_pago) VALUES (3, 2275104730790254,TO_DATE('07/31','MM-YY'), 932, 'Tadeo Rovira', 63, 1);
INSERT INTO tarjetas (id, numero_tarjeta, fecha_caducidad, cvv, nombre_titular, id_metodo_pago, id_red_pago) VALUES (4, 30132241480040,TO_DATE('05/32','MM-YY'), 397, 'Petrona Calatayud Fuertes', 94, 2);
INSERT INTO tarjetas (id, numero_tarjeta, fecha_caducidad, cvv, nombre_titular, id_metodo_pago, id_red_pago) VALUES (5, 180060055263640,TO_DATE('08/31','MM-YY'), 348, 'Carmelita de Mendizábal', 9, 1);
INSERT INTO tarjetas (id, numero_tarjeta, fecha_caducidad, cvv, nombre_titular, id_metodo_pago, id_red_pago) VALUES (6, 4687846956829,TO_DATE('07/25','MM-YY'), 197, 'Miguela Marqués-Landa', 27, 2);
INSERT INTO tarjetas (id, numero_tarjeta, fecha_caducidad, cvv, nombre_titular, id_metodo_pago, id_red_pago) VALUES (7, 213168503159798,TO_DATE('12/34','MM-YY'), 627, 'Maite de Gisbert', 11, 1);
INSERT INTO tarjetas (id, numero_tarjeta, fecha_caducidad, cvv, nombre_titular, id_metodo_pago, id_red_pago) VALUES (8, 4225226548411729267,TO_DATE('05/30','MM-YY'), 578, 'Tadeo Bernad Peinado', 12, 1);
INSERT INTO tarjetas (id, numero_tarjeta, fecha_caducidad, cvv, nombre_titular, id_metodo_pago, id_red_pago) VALUES (9, 4509791699065,TO_DATE('12/27','MM-YY'), 633, 'Ana Landa Mur', 99, 4);
INSERT INTO tarjetas (id, numero_tarjeta, fecha_caducidad, cvv, nombre_titular, id_metodo_pago, id_red_pago) VALUES (10, 3572134116358770,TO_DATE('05/35','MM-YY'), 508, 'Felisa Gallart Paniagua', 4, 4);
INSERT INTO tarjetas (id, numero_tarjeta, fecha_caducidad, cvv, nombre_titular, id_metodo_pago, id_red_pago) VALUES (11, 573065567675,TO_DATE('02/29','MM-YY'), 758, 'Graciana Gual Carvajal', 42, 3);
INSERT INTO tarjetas (id, numero_tarjeta, fecha_caducidad, cvv, nombre_titular, id_metodo_pago, id_red_pago) VALUES (12, 3543348559452983,TO_DATE('04/27','MM-YY'), 905, 'Norberto Talavera Armas', 56, 1);
INSERT INTO tarjetas (id, numero_tarjeta, fecha_caducidad, cvv, nombre_titular, id_metodo_pago, id_red_pago) VALUES (13, 3561682240160606,TO_DATE('01/32','MM-YY'), 717, 'Pelayo Pellicer Amorós', 97, 3);
INSERT INTO tarjetas (id, numero_tarjeta, fecha_caducidad, cvv, nombre_titular, id_metodo_pago, id_red_pago) VALUES (14, 6011125431493575,TO_DATE('05/35','MM-YY'), 527, 'Edgardo Luís Ledesma', 6, 3);
INSERT INTO tarjetas (id, numero_tarjeta, fecha_caducidad, cvv, nombre_titular, id_metodo_pago, id_red_pago) VALUES (15, 2713073125883547,TO_DATE('02/35','MM-YY'), 289, 'América Paniagua-Revilla', 4, 2);
INSERT INTO tarjetas (id, numero_tarjeta, fecha_caducidad, cvv, nombre_titular, id_metodo_pago, id_red_pago) VALUES (16, 4269505145230732,TO_DATE('02/33','MM-YY'), 676, 'Nicodemo Campo', 100, 2);
INSERT INTO tarjetas (id, numero_tarjeta, fecha_caducidad, cvv, nombre_titular, id_metodo_pago, id_red_pago) VALUES (17, 4705734092034032839,TO_DATE('10/26','MM-YY'), 446, 'Macarena Barrio-Pi', 2, 4);
INSERT INTO tarjetas (id, numero_tarjeta, fecha_caducidad, cvv, nombre_titular, id_metodo_pago, id_red_pago) VALUES (18, 348678374955825,TO_DATE('02/26','MM-YY'), 920, 'Emiliana Domínguez', 13, 4);
INSERT INTO tarjetas (id, numero_tarjeta, fecha_caducidad, cvv, nombre_titular, id_metodo_pago, id_red_pago) VALUES (19, 4544599633034372,TO_DATE('02/31','MM-YY'), 329, 'Renata Romero Román', 57, 1);
INSERT INTO tarjetas (id, numero_tarjeta, fecha_caducidad, cvv, nombre_titular, id_metodo_pago, id_red_pago) VALUES (20, 6011716031413391,TO_DATE('03/35','MM-YY'), 668, 'Adolfo Gil Blazquez', 79, 1);
INSERT INTO tarjetas (id, numero_tarjeta, fecha_caducidad, cvv, nombre_titular, id_metodo_pago, id_red_pago) VALUES (21, 2720364021612994,TO_DATE('11/33','MM-YY'), 8701, 'Felicidad Robles', 15, 1);
INSERT INTO tarjetas (id, numero_tarjeta, fecha_caducidad, cvv, nombre_titular, id_metodo_pago, id_red_pago) VALUES (22, 3505932432718342,TO_DATE('02/31','MM-YY'), 190, 'Calixta Lopez-Lucas', 72, 1);
INSERT INTO tarjetas (id, numero_tarjeta, fecha_caducidad, cvv, nombre_titular, id_metodo_pago, id_red_pago) VALUES (23, 213141199547899,TO_DATE('05/26','MM-YY'), 061, 'Luisa Martin Jove', 61, 3);
INSERT INTO tarjetas (id, numero_tarjeta, fecha_caducidad, cvv, nombre_titular, id_metodo_pago, id_red_pago) VALUES (24, 3519095470293695,TO_DATE('02/33','MM-YY'), 979, 'Dalila Martorell Salvador', 100, 4);
INSERT INTO tarjetas (id, numero_tarjeta, fecha_caducidad, cvv, nombre_titular, id_metodo_pago, id_red_pago) VALUES (25, 4653514670910,TO_DATE('07/30','MM-YY'), 529, 'Elena Rojas Melero', 25, 3);
INSERT INTO tarjetas (id, numero_tarjeta, fecha_caducidad, cvv, nombre_titular, id_metodo_pago, id_red_pago) VALUES (26, 4587571960543,TO_DATE('01/26','MM-YY'), 030, 'Ciríaco Lobato Arce', 2, 4);
INSERT INTO tarjetas (id, numero_tarjeta, fecha_caducidad, cvv, nombre_titular, id_metodo_pago, id_red_pago) VALUES (27, 3552033325807854,TO_DATE('11/32','MM-YY'), 521, 'Renata Collado-Huertas', 68, 3);
INSERT INTO tarjetas (id, numero_tarjeta, fecha_caducidad, cvv, nombre_titular, id_metodo_pago, id_red_pago) VALUES (28, 501823900789,TO_DATE('05/32','MM-YY'), 577, 'Clara Diego', 100, 1);
INSERT INTO tarjetas (id, numero_tarjeta, fecha_caducidad, cvv, nombre_titular, id_metodo_pago, id_red_pago) VALUES (29, 4540777455624868,TO_DATE('09/29','MM-YY'), 792, 'Quirino del Román', 41, 4);
INSERT INTO tarjetas (id, numero_tarjeta, fecha_caducidad, cvv, nombre_titular, id_metodo_pago, id_red_pago) VALUES (30, 30526121848624,TO_DATE('04/27','MM-YY'), 4825, 'Ruperto Briones Salazar', 83, 4);
INSERT INTO tarjetas (id, numero_tarjeta, fecha_caducidad, cvv, nombre_titular, id_metodo_pago, id_red_pago) VALUES (31, 3589112020587156,TO_DATE('03/33','MM-YY'), 079, 'Mamen Sierra Morante', 14, 2);
INSERT INTO tarjetas (id, numero_tarjeta, fecha_caducidad, cvv, nombre_titular, id_metodo_pago, id_red_pago) VALUES (32, 4835029451878492,TO_DATE('04/32','MM-YY'), 6223, 'Claudio Miró Elías', 4, 1);
INSERT INTO tarjetas (id, numero_tarjeta, fecha_caducidad, cvv, nombre_titular, id_metodo_pago, id_red_pago) VALUES (33, 6509810576146513,TO_DATE('04/32','MM-YY'), 266, 'Ramona Noguera', 64, 4);
INSERT INTO tarjetas (id, numero_tarjeta, fecha_caducidad, cvv, nombre_titular, id_metodo_pago, id_red_pago) VALUES (34, 588682836113,TO_DATE('12/30','MM-YY'), 298, 'Itziar del Pujadas', 95, 1);
INSERT INTO tarjetas (id, numero_tarjeta, fecha_caducidad, cvv, nombre_titular, id_metodo_pago, id_red_pago) VALUES (35, 38964787575300,TO_DATE('08/33','MM-YY'), 063, 'Loida Cases Manzano', 60, 4);
INSERT INTO tarjetas (id, numero_tarjeta, fecha_caducidad, cvv, nombre_titular, id_metodo_pago, id_red_pago) VALUES (36, 4881061132774,TO_DATE('09/34','MM-YY'), 343, 'Cecilio Ros Torrijos', 36, 3);
INSERT INTO tarjetas (id, numero_tarjeta, fecha_caducidad, cvv, nombre_titular, id_metodo_pago, id_red_pago) VALUES (37, 4035560079888818,TO_DATE('02/30','MM-YY'), 410, 'Jaime Patiño Aguiló', 43, 2);
INSERT INTO tarjetas (id, numero_tarjeta, fecha_caducidad, cvv, nombre_titular, id_metodo_pago, id_red_pago) VALUES (38, 213130664425376,TO_DATE('06/33','MM-YY'), 898, 'Nereida Goicoechea-Carrión', 47, 1);
INSERT INTO tarjetas (id, numero_tarjeta, fecha_caducidad, cvv, nombre_titular, id_metodo_pago, id_red_pago) VALUES (39, 180058227482510,TO_DATE('05/33','MM-YY'), 325, 'Aarón Vara Mancebo', 94, 2);
INSERT INTO tarjetas (id, numero_tarjeta, fecha_caducidad, cvv, nombre_titular, id_metodo_pago, id_red_pago) VALUES (40, 580913374626,TO_DATE('05/32','MM-YY'), 885, 'Victor del Pol', 48, 4);
INSERT INTO tarjetas (id, numero_tarjeta, fecha_caducidad, cvv, nombre_titular, id_metodo_pago, id_red_pago) VALUES (41, 180085532945279,TO_DATE('12/34','MM-YY'), 475, 'María Cristina Córdoba Perea', 28, 2);
INSERT INTO tarjetas (id, numero_tarjeta, fecha_caducidad, cvv, nombre_titular, id_metodo_pago, id_red_pago) VALUES (42, 4269268526164,TO_DATE('01/31','MM-YY'), 916, 'Fulgencio Chaparro-Tejada', 51, 4);
INSERT INTO tarjetas (id, numero_tarjeta, fecha_caducidad, cvv, nombre_titular, id_metodo_pago, id_red_pago) VALUES (43, 2285483255712259,TO_DATE('07/29','MM-YY'), 902, 'Fabián Yáñez Ródenas', 4, 4);
INSERT INTO tarjetas (id, numero_tarjeta, fecha_caducidad, cvv, nombre_titular, id_metodo_pago, id_red_pago) VALUES (44, 213166483106953,TO_DATE('06/31','MM-YY'), 172, 'Ema Santamaria Martínez', 96, 2);
INSERT INTO tarjetas (id, numero_tarjeta, fecha_caducidad, cvv, nombre_titular, id_metodo_pago, id_red_pago) VALUES (45, 3541746982933218,TO_DATE('10/30','MM-YY'), 184, 'Coral Rueda Jurado', 67, 1);
INSERT INTO tarjetas (id, numero_tarjeta, fecha_caducidad, cvv, nombre_titular, id_metodo_pago, id_red_pago) VALUES (46, 180053073603517,TO_DATE('02/28','MM-YY'), 741, 'Fabián Rueda Francisco', 3, 2);
INSERT INTO tarjetas (id, numero_tarjeta, fecha_caducidad, cvv, nombre_titular, id_metodo_pago, id_red_pago) VALUES (47, 30089082336972,TO_DATE('12/26','MM-YY'), 401, 'Julie León Amor', 65, 3);
INSERT INTO tarjetas (id, numero_tarjeta, fecha_caducidad, cvv, nombre_titular, id_metodo_pago, id_red_pago) VALUES (48, 4952352872198399267,TO_DATE('06/35','MM-YY'), 287, 'Plácido Morán Benavent', 32, 2);
INSERT INTO tarjetas (id, numero_tarjeta, fecha_caducidad, cvv, nombre_titular, id_metodo_pago, id_red_pago) VALUES (49, 4074782103510,TO_DATE('03/31','MM-YY'), 438, 'Consuela Pascual', 89, 2);
INSERT INTO tarjetas (id, numero_tarjeta, fecha_caducidad, cvv, nombre_titular, id_metodo_pago, id_red_pago) VALUES (50, 4114187876367,TO_DATE('05/26','MM-YY'), 148, 'José María Pi Palomino', 65, 4);
INSERT INTO tarjetas (id, numero_tarjeta, fecha_caducidad, cvv, nombre_titular, id_metodo_pago, id_red_pago) VALUES (51, 4434461536159421,TO_DATE('11/25','MM-YY'), 432, 'Soraya Morell Moliner', 96, 2);
INSERT INTO tarjetas (id, numero_tarjeta, fecha_caducidad, cvv, nombre_titular, id_metodo_pago, id_red_pago) VALUES (52, 348574968820170,TO_DATE('06/28','MM-YY'), 550, 'Anunciación Alcalá Amo', 95, 4);
INSERT INTO tarjetas (id, numero_tarjeta, fecha_caducidad, cvv, nombre_titular, id_metodo_pago, id_red_pago) VALUES (53, 4589645554351,TO_DATE('11/33','MM-YY'), 419, 'Gertrudis Adora Gimeno Vera', 77, 1);
INSERT INTO tarjetas (id, numero_tarjeta, fecha_caducidad, cvv, nombre_titular, id_metodo_pago, id_red_pago) VALUES (54, 30356550522346,TO_DATE('03/34','MM-YY'), 786, 'Pepita Sanjuan', 35, 3);
INSERT INTO tarjetas (id, numero_tarjeta, fecha_caducidad, cvv, nombre_titular, id_metodo_pago, id_red_pago) VALUES (55, 4355182006033806,TO_DATE('07/28','MM-YY'), 599, 'Ciriaco Criado Segovia', 40, 4);
INSERT INTO tarjetas (id, numero_tarjeta, fecha_caducidad, cvv, nombre_titular, id_metodo_pago, id_red_pago) VALUES (56, 348496755706067,TO_DATE('11/26','MM-YY'), 877, 'Arsenio Chamorro', 37, 3);
INSERT INTO tarjetas (id, numero_tarjeta, fecha_caducidad, cvv, nombre_titular, id_metodo_pago, id_red_pago) VALUES (57, 587782369082,TO_DATE('06/29','MM-YY'), 184, 'Adelaida Arnau-Cerdá', 52, 2);
INSERT INTO tarjetas (id, numero_tarjeta, fecha_caducidad, cvv, nombre_titular, id_metodo_pago, id_red_pago) VALUES (58, 5492165866043545,TO_DATE('12/28','MM-YY'), 801, 'Felisa Quintero Asenjo', 100, 1);
INSERT INTO tarjetas (id, numero_tarjeta, fecha_caducidad, cvv, nombre_titular, id_metodo_pago, id_red_pago) VALUES (59, 4463358705230,TO_DATE('07/30','MM-YY'), 477, 'Edmundo Melero Cabanillas', 89, 4);
INSERT INTO tarjetas (id, numero_tarjeta, fecha_caducidad, cvv, nombre_titular, id_metodo_pago, id_red_pago) VALUES (60, 2375420537855994,TO_DATE('10/31','MM-YY'), 691, 'Ildefonso Cosme Olivares Pinedo', 73, 4);
INSERT INTO tarjetas (id, numero_tarjeta, fecha_caducidad, cvv, nombre_titular, id_metodo_pago, id_red_pago) VALUES (61, 377183612399047,TO_DATE('12/29','MM-YY'), 4979, 'Ezequiel Heliodoro Gallardo Cifuentes', 5, 1);
INSERT INTO tarjetas (id, numero_tarjeta, fecha_caducidad, cvv, nombre_titular, id_metodo_pago, id_red_pago) VALUES (62, 676196688235,TO_DATE('08/34','MM-YY'), 385, 'Chus Prats Abril', 48, 3);
INSERT INTO tarjetas (id, numero_tarjeta, fecha_caducidad, cvv, nombre_titular, id_metodo_pago, id_red_pago) VALUES (63, 213182064327611,TO_DATE('09/27','MM-YY'), 052, 'Evelia Torrents-Pelayo', 37, 4);
INSERT INTO tarjetas (id, numero_tarjeta, fecha_caducidad, cvv, nombre_titular, id_metodo_pago, id_red_pago) VALUES (64, 4456691621190138,TO_DATE('04/29','MM-YY'), 0337, 'Miriam Nazaret Berrocal Morán', 32, 4);
INSERT INTO tarjetas (id, numero_tarjeta, fecha_caducidad, cvv, nombre_titular, id_metodo_pago, id_red_pago) VALUES (65, 342267238483376,TO_DATE('01/33','MM-YY'), 9007, 'Francisco Jose Tejada Contreras', 1, 1);
INSERT INTO tarjetas (id, numero_tarjeta, fecha_caducidad, cvv, nombre_titular, id_metodo_pago, id_red_pago) VALUES (66, 4846551917322739,TO_DATE('03/35','MM-YY'), 931, 'Jose Antonio Marí-Tomas', 7, 1);
INSERT INTO tarjetas (id, numero_tarjeta, fecha_caducidad, cvv, nombre_titular, id_metodo_pago, id_red_pago) VALUES (67, 4892239536606,TO_DATE('07/32','MM-YY'), 9479, 'Emiliana Berrocal Rey', 43, 1);
INSERT INTO tarjetas (id, numero_tarjeta, fecha_caducidad, cvv, nombre_titular, id_metodo_pago, id_red_pago) VALUES (68, 3577902496522164,TO_DATE('08/26','MM-YY'), 966, 'Beatriz Aller-Alcalá', 91, 4);
INSERT INTO tarjetas (id, numero_tarjeta, fecha_caducidad, cvv, nombre_titular, id_metodo_pago, id_red_pago) VALUES (69, 374492721963475,TO_DATE('06/28','MM-YY'), 299, 'Nélida de Calvet', 26, 1);
INSERT INTO tarjetas (id, numero_tarjeta, fecha_caducidad, cvv, nombre_titular, id_metodo_pago, id_red_pago) VALUES (70, 4724708520870,TO_DATE('04/33','MM-YY'), 306, 'Vicenta Cuéllar Ponce', 46, 3);
INSERT INTO tarjetas (id, numero_tarjeta, fecha_caducidad, cvv, nombre_titular, id_metodo_pago, id_red_pago) VALUES (71, 4345809768182,TO_DATE('11/34','MM-YY'), 736, 'Custodio Benitez Mercader', 12, 4);
INSERT INTO tarjetas (id, numero_tarjeta, fecha_caducidad, cvv, nombre_titular, id_metodo_pago, id_red_pago) VALUES (72, 3588749615304462,TO_DATE('05/34','MM-YY'), 485, 'Hugo Lastra Abellán', 60, 4);
INSERT INTO tarjetas (id, numero_tarjeta, fecha_caducidad, cvv, nombre_titular, id_metodo_pago, id_red_pago) VALUES (73, 3565926691984733,TO_DATE('05/35','MM-YY'), 686, 'Melchor Gutierrez Boada', 99, 2);
INSERT INTO tarjetas (id, numero_tarjeta, fecha_caducidad, cvv, nombre_titular, id_metodo_pago, id_red_pago) VALUES (74, 3551749263923806,TO_DATE('08/26','MM-YY'), 149, 'Fanny Rivero Verdú', 1, 2);
INSERT INTO tarjetas (id, numero_tarjeta, fecha_caducidad, cvv, nombre_titular, id_metodo_pago, id_red_pago) VALUES (75, 3531642588560640,TO_DATE('06/29','MM-YY'), 975, 'Malena Palmer', 30, 1);
INSERT INTO tarjetas (id, numero_tarjeta, fecha_caducidad, cvv, nombre_titular, id_metodo_pago, id_red_pago) VALUES (76, 4053733984728885,TO_DATE('07/25','MM-YY'), 885, 'Paco Núñez Girona', 82, 4);
INSERT INTO tarjetas (id, numero_tarjeta, fecha_caducidad, cvv, nombre_titular, id_metodo_pago, id_red_pago) VALUES (77, 180052197302030,TO_DATE('09/33','MM-YY'), 710, 'Estefanía Mendoza Aranda', 30, 3);
INSERT INTO tarjetas (id, numero_tarjeta, fecha_caducidad, cvv, nombre_titular, id_metodo_pago, id_red_pago) VALUES (78, 6011753455854719,TO_DATE('08/31','MM-YY'), 842, 'Horacio Céspedes Donoso', 59, 1);
INSERT INTO tarjetas (id, numero_tarjeta, fecha_caducidad, cvv, nombre_titular, id_metodo_pago, id_red_pago) VALUES (79, 30062525540765,TO_DATE('09/27','MM-YY'), 061, 'Teófila Menéndez-Pereira', 16, 2);
INSERT INTO tarjetas (id, numero_tarjeta, fecha_caducidad, cvv, nombre_titular, id_metodo_pago, id_red_pago) VALUES (80, 3542489493071926,TO_DATE('11/27','MM-YY'), 851, 'Malena Cortés Carballo', 92, 2);
INSERT INTO tarjetas (id, numero_tarjeta, fecha_caducidad, cvv, nombre_titular, id_metodo_pago, id_red_pago) VALUES (81, 180059415659075,TO_DATE('08/30','MM-YY'), 804, 'Augusto López Vigil', 43, 3);
INSERT INTO tarjetas (id, numero_tarjeta, fecha_caducidad, cvv, nombre_titular, id_metodo_pago, id_red_pago) VALUES (82, 675960138609,TO_DATE('09/30','MM-YY'), 148, 'Juliana Gisbert Ariño', 89, 3);
INSERT INTO tarjetas (id, numero_tarjeta, fecha_caducidad, cvv, nombre_titular, id_metodo_pago, id_red_pago) VALUES (83, 30063696902701,TO_DATE('08/26','MM-YY'), 128, 'Quirino Andrés Roldan', 94, 2);
INSERT INTO tarjetas (id, numero_tarjeta, fecha_caducidad, cvv, nombre_titular, id_metodo_pago, id_red_pago) VALUES (84, 2707379790102867,TO_DATE('03/32','MM-YY'), 548, 'Corona Barragán Río', 52, 3);
INSERT INTO tarjetas (id, numero_tarjeta, fecha_caducidad, cvv, nombre_titular, id_metodo_pago, id_red_pago) VALUES (85, 36635595549602,TO_DATE('02/29','MM-YY'), 987, 'Rafa Jose Francisco Tolosa Badía', 44, 1);
INSERT INTO tarjetas (id, numero_tarjeta, fecha_caducidad, cvv, nombre_titular, id_metodo_pago, id_red_pago) VALUES (86, 2274217965744787,TO_DATE('09/25','MM-YY'), 335, 'Bernardo Moreno Arellano', 61, 2);
INSERT INTO tarjetas (id, numero_tarjeta, fecha_caducidad, cvv, nombre_titular, id_metodo_pago, id_red_pago) VALUES (87, 341824440143833,TO_DATE('04/26','MM-YY'), 288, 'Marianela Diaz Miranda', 89, 4);
INSERT INTO tarjetas (id, numero_tarjeta, fecha_caducidad, cvv, nombre_titular, id_metodo_pago, id_red_pago) VALUES (88, 373041804759630,TO_DATE('10/27','MM-YY'), 043, 'Armida Rosa Guitart Giner', 70, 2);
INSERT INTO tarjetas (id, numero_tarjeta, fecha_caducidad, cvv, nombre_titular, id_metodo_pago, id_red_pago) VALUES (89, 3557564867039352,TO_DATE('03/33','MM-YY'), 4496, 'Mercedes del Llobet', 15, 1);
INSERT INTO tarjetas (id, numero_tarjeta, fecha_caducidad, cvv, nombre_titular, id_metodo_pago, id_red_pago) VALUES (90, 4165721123824595,TO_DATE('05/30','MM-YY'), 7748, 'Fidela Llano Beltran', 33, 3);
INSERT INTO tarjetas (id, numero_tarjeta, fecha_caducidad, cvv, nombre_titular, id_metodo_pago, id_red_pago) VALUES (91, 3514884241892348,TO_DATE('11/30','MM-YY'), 996, 'Maxi Gibert-Núñez', 36, 4);
INSERT INTO tarjetas (id, numero_tarjeta, fecha_caducidad, cvv, nombre_titular, id_metodo_pago, id_red_pago) VALUES (92, 340806820761764,TO_DATE('08/34','MM-YY'), 291, 'Mayte Alemany Carranza', 28, 2);
INSERT INTO tarjetas (id, numero_tarjeta, fecha_caducidad, cvv, nombre_titular, id_metodo_pago, id_red_pago) VALUES (93, 2720626111832363,TO_DATE('06/27','MM-YY'), 4756, 'Fabricio Gimenez Alcántara', 66, 1);
INSERT INTO tarjetas (id, numero_tarjeta, fecha_caducidad, cvv, nombre_titular, id_metodo_pago, id_red_pago) VALUES (94, 6511233613955570,TO_DATE('08/34','MM-YY'), 103, 'Marcos Peláez Tirado', 28, 1);
INSERT INTO tarjetas (id, numero_tarjeta, fecha_caducidad, cvv, nombre_titular, id_metodo_pago, id_red_pago) VALUES (95, 2701783200635844,TO_DATE('03/31','MM-YY'), 973, 'Flavio de Chaparro', 74, 4);
INSERT INTO tarjetas (id, numero_tarjeta, fecha_caducidad, cvv, nombre_titular, id_metodo_pago, id_red_pago) VALUES (96, 4975702058610634345,TO_DATE('07/31','MM-YY'), 227, 'Casemiro Hervás Novoa', 4, 4);
INSERT INTO tarjetas (id, numero_tarjeta, fecha_caducidad, cvv, nombre_titular, id_metodo_pago, id_red_pago) VALUES (97, 4894014283776,TO_DATE('10/29','MM-YY'), 773, 'Marcio del Salom', 34, 2);
INSERT INTO tarjetas (id, numero_tarjeta, fecha_caducidad, cvv, nombre_titular, id_metodo_pago, id_red_pago) VALUES (98, 4649743046965350,TO_DATE('12/26','MM-YY'), 441, 'Perla de Palmer', 85, 1);
INSERT INTO tarjetas (id, numero_tarjeta, fecha_caducidad, cvv, nombre_titular, id_metodo_pago, id_red_pago) VALUES (99, 4692172832998092,TO_DATE('06/29','MM-YY'), 119, 'Tere Bonet Solé', 23, 1);
INSERT INTO tarjetas (id, numero_tarjeta, fecha_caducidad, cvv, nombre_titular, id_metodo_pago, id_red_pago) VALUES (100, 4578542140869896258,TO_DATE('09/30','MM-YY'), 4961, 'Andrea Caro Bárcena', 66, 1);
-- 17 viajes

INSERT INTO viajes (id, fecha, final_estacion_id, inicial_estacion_id,perfil_id) VALUES (1, TO_DATE('2025-01-11','YYYY-MM-DD'),37, 21,8);
INSERT INTO viajes (id, fecha, final_estacion_id, inicial_estacion_id,perfil_id) VALUES (2, TO_DATE('2025-03-06','YYYY-MM-DD'),87, 64,14);
INSERT INTO viajes (id, fecha, final_estacion_id, inicial_estacion_id,perfil_id) VALUES (3, TO_DATE('2025-04-03','YYYY-MM-DD'),13, 23,92);
INSERT INTO viajes (id, fecha, final_estacion_id, inicial_estacion_id,perfil_id) VALUES (4, TO_DATE('2025-03-27','YYYY-MM-DD'),12, 3,6);
INSERT INTO viajes (id, fecha, final_estacion_id, inicial_estacion_id,perfil_id) VALUES (5, TO_DATE('2025-01-21','YYYY-MM-DD'),69, 40,31);
INSERT INTO viajes (id, fecha, final_estacion_id, inicial_estacion_id,perfil_id) VALUES (6, TO_DATE('2025-03-14','YYYY-MM-DD'),89, 55,25);
INSERT INTO viajes (id, fecha, final_estacion_id, inicial_estacion_id,perfil_id) VALUES (7, TO_DATE('2025-02-16','YYYY-MM-DD'),16, 24,23);
INSERT INTO viajes (id, fecha, final_estacion_id, inicial_estacion_id,perfil_id) VALUES (8, TO_DATE('2025-02-20','YYYY-MM-DD'),31, 40,69);
INSERT INTO viajes (id, fecha, final_estacion_id, inicial_estacion_id,perfil_id) VALUES (9, TO_DATE('2025-02-25','YYYY-MM-DD'),97, 65,89);
INSERT INTO viajes (id, fecha, final_estacion_id, inicial_estacion_id,perfil_id) VALUES (10, TO_DATE('2025-01-28','YYYY-MM-DD'),78, 24,42);
INSERT INTO viajes (id, fecha, final_estacion_id, inicial_estacion_id,perfil_id) VALUES (11, TO_DATE('2025-04-13','YYYY-MM-DD'),23, 46,32);
INSERT INTO viajes (id, fecha, final_estacion_id, inicial_estacion_id,perfil_id) VALUES (12, TO_DATE('2025-06-19','YYYY-MM-DD'),7, 73,42);
INSERT INTO viajes (id, fecha, final_estacion_id, inicial_estacion_id,perfil_id) VALUES (13, TO_DATE('2025-06-30','YYYY-MM-DD'),72, 86,75);
INSERT INTO viajes (id, fecha, final_estacion_id, inicial_estacion_id,perfil_id) VALUES (14, TO_DATE('2025-03-24','YYYY-MM-DD'),14, 10,46);
INSERT INTO viajes (id, fecha, final_estacion_id, inicial_estacion_id,perfil_id) VALUES (15, TO_DATE('2025-03-05','YYYY-MM-DD'),76, 41,65);
INSERT INTO viajes (id, fecha, final_estacion_id, inicial_estacion_id,perfil_id) VALUES (16, TO_DATE('2025-04-06','YYYY-MM-DD'),91, 10,53);
INSERT INTO viajes (id, fecha, final_estacion_id, inicial_estacion_id,perfil_id) VALUES (17, TO_DATE('2025-06-26','YYYY-MM-DD'),57, 67,7);
INSERT INTO viajes (id, fecha, final_estacion_id, inicial_estacion_id,perfil_id) VALUES (18, TO_DATE('2025-04-22','YYYY-MM-DD'),49, 45,49);
INSERT INTO viajes (id, fecha, final_estacion_id, inicial_estacion_id,perfil_id) VALUES (19, TO_DATE('2025-05-10','YYYY-MM-DD'),49, 95,5);
INSERT INTO viajes (id, fecha, final_estacion_id, inicial_estacion_id,perfil_id) VALUES (20, TO_DATE('2025-02-07','YYYY-MM-DD'),70, 11,53);
INSERT INTO viajes (id, fecha, final_estacion_id, inicial_estacion_id,perfil_id) VALUES (21, TO_DATE('2025-06-20','YYYY-MM-DD'),87, 90,52);
INSERT INTO viajes (id, fecha, final_estacion_id, inicial_estacion_id,perfil_id) VALUES (22, TO_DATE('2025-01-29','YYYY-MM-DD'),95, 42,51);
INSERT INTO viajes (id, fecha, final_estacion_id, inicial_estacion_id,perfil_id) VALUES (23, TO_DATE('2025-05-26','YYYY-MM-DD'),8, 27,15);
INSERT INTO viajes (id, fecha, final_estacion_id, inicial_estacion_id,perfil_id) VALUES (24, TO_DATE('2025-01-17','YYYY-MM-DD'),34, 67,76);
INSERT INTO viajes (id, fecha, final_estacion_id, inicial_estacion_id,perfil_id) VALUES (25, TO_DATE('2025-02-13','YYYY-MM-DD'),67, 29,65);
INSERT INTO viajes (id, fecha, final_estacion_id, inicial_estacion_id,perfil_id) VALUES (26, TO_DATE('2025-01-26','YYYY-MM-DD'),64, 97,92);
INSERT INTO viajes (id, fecha, final_estacion_id, inicial_estacion_id,perfil_id) VALUES (27, TO_DATE('2025-05-15','YYYY-MM-DD'),27, 42,20);
INSERT INTO viajes (id, fecha, final_estacion_id, inicial_estacion_id,perfil_id) VALUES (28, TO_DATE('2025-03-20','YYYY-MM-DD'),79, 82,20);
INSERT INTO viajes (id, fecha, final_estacion_id, inicial_estacion_id,perfil_id) VALUES (29, TO_DATE('2025-05-22','YYYY-MM-DD'),53, 12,63);
INSERT INTO viajes (id, fecha, final_estacion_id, inicial_estacion_id,perfil_id) VALUES (30, TO_DATE('2025-01-06','YYYY-MM-DD'),34, 8,49);
INSERT INTO viajes (id, fecha, final_estacion_id, inicial_estacion_id,perfil_id) VALUES (31, TO_DATE('2025-05-23','YYYY-MM-DD'),73, 92,92);
INSERT INTO viajes (id, fecha, final_estacion_id, inicial_estacion_id,perfil_id) VALUES (32, TO_DATE('2025-03-15','YYYY-MM-DD'),75, 89,63);
INSERT INTO viajes (id, fecha, final_estacion_id, inicial_estacion_id,perfil_id) VALUES (33, TO_DATE('2025-02-25','YYYY-MM-DD'),10, 49,99);
INSERT INTO viajes (id, fecha, final_estacion_id, inicial_estacion_id,perfil_id) VALUES (34, TO_DATE('2025-04-08','YYYY-MM-DD'),84, 28,100);
INSERT INTO viajes (id, fecha, final_estacion_id, inicial_estacion_id,perfil_id) VALUES (35, TO_DATE('2025-02-19','YYYY-MM-DD'),90, 48,91);
INSERT INTO viajes (id, fecha, final_estacion_id, inicial_estacion_id,perfil_id) VALUES (36, TO_DATE('2025-03-09','YYYY-MM-DD'),55, 24,68);
INSERT INTO viajes (id, fecha, final_estacion_id, inicial_estacion_id,perfil_id) VALUES (37, TO_DATE('2025-03-10','YYYY-MM-DD'),4, 53,91);
INSERT INTO viajes (id, fecha, final_estacion_id, inicial_estacion_id,perfil_id) VALUES (38, TO_DATE('2025-06-15','YYYY-MM-DD'),2, 82,50);
INSERT INTO viajes (id, fecha, final_estacion_id, inicial_estacion_id,perfil_id) VALUES (39, TO_DATE('2025-01-10','YYYY-MM-DD'),42, 76,31);
INSERT INTO viajes (id, fecha, final_estacion_id, inicial_estacion_id,perfil_id) VALUES (40, TO_DATE('2025-02-01','YYYY-MM-DD'),28, 83,45);
INSERT INTO viajes (id, fecha, final_estacion_id, inicial_estacion_id,perfil_id) VALUES (41, TO_DATE('2025-03-22','YYYY-MM-DD'),39, 36,65);
INSERT INTO viajes (id, fecha, final_estacion_id, inicial_estacion_id,perfil_id) VALUES (42, TO_DATE('2025-02-20','YYYY-MM-DD'),1, 85,18);
INSERT INTO viajes (id, fecha, final_estacion_id, inicial_estacion_id,perfil_id) VALUES (43, TO_DATE('2025-06-14','YYYY-MM-DD'),44, 65,43);
INSERT INTO viajes (id, fecha, final_estacion_id, inicial_estacion_id,perfil_id) VALUES (44, TO_DATE('2025-02-22','YYYY-MM-DD'),9, 43,19);
INSERT INTO viajes (id, fecha, final_estacion_id, inicial_estacion_id,perfil_id) VALUES (45, TO_DATE('2025-04-28','YYYY-MM-DD'),91, 6,15);
INSERT INTO viajes (id, fecha, final_estacion_id, inicial_estacion_id,perfil_id) VALUES (46, TO_DATE('2025-06-06','YYYY-MM-DD'),86, 42,55);
INSERT INTO viajes (id, fecha, final_estacion_id, inicial_estacion_id,perfil_id) VALUES (47, TO_DATE('2025-01-25','YYYY-MM-DD'),50, 50,11);
INSERT INTO viajes (id, fecha, final_estacion_id, inicial_estacion_id,perfil_id) VALUES (48, TO_DATE('2025-05-20','YYYY-MM-DD'),62, 55,10);
INSERT INTO viajes (id, fecha, final_estacion_id, inicial_estacion_id,perfil_id) VALUES (49, TO_DATE('2025-03-20','YYYY-MM-DD'),23, 17,26);
INSERT INTO viajes (id, fecha, final_estacion_id, inicial_estacion_id,perfil_id) VALUES (50, TO_DATE('2025-05-12','YYYY-MM-DD'),6, 16,88);
INSERT INTO viajes (id, fecha, final_estacion_id, inicial_estacion_id,perfil_id) VALUES (51, TO_DATE('2025-03-28','YYYY-MM-DD'),72, 97,47);
INSERT INTO viajes (id, fecha, final_estacion_id, inicial_estacion_id,perfil_id) VALUES (52, TO_DATE('2025-04-19','YYYY-MM-DD'),77, 91,92);
INSERT INTO viajes (id, fecha, final_estacion_id, inicial_estacion_id,perfil_id) VALUES (53, TO_DATE('2025-04-11','YYYY-MM-DD'),50, 16,84);
INSERT INTO viajes (id, fecha, final_estacion_id, inicial_estacion_id,perfil_id) VALUES (54, TO_DATE('2025-04-12','YYYY-MM-DD'),93, 96,46);
INSERT INTO viajes (id, fecha, final_estacion_id, inicial_estacion_id,perfil_id) VALUES (55, TO_DATE('2025-03-09','YYYY-MM-DD'),39, 46,64);
INSERT INTO viajes (id, fecha, final_estacion_id, inicial_estacion_id,perfil_id) VALUES (56, TO_DATE('2025-04-25','YYYY-MM-DD'),13, 4,21);
INSERT INTO viajes (id, fecha, final_estacion_id, inicial_estacion_id,perfil_id) VALUES (57, TO_DATE('2025-06-04','YYYY-MM-DD'),66, 13,98);
INSERT INTO viajes (id, fecha, final_estacion_id, inicial_estacion_id,perfil_id) VALUES (58, TO_DATE('2025-05-05','YYYY-MM-DD'),20, 50,12);
INSERT INTO viajes (id, fecha, final_estacion_id, inicial_estacion_id,perfil_id) VALUES (59, TO_DATE('2025-04-10','YYYY-MM-DD'),80, 52,30);
INSERT INTO viajes (id, fecha, final_estacion_id, inicial_estacion_id,perfil_id) VALUES (60, TO_DATE('2025-01-21','YYYY-MM-DD'),46, 19,42);
INSERT INTO viajes (id, fecha, final_estacion_id, inicial_estacion_id,perfil_id) VALUES (61, TO_DATE('2025-05-10','YYYY-MM-DD'),97, 85,16);
INSERT INTO viajes (id, fecha, final_estacion_id, inicial_estacion_id,perfil_id) VALUES (62, TO_DATE('2025-05-22','YYYY-MM-DD'),99, 92,64);
INSERT INTO viajes (id, fecha, final_estacion_id, inicial_estacion_id,perfil_id) VALUES (63, TO_DATE('2025-05-14','YYYY-MM-DD'),30, 32,86);
INSERT INTO viajes (id, fecha, final_estacion_id, inicial_estacion_id,perfil_id) VALUES (64, TO_DATE('2025-03-15','YYYY-MM-DD'),12, 29,59);
INSERT INTO viajes (id, fecha, final_estacion_id, inicial_estacion_id,perfil_id) VALUES (65, TO_DATE('2025-01-29','YYYY-MM-DD'),44, 18,5);
INSERT INTO viajes (id, fecha, final_estacion_id, inicial_estacion_id,perfil_id) VALUES (66, TO_DATE('2025-06-26','YYYY-MM-DD'),84, 90,51);
INSERT INTO viajes (id, fecha, final_estacion_id, inicial_estacion_id,perfil_id) VALUES (67, TO_DATE('2025-01-19','YYYY-MM-DD'),88, 61,3);
INSERT INTO viajes (id, fecha, final_estacion_id, inicial_estacion_id,perfil_id) VALUES (68, TO_DATE('2025-01-27','YYYY-MM-DD'),80, 47,99);
INSERT INTO viajes (id, fecha, final_estacion_id, inicial_estacion_id,perfil_id) VALUES (69, TO_DATE('2025-01-12','YYYY-MM-DD'),9, 25,88);
INSERT INTO viajes (id, fecha, final_estacion_id, inicial_estacion_id,perfil_id) VALUES (70, TO_DATE('2025-05-31','YYYY-MM-DD'),33, 91,76);
INSERT INTO viajes (id, fecha, final_estacion_id, inicial_estacion_id,perfil_id) VALUES (71, TO_DATE('2025-01-19','YYYY-MM-DD'),51, 76,2);
INSERT INTO viajes (id, fecha, final_estacion_id, inicial_estacion_id,perfil_id) VALUES (72, TO_DATE('2025-05-26','YYYY-MM-DD'),73, 81,68);
INSERT INTO viajes (id, fecha, final_estacion_id, inicial_estacion_id,perfil_id) VALUES (73, TO_DATE('2025-05-11','YYYY-MM-DD'),26, 88,46);
INSERT INTO viajes (id, fecha, final_estacion_id, inicial_estacion_id,perfil_id) VALUES (74, TO_DATE('2025-04-08','YYYY-MM-DD'),5, 32,8);
INSERT INTO viajes (id, fecha, final_estacion_id, inicial_estacion_id,perfil_id) VALUES (75, TO_DATE('2025-03-02','YYYY-MM-DD'),42, 88,51);
INSERT INTO viajes (id, fecha, final_estacion_id, inicial_estacion_id,perfil_id) VALUES (76, TO_DATE('2025-01-12','YYYY-MM-DD'),37, 90,6);
INSERT INTO viajes (id, fecha, final_estacion_id, inicial_estacion_id,perfil_id) VALUES (77, TO_DATE('2025-04-03','YYYY-MM-DD'),86, 7,99);
INSERT INTO viajes (id, fecha, final_estacion_id, inicial_estacion_id,perfil_id) VALUES (78, TO_DATE('2025-03-23','YYYY-MM-DD'),65, 58,77);
INSERT INTO viajes (id, fecha, final_estacion_id, inicial_estacion_id,perfil_id) VALUES (79, TO_DATE('2025-05-04','YYYY-MM-DD'),32, 47,20);
INSERT INTO viajes (id, fecha, final_estacion_id, inicial_estacion_id,perfil_id) VALUES (80, TO_DATE('2025-04-12','YYYY-MM-DD'),46, 81,42);
INSERT INTO viajes (id, fecha, final_estacion_id, inicial_estacion_id,perfil_id) VALUES (81, TO_DATE('2025-04-25','YYYY-MM-DD'),93, 99,50);
INSERT INTO viajes (id, fecha, final_estacion_id, inicial_estacion_id,perfil_id) VALUES (82, TO_DATE('2025-01-19','YYYY-MM-DD'),26, 67,54);
INSERT INTO viajes (id, fecha, final_estacion_id, inicial_estacion_id,perfil_id) VALUES (83, TO_DATE('2025-02-18','YYYY-MM-DD'),52, 91,32);
INSERT INTO viajes (id, fecha, final_estacion_id, inicial_estacion_id,perfil_id) VALUES (84, TO_DATE('2025-05-05','YYYY-MM-DD'),52, 47,36);
INSERT INTO viajes (id, fecha, final_estacion_id, inicial_estacion_id,perfil_id) VALUES (85, TO_DATE('2025-03-06','YYYY-MM-DD'),49, 39,27);
INSERT INTO viajes (id, fecha, final_estacion_id, inicial_estacion_id,perfil_id) VALUES (86, TO_DATE('2025-06-15','YYYY-MM-DD'),82, 20,32);
INSERT INTO viajes (id, fecha, final_estacion_id, inicial_estacion_id,perfil_id) VALUES (87, TO_DATE('2025-03-24','YYYY-MM-DD'),74, 3,60);
INSERT INTO viajes (id, fecha, final_estacion_id, inicial_estacion_id,perfil_id) VALUES (88, TO_DATE('2025-05-15','YYYY-MM-DD'),27, 8,61);
INSERT INTO viajes (id, fecha, final_estacion_id, inicial_estacion_id,perfil_id) VALUES (89, TO_DATE('2025-07-01','YYYY-MM-DD'),48, 6,17);
INSERT INTO viajes (id, fecha, final_estacion_id, inicial_estacion_id,perfil_id) VALUES (90, TO_DATE('2025-01-30','YYYY-MM-DD'),38, 79,70);
INSERT INTO viajes (id, fecha, final_estacion_id, inicial_estacion_id,perfil_id) VALUES (91, TO_DATE('2025-03-19','YYYY-MM-DD'),19, 89,46);
INSERT INTO viajes (id, fecha, final_estacion_id, inicial_estacion_id,perfil_id) VALUES (92, TO_DATE('2025-01-22','YYYY-MM-DD'),21, 19,41);
INSERT INTO viajes (id, fecha, final_estacion_id, inicial_estacion_id,perfil_id) VALUES (93, TO_DATE('2025-03-21','YYYY-MM-DD'),69, 85,90);
INSERT INTO viajes (id, fecha, final_estacion_id, inicial_estacion_id,perfil_id) VALUES (94, TO_DATE('2025-05-08','YYYY-MM-DD'),70, 87,97);
INSERT INTO viajes (id, fecha, final_estacion_id, inicial_estacion_id,perfil_id) VALUES (95, TO_DATE('2025-06-22','YYYY-MM-DD'),64, 80,78);
INSERT INTO viajes (id, fecha, final_estacion_id, inicial_estacion_id,perfil_id) VALUES (96, TO_DATE('2025-01-10','YYYY-MM-DD'),73, 87,69);
INSERT INTO viajes (id, fecha, final_estacion_id, inicial_estacion_id,perfil_id) VALUES (97, TO_DATE('2025-04-22','YYYY-MM-DD'),84, 25,84);
INSERT INTO viajes (id, fecha, final_estacion_id, inicial_estacion_id,perfil_id) VALUES (98, TO_DATE('2025-03-27','YYYY-MM-DD'),41, 46,38);
INSERT INTO viajes (id, fecha, final_estacion_id, inicial_estacion_id,perfil_id) VALUES (99, TO_DATE('2025-03-05','YYYY-MM-DD'),34, 46,27);
INSERT INTO viajes (id, fecha, final_estacion_id, inicial_estacion_id,perfil_id) VALUES (100, TO_DATE('2025-03-27','YYYY-MM-DD'),62, 10,52);

-- 18 notificaciones perfiles
INSERT INTO notificaciones_perfiles (id, id_notificacion, id_perfil) VALUES (1, 2,1);
INSERT INTO notificaciones_perfiles (id, id_notificacion, id_perfil) VALUES (2, 4,2);
INSERT INTO notificaciones_perfiles (id, id_notificacion, id_perfil) VALUES (3, 2,2);
INSERT INTO notificaciones_perfiles (id, id_notificacion, id_perfil) VALUES (4, 1,2);
INSERT INTO notificaciones_perfiles (id, id_notificacion, id_perfil) VALUES (5, 3,2);
INSERT INTO notificaciones_perfiles (id, id_notificacion, id_perfil) VALUES (6, 1,3);
INSERT INTO notificaciones_perfiles (id, id_notificacion, id_perfil) VALUES (7, 5,4);
INSERT INTO notificaciones_perfiles (id, id_notificacion, id_perfil) VALUES (8, 4,4);
INSERT INTO notificaciones_perfiles (id, id_notificacion, id_perfil) VALUES (9, 1,4);
INSERT INTO notificaciones_perfiles (id, id_notificacion, id_perfil) VALUES (10, 3,4);
INSERT INTO notificaciones_perfiles (id, id_notificacion, id_perfil) VALUES (11, 2,4);
INSERT INTO notificaciones_perfiles (id, id_notificacion, id_perfil) VALUES (12, 2,5);
INSERT INTO notificaciones_perfiles (id, id_notificacion, id_perfil) VALUES (13, 4,5);
INSERT INTO notificaciones_perfiles (id, id_notificacion, id_perfil) VALUES (14, 2,6);
INSERT INTO notificaciones_perfiles (id, id_notificacion, id_perfil) VALUES (15, 4,6);
INSERT INTO notificaciones_perfiles (id, id_notificacion, id_perfil) VALUES (16, 1,6);
INSERT INTO notificaciones_perfiles (id, id_notificacion, id_perfil) VALUES (17, 5,6);
INSERT INTO notificaciones_perfiles (id, id_notificacion, id_perfil) VALUES (18, 5,7);
INSERT INTO notificaciones_perfiles (id, id_notificacion, id_perfil) VALUES (19, 2,8);
INSERT INTO notificaciones_perfiles (id, id_notificacion, id_perfil) VALUES (20, 3,8);
INSERT INTO notificaciones_perfiles (id, id_notificacion, id_perfil) VALUES (21, 1,8);
INSERT INTO notificaciones_perfiles (id, id_notificacion, id_perfil) VALUES (22, 4,8);
INSERT INTO notificaciones_perfiles (id, id_notificacion, id_perfil) VALUES (23, 5,9);
INSERT INTO notificaciones_perfiles (id, id_notificacion, id_perfil) VALUES (24, 2,10);
INSERT INTO notificaciones_perfiles (id, id_notificacion, id_perfil) VALUES (25, 4,10);
INSERT INTO notificaciones_perfiles (id, id_notificacion, id_perfil) VALUES (26, 3,10);
INSERT INTO notificaciones_perfiles (id, id_notificacion, id_perfil) VALUES (27, 5,10);
INSERT INTO notificaciones_perfiles (id, id_notificacion, id_perfil) VALUES (28, 3,11);
INSERT INTO notificaciones_perfiles (id, id_notificacion, id_perfil) VALUES (29, 3,12);
INSERT INTO notificaciones_perfiles (id, id_notificacion, id_perfil) VALUES (30, 4,13);
INSERT INTO notificaciones_perfiles (id, id_notificacion, id_perfil) VALUES (31, 5,13);
INSERT INTO notificaciones_perfiles (id, id_notificacion, id_perfil) VALUES (32, 3,13);
INSERT INTO notificaciones_perfiles (id, id_notificacion, id_perfil) VALUES (33, 1,14);
INSERT INTO notificaciones_perfiles (id, id_notificacion, id_perfil) VALUES (34, 4,14);
INSERT INTO notificaciones_perfiles (id, id_notificacion, id_perfil) VALUES (35, 5,14);
INSERT INTO notificaciones_perfiles (id, id_notificacion, id_perfil) VALUES (36, 2,15);
INSERT INTO notificaciones_perfiles (id, id_notificacion, id_perfil) VALUES (37, 4,15);
INSERT INTO notificaciones_perfiles (id, id_notificacion, id_perfil) VALUES (38, 5,15);
INSERT INTO notificaciones_perfiles (id, id_notificacion, id_perfil) VALUES (39, 1,15);
INSERT INTO notificaciones_perfiles (id, id_notificacion, id_perfil) VALUES (40, 3,15);
INSERT INTO notificaciones_perfiles (id, id_notificacion, id_perfil) VALUES (41, 3,16);
INSERT INTO notificaciones_perfiles (id, id_notificacion, id_perfil) VALUES (42, 3,17);
INSERT INTO notificaciones_perfiles (id, id_notificacion, id_perfil) VALUES (43, 4,17);
INSERT INTO notificaciones_perfiles (id, id_notificacion, id_perfil) VALUES (44, 5,17);
INSERT INTO notificaciones_perfiles (id, id_notificacion, id_perfil) VALUES (45, 2,18);
INSERT INTO notificaciones_perfiles (id, id_notificacion, id_perfil) VALUES (46, 3,18);
INSERT INTO notificaciones_perfiles (id, id_notificacion, id_perfil) VALUES (47, 4,18);
INSERT INTO notificaciones_perfiles (id, id_notificacion, id_perfil) VALUES (48, 5,18);
INSERT INTO notificaciones_perfiles (id, id_notificacion, id_perfil) VALUES (49, 2,19);
INSERT INTO notificaciones_perfiles (id, id_notificacion, id_perfil) VALUES (50, 4,19);
INSERT INTO notificaciones_perfiles (id, id_notificacion, id_perfil) VALUES (51, 3,19);
INSERT INTO notificaciones_perfiles (id, id_notificacion, id_perfil) VALUES (52, 1,20);
INSERT INTO notificaciones_perfiles (id, id_notificacion, id_perfil) VALUES (53, 1,21);
INSERT INTO notificaciones_perfiles (id, id_notificacion, id_perfil) VALUES (54, 4,21);
INSERT INTO notificaciones_perfiles (id, id_notificacion, id_perfil) VALUES (55, 5,21);
INSERT INTO notificaciones_perfiles (id, id_notificacion, id_perfil) VALUES (56, 3,21);
INSERT INTO notificaciones_perfiles (id, id_notificacion, id_perfil) VALUES (57, 2,21);
INSERT INTO notificaciones_perfiles (id, id_notificacion, id_perfil) VALUES (58, 1,22);
INSERT INTO notificaciones_perfiles (id, id_notificacion, id_perfil) VALUES (59, 5,22);
INSERT INTO notificaciones_perfiles (id, id_notificacion, id_perfil) VALUES (60, 4,22);
INSERT INTO notificaciones_perfiles (id, id_notificacion, id_perfil) VALUES (61, 2,22);
INSERT INTO notificaciones_perfiles (id, id_notificacion, id_perfil) VALUES (62, 2,23);
INSERT INTO notificaciones_perfiles (id, id_notificacion, id_perfil) VALUES (63, 3,23);
INSERT INTO notificaciones_perfiles (id, id_notificacion, id_perfil) VALUES (64, 1,23);
INSERT INTO notificaciones_perfiles (id, id_notificacion, id_perfil) VALUES (65, 4,23);
INSERT INTO notificaciones_perfiles (id, id_notificacion, id_perfil) VALUES (66, 4,24);
INSERT INTO notificaciones_perfiles (id, id_notificacion, id_perfil) VALUES (67, 3,24);
INSERT INTO notificaciones_perfiles (id, id_notificacion, id_perfil) VALUES (68, 1,24);
INSERT INTO notificaciones_perfiles (id, id_notificacion, id_perfil) VALUES (69, 2,25);
INSERT INTO notificaciones_perfiles (id, id_notificacion, id_perfil) VALUES (70, 5,25);
INSERT INTO notificaciones_perfiles (id, id_notificacion, id_perfil) VALUES (71, 3,25);
INSERT INTO notificaciones_perfiles (id, id_notificacion, id_perfil) VALUES (72, 1,25);
INSERT INTO notificaciones_perfiles (id, id_notificacion, id_perfil) VALUES (73, 4,25);
INSERT INTO notificaciones_perfiles (id, id_notificacion, id_perfil) VALUES (74, 5,26);
INSERT INTO notificaciones_perfiles (id, id_notificacion, id_perfil) VALUES (75, 2,26);
INSERT INTO notificaciones_perfiles (id, id_notificacion, id_perfil) VALUES (76, 3,26);
INSERT INTO notificaciones_perfiles (id, id_notificacion, id_perfil) VALUES (77, 1,27);
INSERT INTO notificaciones_perfiles (id, id_notificacion, id_perfil) VALUES (78, 3,27);
INSERT INTO notificaciones_perfiles (id, id_notificacion, id_perfil) VALUES (79, 4,28);
INSERT INTO notificaciones_perfiles (id, id_notificacion, id_perfil) VALUES (80, 5,28);
INSERT INTO notificaciones_perfiles (id, id_notificacion, id_perfil) VALUES (81, 2,28);
INSERT INTO notificaciones_perfiles (id, id_notificacion, id_perfil) VALUES (82, 4,29);
INSERT INTO notificaciones_perfiles (id, id_notificacion, id_perfil) VALUES (83, 5,29);
INSERT INTO notificaciones_perfiles (id, id_notificacion, id_perfil) VALUES (84, 2,29);
INSERT INTO notificaciones_perfiles (id, id_notificacion, id_perfil) VALUES (85, 2,30);
INSERT INTO notificaciones_perfiles (id, id_notificacion, id_perfil) VALUES (86, 4,30);
INSERT INTO notificaciones_perfiles (id, id_notificacion, id_perfil) VALUES (87, 3,30);
INSERT INTO notificaciones_perfiles (id, id_notificacion, id_perfil) VALUES (88, 4,31);
INSERT INTO notificaciones_perfiles (id, id_notificacion, id_perfil) VALUES (89, 3,31);
INSERT INTO notificaciones_perfiles (id, id_notificacion, id_perfil) VALUES (90, 2,31);
INSERT INTO notificaciones_perfiles (id, id_notificacion, id_perfil) VALUES (91, 1,31);
INSERT INTO notificaciones_perfiles (id, id_notificacion, id_perfil) VALUES (92, 5,31);
INSERT INTO notificaciones_perfiles (id, id_notificacion, id_perfil) VALUES (93, 4,32);
INSERT INTO notificaciones_perfiles (id, id_notificacion, id_perfil) VALUES (94, 3,32);
INSERT INTO notificaciones_perfiles (id, id_notificacion, id_perfil) VALUES (95, 1,32);
INSERT INTO notificaciones_perfiles (id, id_notificacion, id_perfil) VALUES (96, 5,32);
INSERT INTO notificaciones_perfiles (id, id_notificacion, id_perfil) VALUES (97, 5,33);
INSERT INTO notificaciones_perfiles (id, id_notificacion, id_perfil) VALUES (98, 1,34);
INSERT INTO notificaciones_perfiles (id, id_notificacion, id_perfil) VALUES (99, 2,34);
INSERT INTO notificaciones_perfiles (id, id_notificacion, id_perfil) VALUES (100, 3,34);
INSERT INTO notificaciones_perfiles (id, id_notificacion, id_perfil) VALUES (101, 4,34);
INSERT INTO notificaciones_perfiles (id, id_notificacion, id_perfil) VALUES (102, 5,34);
INSERT INTO notificaciones_perfiles (id, id_notificacion, id_perfil) VALUES (103, 1,35);
INSERT INTO notificaciones_perfiles (id, id_notificacion, id_perfil) VALUES (104, 5,36);
INSERT INTO notificaciones_perfiles (id, id_notificacion, id_perfil) VALUES (105, 2,36);
INSERT INTO notificaciones_perfiles (id, id_notificacion, id_perfil) VALUES (106, 1,36);
INSERT INTO notificaciones_perfiles (id, id_notificacion, id_perfil) VALUES (107, 4,36);
INSERT INTO notificaciones_perfiles (id, id_notificacion, id_perfil) VALUES (108, 4,37);
INSERT INTO notificaciones_perfiles (id, id_notificacion, id_perfil) VALUES (109, 1,37);
INSERT INTO notificaciones_perfiles (id, id_notificacion, id_perfil) VALUES (110, 3,38);
INSERT INTO notificaciones_perfiles (id, id_notificacion, id_perfil) VALUES (111, 5,39);
INSERT INTO notificaciones_perfiles (id, id_notificacion, id_perfil) VALUES (112, 4,39);
INSERT INTO notificaciones_perfiles (id, id_notificacion, id_perfil) VALUES (113, 3,39);
INSERT INTO notificaciones_perfiles (id, id_notificacion, id_perfil) VALUES (114, 3,40);
INSERT INTO notificaciones_perfiles (id, id_notificacion, id_perfil) VALUES (115, 1,40);
INSERT INTO notificaciones_perfiles (id, id_notificacion, id_perfil) VALUES (116, 5,40);
INSERT INTO notificaciones_perfiles (id, id_notificacion, id_perfil) VALUES (117, 4,40);
INSERT INTO notificaciones_perfiles (id, id_notificacion, id_perfil) VALUES (118, 1,41);
INSERT INTO notificaciones_perfiles (id, id_notificacion, id_perfil) VALUES (119, 5,41);
INSERT INTO notificaciones_perfiles (id, id_notificacion, id_perfil) VALUES (120, 5,42);
INSERT INTO notificaciones_perfiles (id, id_notificacion, id_perfil) VALUES (121, 3,42);
INSERT INTO notificaciones_perfiles (id, id_notificacion, id_perfil) VALUES (122, 2,42);
INSERT INTO notificaciones_perfiles (id, id_notificacion, id_perfil) VALUES (123, 4,42);
INSERT INTO notificaciones_perfiles (id, id_notificacion, id_perfil) VALUES (124, 1,42);
INSERT INTO notificaciones_perfiles (id, id_notificacion, id_perfil) VALUES (125, 5,43);
INSERT INTO notificaciones_perfiles (id, id_notificacion, id_perfil) VALUES (126, 3,43);
INSERT INTO notificaciones_perfiles (id, id_notificacion, id_perfil) VALUES (127, 2,43);
INSERT INTO notificaciones_perfiles (id, id_notificacion, id_perfil) VALUES (128, 3,44);
INSERT INTO notificaciones_perfiles (id, id_notificacion, id_perfil) VALUES (129, 5,44);
INSERT INTO notificaciones_perfiles (id, id_notificacion, id_perfil) VALUES (130, 4,44);
INSERT INTO notificaciones_perfiles (id, id_notificacion, id_perfil) VALUES (131, 1,44);
INSERT INTO notificaciones_perfiles (id, id_notificacion, id_perfil) VALUES (132, 2,44);
INSERT INTO notificaciones_perfiles (id, id_notificacion, id_perfil) VALUES (133, 3,45);
INSERT INTO notificaciones_perfiles (id, id_notificacion, id_perfil) VALUES (134, 2,45);
INSERT INTO notificaciones_perfiles (id, id_notificacion, id_perfil) VALUES (135, 1,46);
INSERT INTO notificaciones_perfiles (id, id_notificacion, id_perfil) VALUES (136, 4,46);
INSERT INTO notificaciones_perfiles (id, id_notificacion, id_perfil) VALUES (137, 5,46);
INSERT INTO notificaciones_perfiles (id, id_notificacion, id_perfil) VALUES (138, 2,46);
INSERT INTO notificaciones_perfiles (id, id_notificacion, id_perfil) VALUES (139, 3,46);
INSERT INTO notificaciones_perfiles (id, id_notificacion, id_perfil) VALUES (140, 2,47);
INSERT INTO notificaciones_perfiles (id, id_notificacion, id_perfil) VALUES (141, 5,47);
INSERT INTO notificaciones_perfiles (id, id_notificacion, id_perfil) VALUES (142, 4,47);
INSERT INTO notificaciones_perfiles (id, id_notificacion, id_perfil) VALUES (143, 3,47);
INSERT INTO notificaciones_perfiles (id, id_notificacion, id_perfil) VALUES (144, 1,47);
INSERT INTO notificaciones_perfiles (id, id_notificacion, id_perfil) VALUES (145, 5,48);
INSERT INTO notificaciones_perfiles (id, id_notificacion, id_perfil) VALUES (146, 4,49);
INSERT INTO notificaciones_perfiles (id, id_notificacion, id_perfil) VALUES (147, 3,49);
INSERT INTO notificaciones_perfiles (id, id_notificacion, id_perfil) VALUES (148, 1,49);
INSERT INTO notificaciones_perfiles (id, id_notificacion, id_perfil) VALUES (149, 5,49);
INSERT INTO notificaciones_perfiles (id, id_notificacion, id_perfil) VALUES (150, 2,49);
INSERT INTO notificaciones_perfiles (id, id_notificacion, id_perfil) VALUES (151, 5,50);
INSERT INTO notificaciones_perfiles (id, id_notificacion, id_perfil) VALUES (152, 1,50);
INSERT INTO notificaciones_perfiles (id, id_notificacion, id_perfil) VALUES (153, 4,51);
INSERT INTO notificaciones_perfiles (id, id_notificacion, id_perfil) VALUES (154, 4,52);
INSERT INTO notificaciones_perfiles (id, id_notificacion, id_perfil) VALUES (155, 1,52);
INSERT INTO notificaciones_perfiles (id, id_notificacion, id_perfil) VALUES (156, 5,52);
INSERT INTO notificaciones_perfiles (id, id_notificacion, id_perfil) VALUES (157, 2,52);
INSERT INTO notificaciones_perfiles (id, id_notificacion, id_perfil) VALUES (158, 3,52);
INSERT INTO notificaciones_perfiles (id, id_notificacion, id_perfil) VALUES (159, 4,53);
INSERT INTO notificaciones_perfiles (id, id_notificacion, id_perfil) VALUES (160, 5,53);
INSERT INTO notificaciones_perfiles (id, id_notificacion, id_perfil) VALUES (161, 1,53);
INSERT INTO notificaciones_perfiles (id, id_notificacion, id_perfil) VALUES (162, 1,54);
INSERT INTO notificaciones_perfiles (id, id_notificacion, id_perfil) VALUES (163, 3,54);
INSERT INTO notificaciones_perfiles (id, id_notificacion, id_perfil) VALUES (164, 4,54);
INSERT INTO notificaciones_perfiles (id, id_notificacion, id_perfil) VALUES (165, 2,55);
INSERT INTO notificaciones_perfiles (id, id_notificacion, id_perfil) VALUES (166, 3,55);
INSERT INTO notificaciones_perfiles (id, id_notificacion, id_perfil) VALUES (167, 1,55);
INSERT INTO notificaciones_perfiles (id, id_notificacion, id_perfil) VALUES (168, 4,55);
INSERT INTO notificaciones_perfiles (id, id_notificacion, id_perfil) VALUES (169, 5,55);
INSERT INTO notificaciones_perfiles (id, id_notificacion, id_perfil) VALUES (170, 4,56);
INSERT INTO notificaciones_perfiles (id, id_notificacion, id_perfil) VALUES (171, 2,56);
INSERT INTO notificaciones_perfiles (id, id_notificacion, id_perfil) VALUES (172, 1,57);
INSERT INTO notificaciones_perfiles (id, id_notificacion, id_perfil) VALUES (173, 1,58);
INSERT INTO notificaciones_perfiles (id, id_notificacion, id_perfil) VALUES (174, 1,59);
INSERT INTO notificaciones_perfiles (id, id_notificacion, id_perfil) VALUES (175, 1,60);
INSERT INTO notificaciones_perfiles (id, id_notificacion, id_perfil) VALUES (176, 5,60);
INSERT INTO notificaciones_perfiles (id, id_notificacion, id_perfil) VALUES (177, 3,60);
INSERT INTO notificaciones_perfiles (id, id_notificacion, id_perfil) VALUES (178, 2,60);
INSERT INTO notificaciones_perfiles (id, id_notificacion, id_perfil) VALUES (179, 4,60);
INSERT INTO notificaciones_perfiles (id, id_notificacion, id_perfil) VALUES (180, 2,61);
INSERT INTO notificaciones_perfiles (id, id_notificacion, id_perfil) VALUES (181, 5,61);
INSERT INTO notificaciones_perfiles (id, id_notificacion, id_perfil) VALUES (182, 2,62);
INSERT INTO notificaciones_perfiles (id, id_notificacion, id_perfil) VALUES (183, 4,62);
INSERT INTO notificaciones_perfiles (id, id_notificacion, id_perfil) VALUES (184, 5,62);
INSERT INTO notificaciones_perfiles (id, id_notificacion, id_perfil) VALUES (185, 1,62);
INSERT INTO notificaciones_perfiles (id, id_notificacion, id_perfil) VALUES (186, 3,62);
INSERT INTO notificaciones_perfiles (id, id_notificacion, id_perfil) VALUES (187, 2,63);
INSERT INTO notificaciones_perfiles (id, id_notificacion, id_perfil) VALUES (188, 4,63);
INSERT INTO notificaciones_perfiles (id, id_notificacion, id_perfil) VALUES (189, 4,64);
INSERT INTO notificaciones_perfiles (id, id_notificacion, id_perfil) VALUES (190, 3,64);
INSERT INTO notificaciones_perfiles (id, id_notificacion, id_perfil) VALUES (191, 1,64);
INSERT INTO notificaciones_perfiles (id, id_notificacion, id_perfil) VALUES (192, 5,64);
INSERT INTO notificaciones_perfiles (id, id_notificacion, id_perfil) VALUES (193, 4,65);
INSERT INTO notificaciones_perfiles (id, id_notificacion, id_perfil) VALUES (194, 3,66);
INSERT INTO notificaciones_perfiles (id, id_notificacion, id_perfil) VALUES (195, 3,67);
INSERT INTO notificaciones_perfiles (id, id_notificacion, id_perfil) VALUES (196, 1,67);
INSERT INTO notificaciones_perfiles (id, id_notificacion, id_perfil) VALUES (197, 5,67);
INSERT INTO notificaciones_perfiles (id, id_notificacion, id_perfil) VALUES (198, 4,68);
INSERT INTO notificaciones_perfiles (id, id_notificacion, id_perfil) VALUES (199, 2,68);
INSERT INTO notificaciones_perfiles (id, id_notificacion, id_perfil) VALUES (200, 2,69);
INSERT INTO notificaciones_perfiles (id, id_notificacion, id_perfil) VALUES (201, 3,69);
INSERT INTO notificaciones_perfiles (id, id_notificacion, id_perfil) VALUES (202, 3,70);
INSERT INTO notificaciones_perfiles (id, id_notificacion, id_perfil) VALUES (203, 2,70);
INSERT INTO notificaciones_perfiles (id, id_notificacion, id_perfil) VALUES (204, 5,70);
INSERT INTO notificaciones_perfiles (id, id_notificacion, id_perfil) VALUES (205, 1,70);
INSERT INTO notificaciones_perfiles (id, id_notificacion, id_perfil) VALUES (206, 4,70);
INSERT INTO notificaciones_perfiles (id, id_notificacion, id_perfil) VALUES (207, 3,71);
INSERT INTO notificaciones_perfiles (id, id_notificacion, id_perfil) VALUES (208, 4,71);
INSERT INTO notificaciones_perfiles (id, id_notificacion, id_perfil) VALUES (209, 2,71);
INSERT INTO notificaciones_perfiles (id, id_notificacion, id_perfil) VALUES (210, 1,71);
INSERT INTO notificaciones_perfiles (id, id_notificacion, id_perfil) VALUES (211, 2,72);
INSERT INTO notificaciones_perfiles (id, id_notificacion, id_perfil) VALUES (212, 4,72);
INSERT INTO notificaciones_perfiles (id, id_notificacion, id_perfil) VALUES (213, 1,73);
INSERT INTO notificaciones_perfiles (id, id_notificacion, id_perfil) VALUES (214, 4,73);
INSERT INTO notificaciones_perfiles (id, id_notificacion, id_perfil) VALUES (215, 2,73);
INSERT INTO notificaciones_perfiles (id, id_notificacion, id_perfil) VALUES (216, 3,73);
INSERT INTO notificaciones_perfiles (id, id_notificacion, id_perfil) VALUES (217, 5,74);
INSERT INTO notificaciones_perfiles (id, id_notificacion, id_perfil) VALUES (218, 2,74);
INSERT INTO notificaciones_perfiles (id, id_notificacion, id_perfil) VALUES (219, 5,75);
INSERT INTO notificaciones_perfiles (id, id_notificacion, id_perfil) VALUES (220, 4,75);
INSERT INTO notificaciones_perfiles (id, id_notificacion, id_perfil) VALUES (221, 2,75);
INSERT INTO notificaciones_perfiles (id, id_notificacion, id_perfil) VALUES (222, 1,75);
INSERT INTO notificaciones_perfiles (id, id_notificacion, id_perfil) VALUES (223, 3,75);
INSERT INTO notificaciones_perfiles (id, id_notificacion, id_perfil) VALUES (224, 5,76);
INSERT INTO notificaciones_perfiles (id, id_notificacion, id_perfil) VALUES (225, 4,76);
INSERT INTO notificaciones_perfiles (id, id_notificacion, id_perfil) VALUES (226, 2,77);
INSERT INTO notificaciones_perfiles (id, id_notificacion, id_perfil) VALUES (227, 5,77);
INSERT INTO notificaciones_perfiles (id, id_notificacion, id_perfil) VALUES (228, 1,77);
INSERT INTO notificaciones_perfiles (id, id_notificacion, id_perfil) VALUES (229, 3,77);
INSERT INTO notificaciones_perfiles (id, id_notificacion, id_perfil) VALUES (230, 4,77);
INSERT INTO notificaciones_perfiles (id, id_notificacion, id_perfil) VALUES (231, 2,78);
INSERT INTO notificaciones_perfiles (id, id_notificacion, id_perfil) VALUES (232, 3,78);
INSERT INTO notificaciones_perfiles (id, id_notificacion, id_perfil) VALUES (233, 4,78);
INSERT INTO notificaciones_perfiles (id, id_notificacion, id_perfil) VALUES (234, 1,79);
INSERT INTO notificaciones_perfiles (id, id_notificacion, id_perfil) VALUES (235, 2,79);
INSERT INTO notificaciones_perfiles (id, id_notificacion, id_perfil) VALUES (236, 3,79);
INSERT INTO notificaciones_perfiles (id, id_notificacion, id_perfil) VALUES (237, 4,79);
INSERT INTO notificaciones_perfiles (id, id_notificacion, id_perfil) VALUES (238, 5,80);
INSERT INTO notificaciones_perfiles (id, id_notificacion, id_perfil) VALUES (239, 1,80);
INSERT INTO notificaciones_perfiles (id, id_notificacion, id_perfil) VALUES (240, 2,80);
INSERT INTO notificaciones_perfiles (id, id_notificacion, id_perfil) VALUES (241, 3,80);
INSERT INTO notificaciones_perfiles (id, id_notificacion, id_perfil) VALUES (242, 3,81);
INSERT INTO notificaciones_perfiles (id, id_notificacion, id_perfil) VALUES (243, 5,81);
INSERT INTO notificaciones_perfiles (id, id_notificacion, id_perfil) VALUES (244, 4,81);
INSERT INTO notificaciones_perfiles (id, id_notificacion, id_perfil) VALUES (245, 4,82);
INSERT INTO notificaciones_perfiles (id, id_notificacion, id_perfil) VALUES (246, 2,82);
INSERT INTO notificaciones_perfiles (id, id_notificacion, id_perfil) VALUES (247, 4,83);
INSERT INTO notificaciones_perfiles (id, id_notificacion, id_perfil) VALUES (248, 5,83);
INSERT INTO notificaciones_perfiles (id, id_notificacion, id_perfil) VALUES (249, 1,84);
INSERT INTO notificaciones_perfiles (id, id_notificacion, id_perfil) VALUES (250, 3,84);
INSERT INTO notificaciones_perfiles (id, id_notificacion, id_perfil) VALUES (251, 4,84);
INSERT INTO notificaciones_perfiles (id, id_notificacion, id_perfil) VALUES (252, 5,84);
INSERT INTO notificaciones_perfiles (id, id_notificacion, id_perfil) VALUES (253, 2,84);
INSERT INTO notificaciones_perfiles (id, id_notificacion, id_perfil) VALUES (254, 3,85);
INSERT INTO notificaciones_perfiles (id, id_notificacion, id_perfil) VALUES (255, 4,85);
INSERT INTO notificaciones_perfiles (id, id_notificacion, id_perfil) VALUES (256, 2,85);
INSERT INTO notificaciones_perfiles (id, id_notificacion, id_perfil) VALUES (257, 5,85);
INSERT INTO notificaciones_perfiles (id, id_notificacion, id_perfil) VALUES (258, 2,86);
INSERT INTO notificaciones_perfiles (id, id_notificacion, id_perfil) VALUES (259, 5,87);
INSERT INTO notificaciones_perfiles (id, id_notificacion, id_perfil) VALUES (260, 4,87);
INSERT INTO notificaciones_perfiles (id, id_notificacion, id_perfil) VALUES (261, 1,87);
INSERT INTO notificaciones_perfiles (id, id_notificacion, id_perfil) VALUES (262, 2,87);
INSERT INTO notificaciones_perfiles (id, id_notificacion, id_perfil) VALUES (263, 3,87);
INSERT INTO notificaciones_perfiles (id, id_notificacion, id_perfil) VALUES (264, 1,88);
INSERT INTO notificaciones_perfiles (id, id_notificacion, id_perfil) VALUES (265, 5,88);
INSERT INTO notificaciones_perfiles (id, id_notificacion, id_perfil) VALUES (266, 3,88);
INSERT INTO notificaciones_perfiles (id, id_notificacion, id_perfil) VALUES (267, 4,88);
INSERT INTO notificaciones_perfiles (id, id_notificacion, id_perfil) VALUES (268, 2,88);
INSERT INTO notificaciones_perfiles (id, id_notificacion, id_perfil) VALUES (269, 2,89);
INSERT INTO notificaciones_perfiles (id, id_notificacion, id_perfil) VALUES (270, 1,89);
INSERT INTO notificaciones_perfiles (id, id_notificacion, id_perfil) VALUES (271, 3,89);
INSERT INTO notificaciones_perfiles (id, id_notificacion, id_perfil) VALUES (272, 4,89);
INSERT INTO notificaciones_perfiles (id, id_notificacion, id_perfil) VALUES (273, 1,90);
INSERT INTO notificaciones_perfiles (id, id_notificacion, id_perfil) VALUES (274, 4,91);
INSERT INTO notificaciones_perfiles (id, id_notificacion, id_perfil) VALUES (275, 2,91);
INSERT INTO notificaciones_perfiles (id, id_notificacion, id_perfil) VALUES (276, 3,91);
INSERT INTO notificaciones_perfiles (id, id_notificacion, id_perfil) VALUES (277, 1,91);
INSERT INTO notificaciones_perfiles (id, id_notificacion, id_perfil) VALUES (278, 5,91);
INSERT INTO notificaciones_perfiles (id, id_notificacion, id_perfil) VALUES (279, 4,92);
INSERT INTO notificaciones_perfiles (id, id_notificacion, id_perfil) VALUES (280, 3,92);
INSERT INTO notificaciones_perfiles (id, id_notificacion, id_perfil) VALUES (281, 2,92);
INSERT INTO notificaciones_perfiles (id, id_notificacion, id_perfil) VALUES (282, 1,92);
INSERT INTO notificaciones_perfiles (id, id_notificacion, id_perfil) VALUES (283, 5,92);
INSERT INTO notificaciones_perfiles (id, id_notificacion, id_perfil) VALUES (284, 3,93);
INSERT INTO notificaciones_perfiles (id, id_notificacion, id_perfil) VALUES (285, 1,93);
INSERT INTO notificaciones_perfiles (id, id_notificacion, id_perfil) VALUES (286, 2,93);
INSERT INTO notificaciones_perfiles (id, id_notificacion, id_perfil) VALUES (287, 4,93);
INSERT INTO notificaciones_perfiles (id, id_notificacion, id_perfil) VALUES (288, 4,94);
INSERT INTO notificaciones_perfiles (id, id_notificacion, id_perfil) VALUES (289, 1,95);
INSERT INTO notificaciones_perfiles (id, id_notificacion, id_perfil) VALUES (290, 5,95);
INSERT INTO notificaciones_perfiles (id, id_notificacion, id_perfil) VALUES (291, 4,95);
INSERT INTO notificaciones_perfiles (id, id_notificacion, id_perfil) VALUES (292, 5,96);
INSERT INTO notificaciones_perfiles (id, id_notificacion, id_perfil) VALUES (293, 3,96);
INSERT INTO notificaciones_perfiles (id, id_notificacion, id_perfil) VALUES (294, 1,96);
INSERT INTO notificaciones_perfiles (id, id_notificacion, id_perfil) VALUES (295, 4,96);
INSERT INTO notificaciones_perfiles (id, id_notificacion, id_perfil) VALUES (296, 4,97);
INSERT INTO notificaciones_perfiles (id, id_notificacion, id_perfil) VALUES (297, 5,98);
INSERT INTO notificaciones_perfiles (id, id_notificacion, id_perfil) VALUES (298, 4,98);
INSERT INTO notificaciones_perfiles (id, id_notificacion, id_perfil) VALUES (299, 2,98);
INSERT INTO notificaciones_perfiles (id, id_notificacion, id_perfil) VALUES (300, 3,99);
INSERT INTO notificaciones_perfiles (id, id_notificacion, id_perfil) VALUES (301, 2,99);
INSERT INTO notificaciones_perfiles (id, id_notificacion, id_perfil) VALUES (302, 4,99);
INSERT INTO notificaciones_perfiles (id, id_notificacion, id_perfil) VALUES (303, 5,99);
INSERT INTO notificaciones_perfiles (id, id_notificacion, id_perfil) VALUES (304, 1,99);
INSERT INTO notificaciones_perfiles (id, id_notificacion, id_perfil) VALUES (305, 2,100);
INSERT INTO notificaciones_perfiles (id, id_notificacion, id_perfil) VALUES (306, 4,100);
INSERT INTO notificaciones_perfiles (id, id_notificacion, id_perfil) VALUES (307, 1,100);
INSERT INTO notificaciones_perfiles (id, id_notificacion, id_perfil) VALUES (308, 3,100);
INSERT INTO notificaciones_perfiles (id, id_notificacion, id_perfil) VALUES (309, 5,100);