-- 1 nombre app billeteras digitales(si)
INSERT INTO nombre_app_billeteras_digitales (id, nombre) VALUES (1, 'Yape');
INSERT INTO nombre_app_billeteras_digitales (id, nombre) VALUES (2, 'Plin');


-- 2 alumnos(si)
INSERT INTO alumnos (id, código) VALUES (1, 92699498);
INSERT INTO alumnos (id, código) VALUES (2, 95501019);
INSERT INTO alumnos (id, código) VALUES (3, 40748459);
INSERT INTO alumnos (id, código) VALUES (4, 94570489);
INSERT INTO alumnos (id, código) VALUES (5, 54304661);
INSERT INTO alumnos (id, código) VALUES (6, 99252278);
INSERT INTO alumnos (id, código) VALUES (7, 14834022);
INSERT INTO alumnos (id, código) VALUES (8, 17490351);
INSERT INTO alumnos (id, código) VALUES (9, 51791528);
INSERT INTO alumnos (id, código) VALUES (10, 46537790);
INSERT INTO alumnos (id, código) VALUES (11, 29755631);
INSERT INTO alumnos (id, código) VALUES (12, 11814164);
INSERT INTO alumnos (id, código) VALUES (13, 13114695);
INSERT INTO alumnos (id, código) VALUES (14, 64619100);
INSERT INTO alumnos (id, código) VALUES (15, 43289397);
INSERT INTO alumnos (id, código) VALUES (16, 05342298);
INSERT INTO alumnos (id, código) VALUES (17, 29904824);
INSERT INTO alumnos (id, código) VALUES (18, 68949562);
INSERT INTO alumnos (id, código) VALUES (19, 60088332);
INSERT INTO alumnos (id, código) VALUES (20, 88366892);
INSERT INTO alumnos (id, código) VALUES (21, 94016435);
INSERT INTO alumnos (id, código) VALUES (22, 57727021);
INSERT INTO alumnos (id, código) VALUES (23, 90658183);
INSERT INTO alumnos (id, código) VALUES (24, 65415204);
INSERT INTO alumnos (id, código) VALUES (25, 89277243);
INSERT INTO alumnos (id, código) VALUES (26, 73494057);
INSERT INTO alumnos (id, código) VALUES (27, 51059539);
INSERT INTO alumnos (id, código) VALUES (28, 16864138);
INSERT INTO alumnos (id, código) VALUES (29, 30325224);
INSERT INTO alumnos (id, código) VALUES (30, 77308620);
INSERT INTO alumnos (id, código) VALUES (31, 83187161);
INSERT INTO alumnos (id, código) VALUES (32, 39556953);
INSERT INTO alumnos (id, código) VALUES (33, 24030417);
INSERT INTO alumnos (id, código) VALUES (34, 49069171);
INSERT INTO alumnos (id, código) VALUES (35, 91195653);
INSERT INTO alumnos (id, código) VALUES (36, 16509845);
INSERT INTO alumnos (id, código) VALUES (37, 56935241);
INSERT INTO alumnos (id, código) VALUES (38, 50008678);
INSERT INTO alumnos (id, código) VALUES (39, 61655238);
INSERT INTO alumnos (id, código) VALUES (40, 75422581);
INSERT INTO alumnos (id, código) VALUES (41, 32984589);
INSERT INTO alumnos (id, código) VALUES (42, 89279568);
INSERT INTO alumnos (id, código) VALUES (43, 65472029);
INSERT INTO alumnos (id, código) VALUES (44, 87231429);
INSERT INTO alumnos (id, código) VALUES (45, 69064628);
INSERT INTO alumnos (id, código) VALUES (46, 83801867);
INSERT INTO alumnos (id, código) VALUES (47, 65552343);
INSERT INTO alumnos (id, código) VALUES (48, 68647880);
INSERT INTO alumnos (id, código) VALUES (49, 30304733);
INSERT INTO alumnos (id, código) VALUES (50, 55058101);
INSERT INTO alumnos (id, código) VALUES (51, 39805900);
INSERT INTO alumnos (id, código) VALUES (52, 18301841);
INSERT INTO alumnos (id, código) VALUES (53, 16986339);
INSERT INTO alumnos (id, código) VALUES (54, 69787377);
INSERT INTO alumnos (id, código) VALUES (55, 39190016);
INSERT INTO alumnos (id, código) VALUES (56, 12860595);
INSERT INTO alumnos (id, código) VALUES (57, 69973873);
INSERT INTO alumnos (id, código) VALUES (58, 23494319);
INSERT INTO alumnos (id, código) VALUES (59, 30042918);
INSERT INTO alumnos (id, código) VALUES (60, 85133837);
INSERT INTO alumnos (id, código) VALUES (61, 32099486);
INSERT INTO alumnos (id, código) VALUES (62, 38877354);
INSERT INTO alumnos (id, código) VALUES (63, 44798430);
INSERT INTO alumnos (id, código) VALUES (64, 73906335);
INSERT INTO alumnos (id, código) VALUES (65, 94197006);
INSERT INTO alumnos (id, código) VALUES (66, 45251092);
INSERT INTO alumnos (id, código) VALUES (67, 83787768);
INSERT INTO alumnos (id, código) VALUES (68, 68591778);
INSERT INTO alumnos (id, código) VALUES (69, 54657012);
INSERT INTO alumnos (id, código) VALUES (70, 61133897);
INSERT INTO alumnos (id, código) VALUES (71, 04790340);
INSERT INTO alumnos (id, código) VALUES (72, 36538078);
INSERT INTO alumnos (id, código) VALUES (73, 28643745);
INSERT INTO alumnos (id, código) VALUES (74, 09254855);
INSERT INTO alumnos (id, código) VALUES (75, 32914006);
INSERT INTO alumnos (id, código) VALUES (76, 66727639);
INSERT INTO alumnos (id, código) VALUES (77, 14054607);
INSERT INTO alumnos (id, código) VALUES (78, 80847043);
INSERT INTO alumnos (id, código) VALUES (79, 72875148);
INSERT INTO alumnos (id, código) VALUES (80, 11223144);
INSERT INTO alumnos (id, código) VALUES (81, 93581118);
INSERT INTO alumnos (id, código) VALUES (82, 37978185);
INSERT INTO alumnos (id, código) VALUES (83, 68207885);
INSERT INTO alumnos (id, código) VALUES (84, 28067106);
INSERT INTO alumnos (id, código) VALUES (85, 89217051);
INSERT INTO alumnos (id, código) VALUES (86, 17429806);
INSERT INTO alumnos (id, código) VALUES (87, 10075412);
INSERT INTO alumnos (id, código) VALUES (88, 84512045);
INSERT INTO alumnos (id, código) VALUES (89, 74384000);
INSERT INTO alumnos (id, código) VALUES (90, 69299198);
INSERT INTO alumnos (id, código) VALUES (91, 61797062);
INSERT INTO alumnos (id, código) VALUES (92, 67624911);
INSERT INTO alumnos (id, código) VALUES (93, 87142675);
INSERT INTO alumnos (id, código) VALUES (94, 52566244);
INSERT INTO alumnos (id, código) VALUES (95, 61379947);
INSERT INTO alumnos (id, código) VALUES (96, 26608652);
INSERT INTO alumnos (id, código) VALUES (97, 58240374);
INSERT INTO alumnos (id, código) VALUES (98, 12251694);
INSERT INTO alumnos (id, código) VALUES (99, 17911258);
INSERT INTO alumnos (id, código) VALUES (100, 84396783);


-- 3 distritos(si)
INSERT INTO distritos (id, nombre) VALUES (1, 'Ancón');
INSERT INTO distritos (id, nombre) VALUES (2, 'Ate');
INSERT INTO distritos (id, nombre) VALUES (3, 'Barranco');
INSERT INTO distritos (id, nombre) VALUES (4, 'Breña');
INSERT INTO distritos (id, nombre) VALUES (5, 'Carabayllo');
INSERT INTO distritos (id, nombre) VALUES (6, 'Chaclacayo');
INSERT INTO distritos (id, nombre) VALUES (7, 'Chorrillos');
INSERT INTO distritos (id, nombre) VALUES (8, 'Cieneguilla');
INSERT INTO distritos (id, nombre) VALUES (9, 'Comas');
INSERT INTO distritos (id, nombre) VALUES (10, 'El Agustino');
INSERT INTO distritos (id, nombre) VALUES (11, 'Independencia');
INSERT INTO distritos (id, nombre) VALUES (12, 'Jesús María');
INSERT INTO distritos (id, nombre) VALUES (13, 'La Molina');
INSERT INTO distritos (id, nombre) VALUES (14, 'La Victoria');
INSERT INTO distritos (id, nombre) VALUES (15, 'Lince');
INSERT INTO distritos (id, nombre) VALUES (16, 'Los Olivos');
INSERT INTO distritos (id, nombre) VALUES (17, 'Lurigancho');
INSERT INTO distritos (id, nombre) VALUES (18, 'Lurín');
INSERT INTO distritos (id, nombre) VALUES (19, 'Magdalena del Mar');
INSERT INTO distritos (id, nombre) VALUES (20, 'Miraflores');
INSERT INTO distritos (id, nombre) VALUES (21, 'Pachacámac');
INSERT INTO distritos (id, nombre) VALUES (22, 'Pucusana');
INSERT INTO distritos (id, nombre) VALUES (23, 'Pueblo Libre');
INSERT INTO distritos (id, nombre) VALUES (24, 'Puente Piedra');
INSERT INTO distritos (id, nombre) VALUES (25, 'Punta Hermosa');
INSERT INTO distritos (id, nombre) VALUES (26, 'Punta Negra');
INSERT INTO distritos (id, nombre) VALUES (27, 'Rímac');
INSERT INTO distritos (id, nombre) VALUES (28, 'San Bartolo');
INSERT INTO distritos (id, nombre) VALUES (29, 'San Borja');
INSERT INTO distritos (id, nombre) VALUES (30, 'San Isidro');
INSERT INTO distritos (id, nombre) VALUES (31, 'San Juan de Lurigancho');
INSERT INTO distritos (id, nombre) VALUES (32, 'San Juan de Miraflores');
INSERT INTO distritos (id, nombre) VALUES (33, 'San Luis');
INSERT INTO distritos (id, nombre) VALUES (34, 'San Martín de Porres');
INSERT INTO distritos (id, nombre) VALUES (35, 'San Miguel');
INSERT INTO distritos (id, nombre) VALUES (36, 'Santa Anita');
INSERT INTO distritos (id, nombre) VALUES (37, 'Santa María del Mar');
INSERT INTO distritos (id, nombre) VALUES (38, 'Santa Rosa');
INSERT INTO distritos (id, nombre) VALUES (39, 'Santiago de Surco');
INSERT INTO distritos (id, nombre) VALUES (40, 'Surquillo');
INSERT INTO distritos (id, nombre) VALUES (41, 'Villa El Salvador');
INSERT INTO distritos (id, nombre) VALUES (42, 'Villa María del Triunfo');

-- 4 notificaciones(si)
INSERT INTO notificaciones (id,  nombre) VALUES (1,  'Alias sint rerum suscipit');
INSERT INTO notificaciones (id,  nombre) VALUES (2,  'Provident quas tenetur animi');
INSERT INTO notificaciones (id,  nombre) VALUES (3,  'Dignissimos quos dolore');
INSERT INTO notificaciones (id,  nombre) VALUES (4,  'Ad labore omnis');
INSERT INTO notificaciones (id,  nombre) VALUES (5,  'Velit maiores harum aperiam incidunt');

-- 5 red pago(si)
INSERT INTO red_pagos (id, nombre) VALUES (1, 'Visa');
INSERT INTO red_pagos (id, nombre) VALUES (2, 'Mastercard');
INSERT INTO red_pagos (id, nombre) VALUES (3, 'American Express');
INSERT INTO red_pagos (id, nombre) VALUES (4, 'Discover');


-- 6 bancos(si)
INSERT INTO bancos (id, nombre) VALUES (1, 'Torralba y Ayala S.L.N.E');
INSERT INTO bancos (id, nombre) VALUES (2, 'Restauración Avanzadas S.L.');
INSERT INTO bancos (id, nombre) VALUES (3, 'Grupo Prada S.L.');
INSERT INTO bancos (id, nombre) VALUES (4, 'Franch y Palomar S.Coop.');
INSERT INTO bancos (id, nombre) VALUES (5, 'Tomé y Sevillano S.L.L.');
INSERT INTO bancos (id, nombre) VALUES (6, 'Mata & Asociados S.A.');
INSERT INTO bancos (id, nombre) VALUES (7, 'Iniesta & Asociados S.C.P');
INSERT INTO bancos (id, nombre) VALUES (8, 'Gálvez y asociados S.L.');
INSERT INTO bancos (id, nombre) VALUES (9, 'Infraestructuras Ibérica S.L.L.');
INSERT INTO bancos (id, nombre) VALUES (10, 'Desarrollo Infante & Asociados S.A.');
INSERT INTO bancos (id, nombre) VALUES (11, 'Alimentación PNX S.Coop.');
INSERT INTO bancos (id, nombre) VALUES (12, 'Hnos Bejarano S.C.P');
INSERT INTO bancos (id, nombre) VALUES (13, 'Construcción ONP S.Com.');
INSERT INTO bancos (id, nombre) VALUES (14, 'Samuel Amaya Olivares S.A.');
INSERT INTO bancos (id, nombre) VALUES (15, 'Banco LCL S.L.L.');


-- 7 perfiles(si)
INSERT INTO perfiles (id, user_id, celular, DNI, nombre, apellidos, fecha_nacimiento, correo, contraseña) VALUES (1, 7786141,928802001,17285393,'Ciro','Vives','1997-07-01','gimenezreynaldo@example.net','*(&8N@CznF');
INSERT INTO perfiles (id, user_id, celular, DNI, nombre, apellidos, fecha_nacimiento, correo, contraseña) VALUES (2, 1453949,915791524,83102208,'Teófila','Oller','1981-04-07','xsolsona@example.com','z&9Wcv3k4@');
INSERT INTO perfiles (id, user_id, celular, DNI, nombre, apellidos, fecha_nacimiento, correo, contraseña) VALUES (3, 5690528,989075304,49901334,'Enrique','Planas','1964-06-29','gpaz@example.org','#OT#GvElB4');
INSERT INTO perfiles (id, user_id, celular, DNI, nombre, apellidos, fecha_nacimiento, correo, contraseña) VALUES (4, 9188855,981158120,97033513,'Benito','Alemán','1990-02-17','ana-sofiafuentes@example.org','@i2Be5E9G*');
INSERT INTO perfiles (id, user_id, celular, DNI, nombre, apellidos, fecha_nacimiento, correo, contraseña) VALUES (5, 4509895,996466993,61433775,'Román','Gabaldón','1984-01-16','etelvinaarnal@example.org','v*77IUte$)');
INSERT INTO perfiles (id, user_id, celular, DNI, nombre, apellidos, fecha_nacimiento, correo, contraseña) VALUES (6, 6212375,926199960,46916508,'Eduardo','Roca','1989-03-16','anabelinfante@example.net','j*j7Nlit7x');
INSERT INTO perfiles (id, user_id, celular, DNI, nombre, apellidos, fecha_nacimiento, correo, contraseña) VALUES (7, 4914126,937062812,78571213,'Aristides','Calvet','1992-02-03','eligioharo@example.com','JJQXD(go^4');
INSERT INTO perfiles (id, user_id, celular, DNI, nombre, apellidos, fecha_nacimiento, correo, contraseña) VALUES (8, 4595870,914373296,69932192,'Rodrigo','Bustos','1996-04-18','carrenojavi@example.org','($9rwAx#jB');
INSERT INTO perfiles (id, user_id, celular, DNI, nombre, apellidos, fecha_nacimiento, correo, contraseña) VALUES (9, 4739658,916774657,99077471,'Xavier','Jerez','1989-06-18','ponciosaez@example.net','%MZiIQAg4D');
INSERT INTO perfiles (id, user_id, celular, DNI, nombre, apellidos, fecha_nacimiento, correo, contraseña) VALUES (10, 1806027,937795728,91443663,'Ariel','Estevez','1983-01-13','lorena27@example.com','8gCPN#Ft_5');
INSERT INTO perfiles (id, user_id, celular, DNI, nombre, apellidos, fecha_nacimiento, correo, contraseña) VALUES (11, 0613718,998851216,44428044,'Balduino','Lumbreras','1987-08-27','remedios18@example.org','906VOv_c$7');
INSERT INTO perfiles (id, user_id, celular, DNI, nombre, apellidos, fecha_nacimiento, correo, contraseña) VALUES (12, 4057636,962472874,84012079,'Jose Manuel','Bayón','1996-02-17','clotildegarces@example.net','%*Wq!QcVq7');
INSERT INTO perfiles (id, user_id, celular, DNI, nombre, apellidos, fecha_nacimiento, correo, contraseña) VALUES (13, 6236552,914711140,92855301,'Malena','Comas','2001-11-28','ariadnagarriga@example.org','Qb7MdiW7l#');
INSERT INTO perfiles (id, user_id, celular, DNI, nombre, apellidos, fecha_nacimiento, correo, contraseña) VALUES (14, 1970613,920301514,65786435,'Cebrián','Vicente','1986-12-08','dionisia15@example.net','@1LZYykz)Q');
INSERT INTO perfiles (id, user_id, celular, DNI, nombre, apellidos, fecha_nacimiento, correo, contraseña) VALUES (15, 8681292,974981122,95817444,'Tristán','Sabater','1984-10-12','llopisjose-carlos@example.net','&9LWJt_tEC');
INSERT INTO perfiles (id, user_id, celular, DNI, nombre, apellidos, fecha_nacimiento, correo, contraseña) VALUES (16, 9437153,960718744,10045075,'Marcio','Baró','1983-04-30','lsanchez@example.com','gn6_0QBv(7');
INSERT INTO perfiles (id, user_id, celular, DNI, nombre, apellidos, fecha_nacimiento, correo, contraseña) VALUES (17, 3620048,959383969,34948751,'Lucila','Falcó','1976-12-15','meleroivan@example.com','O5A6lO3j#I');
INSERT INTO perfiles (id, user_id, celular, DNI, nombre, apellidos, fecha_nacimiento, correo, contraseña) VALUES (18, 3131606,945891939,67661253,'Adelia','Frías','2000-02-13','davidalemany@example.net','Kkq9sAQgu$');
INSERT INTO perfiles (id, user_id, celular, DNI, nombre, apellidos, fecha_nacimiento, correo, contraseña) VALUES (19, 1142735,986737622,71098376,'Saturnina','Folch','1964-06-12','vianaanastasio@example.org','x%c7FVTfeH');
INSERT INTO perfiles (id, user_id, celular, DNI, nombre, apellidos, fecha_nacimiento, correo, contraseña) VALUES (20, 8946817,937098449,96544771,'Ernesto','Villanueva','1997-03-16','jaimerequena@example.com','%EJEkyqLW1');
INSERT INTO perfiles (id, user_id, celular, DNI, nombre, apellidos, fecha_nacimiento, correo, contraseña) VALUES (21, 6293490,939070356,67653328,'Haroldo','Arco','1976-12-01','monrealvenceslas@example.org','he1bNF)cZ!');
INSERT INTO perfiles (id, user_id, celular, DNI, nombre, apellidos, fecha_nacimiento, correo, contraseña) VALUES (22, 0435679,942218380,46877559,'Rosa','García','1981-07-17','ariadna21@example.net','!X2^FzR3r#');
INSERT INTO perfiles (id, user_id, celular, DNI, nombre, apellidos, fecha_nacimiento, correo, contraseña) VALUES (23, 0415639,958366935,75415158,'Francisco','Boada','2005-12-03','pagesalejandro@example.org','_l9&AjDHF!');
INSERT INTO perfiles (id, user_id, celular, DNI, nombre, apellidos, fecha_nacimiento, correo, contraseña) VALUES (24, 9060280,952480051,45969821,'Nando','Alvarado','1963-01-02','boixseveriano@example.org','Uaz6%Yx@#*');
INSERT INTO perfiles (id, user_id, celular, DNI, nombre, apellidos, fecha_nacimiento, correo, contraseña) VALUES (25, 2780251,958007105,62058865,'Maristela','Patiño','2004-10-18','isaac29@example.com','@aMxyGrVT4');
INSERT INTO perfiles (id, user_id, celular, DNI, nombre, apellidos, fecha_nacimiento, correo, contraseña) VALUES (26, 5758463,921335561,26328373,'Calista','Vara','2002-08-21','alberolajafet@example.org','(6SqoKTpLh');
INSERT INTO perfiles (id, user_id, celular, DNI, nombre, apellidos, fecha_nacimiento, correo, contraseña) VALUES (27, 1125672,962091342,67253172,'Samuel','Prat','1996-05-03','cifuentesevita@example.com','1BcB0Xub)9');
INSERT INTO perfiles (id, user_id, celular, DNI, nombre, apellidos, fecha_nacimiento, correo, contraseña) VALUES (28, 9629180,995223604,83071270,'Florencio','Soriano','1976-01-06','benito12@example.com','*61#Yeje#a');
INSERT INTO perfiles (id, user_id, celular, DNI, nombre, apellidos, fecha_nacimiento, correo, contraseña) VALUES (29, 3225957,998975860,23532436,'Cleto','Izaguirre','1980-09-17','barrigahaydee@example.net','l&R0hMea4L');
INSERT INTO perfiles (id, user_id, celular, DNI, nombre, apellidos, fecha_nacimiento, correo, contraseña) VALUES (30, 1599957,974275646,84384714,'Lilia','Roca','1979-05-26','dacedo@example.net','5(1YfTza&(');
INSERT INTO perfiles (id, user_id, celular, DNI, nombre, apellidos, fecha_nacimiento, correo, contraseña) VALUES (31, 0477507,984865835,33712463,'Silvio','Valenzuela','1961-09-16','pozueloleocadio@example.com','pt3USx!cr%');
INSERT INTO perfiles (id, user_id, celular, DNI, nombre, apellidos, fecha_nacimiento, correo, contraseña) VALUES (32, 2450050,918561306,54944475,'Marianela','Huguet','1989-02-23','saturnino22@example.com',')i^Fh8SCl2');
INSERT INTO perfiles (id, user_id, celular, DNI, nombre, apellidos, fecha_nacimiento, correo, contraseña) VALUES (33, 9549448,966434735,80470058,'Emperatriz','Atienza','1995-05-24','fprado@example.org','g!E2iIUwR5');
INSERT INTO perfiles (id, user_id, celular, DNI, nombre, apellidos, fecha_nacimiento, correo, contraseña) VALUES (34, 3633250,983019016,86454802,'Florina','Canales','1984-09-11','vicentejara@example.com','*_B3mIe2Zm');
INSERT INTO perfiles (id, user_id, celular, DNI, nombre, apellidos, fecha_nacimiento, correo, contraseña) VALUES (35, 1052077,966674677,20015650,'Yaiza','Verdejo','1994-12-06','maximo74@example.net','W6EnDsbz+)');
INSERT INTO perfiles (id, user_id, celular, DNI, nombre, apellidos, fecha_nacimiento, correo, contraseña) VALUES (36, 3924890,986380780,80581280,'Jose Carlos','Francisco','1986-11-23','jose-manuel30@example.org','5poNHpiH(^');
INSERT INTO perfiles (id, user_id, celular, DNI, nombre, apellidos, fecha_nacimiento, correo, contraseña) VALUES (37, 9211448,909869554,30513098,'Crescencia','Boix','2000-11-18','msoto@example.net','&6IPJtdbe0');
INSERT INTO perfiles (id, user_id, celular, DNI, nombre, apellidos, fecha_nacimiento, correo, contraseña) VALUES (38, 5909671,972317935,50468424,'Cándido','Nadal','1977-01-28','lorenacarrion@example.org','_1Eg*L_i@$');
INSERT INTO perfiles (id, user_id, celular, DNI, nombre, apellidos, fecha_nacimiento, correo, contraseña) VALUES (39, 3818246,946045885,57632922,'Roberta','Correa','1982-07-24','mateosignacia@example.com','Fo3sK(7Q&@');
INSERT INTO perfiles (id, user_id, celular, DNI, nombre, apellidos, fecha_nacimiento, correo, contraseña) VALUES (40, 3591756,927265834,51336480,'Edgardo','Berrocal','1982-01-19','isaescudero@example.com','+G1zToWkso');
INSERT INTO perfiles (id, user_id, celular, DNI, nombre, apellidos, fecha_nacimiento, correo, contraseña) VALUES (41, 8572427,916083644,62419174,'Tadeo','Caballero','2007-01-22','ramontoni@example.net','$Dlg8Lv*3R');
INSERT INTO perfiles (id, user_id, celular, DNI, nombre, apellidos, fecha_nacimiento, correo, contraseña) VALUES (42, 4494444,902298096,57522924,'Juanita','Crespo','2000-07-07','marcelino88@example.org','SrQ04TWgk_');
INSERT INTO perfiles (id, user_id, celular, DNI, nombre, apellidos, fecha_nacimiento, correo, contraseña) VALUES (43, 1926315,907174017,72131794,'Belen','Bastida','2000-06-04','encarnapablo@example.org','%7OyvUftc1');
INSERT INTO perfiles (id, user_id, celular, DNI, nombre, apellidos, fecha_nacimiento, correo, contraseña) VALUES (44, 8347278,960005428,53520062,'Calixto','Folch','1965-10-25','ssaldana@example.net','2pms1JQMm!');
INSERT INTO perfiles (id, user_id, celular, DNI, nombre, apellidos, fecha_nacimiento, correo, contraseña) VALUES (45, 1393771,943759612,93797420,'Tristán','Ramón','1986-10-15','jaragones@example.net','%bFYgahq)3');
INSERT INTO perfiles (id, user_id, celular, DNI, nombre, apellidos, fecha_nacimiento, correo, contraseña) VALUES (46, 8463573,911663856,19244763,'Baudelio','Álvarez','1981-11-27','gaspar63@example.com','^ojGnnZ33N');
INSERT INTO perfiles (id, user_id, celular, DNI, nombre, apellidos, fecha_nacimiento, correo, contraseña) VALUES (47, 6062488,935420550,99562652,'Lorenzo','Egea','1963-04-30','varaadalberto@example.com','Z@Ul)nWy$7');
INSERT INTO perfiles (id, user_id, celular, DNI, nombre, apellidos, fecha_nacimiento, correo, contraseña) VALUES (48, 3915583,947750827,75909488,'Porfirio','Barco','2002-04-25','cocajuana@example.com','hj0Obo#p9$');
INSERT INTO perfiles (id, user_id, celular, DNI, nombre, apellidos, fecha_nacimiento, correo, contraseña) VALUES (49, 0665957,962973634,94184694,'Amador','Manzanares','1960-11-28','arcoscarmelita@example.org','C&0FKggs(V');
INSERT INTO perfiles (id, user_id, celular, DNI, nombre, apellidos, fecha_nacimiento, correo, contraseña) VALUES (50, 3428472,918643228,92321577,'Manolo','Bernat','1965-04-18','elias80@example.net','#3VPH7!Osi');
INSERT INTO perfiles (id, user_id, celular, DNI, nombre, apellidos, fecha_nacimiento, correo, contraseña) VALUES (51, 7476116,984024517,98623471,'Juan Bautista','Águila','1963-10-06','emilia98@example.net','(9bDDuP7!e');
INSERT INTO perfiles (id, user_id, celular, DNI, nombre, apellidos, fecha_nacimiento, correo, contraseña) VALUES (52, 1765705,949734303,27291029,'Zaida','Pont','1964-06-03','juan-carlosguillen@example.net','3d8ECFsXj)');
INSERT INTO perfiles (id, user_id, celular, DNI, nombre, apellidos, fecha_nacimiento, correo, contraseña) VALUES (53, 0591633,987464461,68223388,'Carmela','Bas','1965-09-14','ttovar@example.net','&OT_A6NyH+');
INSERT INTO perfiles (id, user_id, celular, DNI, nombre, apellidos, fecha_nacimiento, correo, contraseña) VALUES (54, 6133388,934216890,31423553,'Anabel','Mate','1982-06-07','luis-angel01@example.org','Sa2wRfL*#a');
INSERT INTO perfiles (id, user_id, celular, DNI, nombre, apellidos, fecha_nacimiento, correo, contraseña) VALUES (55, 6468112,900277892,86038852,'Xiomara','Andres','1961-03-20','sadan@example.org',')lw*zGZhf5');
INSERT INTO perfiles (id, user_id, celular, DNI, nombre, apellidos, fecha_nacimiento, correo, contraseña) VALUES (56, 7500118,946114993,18569441,'Toño','Barrera','1998-01-04','roquetejero@example.com','##0YPsaCZ!');
INSERT INTO perfiles (id, user_id, celular, DNI, nombre, apellidos, fecha_nacimiento, correo, contraseña) VALUES (57, 0596021,975224210,92089483,'Gisela','Batlle','1992-07-03','izquierdoleonel@example.org','$f#BVmz_7@');
INSERT INTO perfiles (id, user_id, celular, DNI, nombre, apellidos, fecha_nacimiento, correo, contraseña) VALUES (58, 2291458,971464528,30350967,'Maximino','Valero','1988-01-24','gabriel26@example.net',')a3R*fidAl');
INSERT INTO perfiles (id, user_id, celular, DNI, nombre, apellidos, fecha_nacimiento, correo, contraseña) VALUES (59, 4311430,948904662,16030164,'Isaac','Mancebo','1971-09-07','yaraujo@example.net','_*U5Xdyr*8');
INSERT INTO perfiles (id, user_id, celular, DNI, nombre, apellidos, fecha_nacimiento, correo, contraseña) VALUES (60, 5098546,914252018,40973721,'Salvador','Cueto','2002-04-25','lope82@example.com','_u38DgVpC*');
INSERT INTO perfiles (id, user_id, celular, DNI, nombre, apellidos, fecha_nacimiento, correo, contraseña) VALUES (61, 9764255,964587934,59838696,'Isidro','Seguí','1980-02-13','amorrossello@example.net','0)6UorCGc$');
INSERT INTO perfiles (id, user_id, celular, DNI, nombre, apellidos, fecha_nacimiento, correo, contraseña) VALUES (62, 3332570,926703095,97132442,'Paula','Carrillo','1960-07-22','castrojacobo@example.org','6BwBaWF)!r');
INSERT INTO perfiles (id, user_id, celular, DNI, nombre, apellidos, fecha_nacimiento, correo, contraseña) VALUES (63, 2747760,971130183,53710055,'Clímaco','Burgos','1997-09-16','xmunoz@example.org','^8oG!q#td%');
INSERT INTO perfiles (id, user_id, celular, DNI, nombre, apellidos, fecha_nacimiento, correo, contraseña) VALUES (64, 7471631,967777739,17269625,'Abraham','Ángel','1989-05-20','aranzazusabater@example.org','T+6Gx3rasT');
INSERT INTO perfiles (id, user_id, celular, DNI, nombre, apellidos, fecha_nacimiento, correo, contraseña) VALUES (65, 3325282,949947457,22927539,'Asunción','Sainz','1994-05-06','clementegloria@example.com','6_6uF%7cPA');
INSERT INTO perfiles (id, user_id, celular, DNI, nombre, apellidos, fecha_nacimiento, correo, contraseña) VALUES (66, 8969988,971506104,65422438,'Elvira','Azorin','1965-05-12','imanzano@example.com','#TdEo9Lk((');
INSERT INTO perfiles (id, user_id, celular, DNI, nombre, apellidos, fecha_nacimiento, correo, contraseña) VALUES (67, 0946139,903143157,47807127,'Juan Antonio','Rocha','1992-04-13','jbosch@example.org','(2CwE^zo_m');
INSERT INTO perfiles (id, user_id, celular, DNI, nombre, apellidos, fecha_nacimiento, correo, contraseña) VALUES (68, 5133485,990819291,13113771,'José Antonio','Maza','1992-05-27','panfiloespana@example.net','#&)2DJ#qz#');
INSERT INTO perfiles (id, user_id, celular, DNI, nombre, apellidos, fecha_nacimiento, correo, contraseña) VALUES (69, 7217040,905602555,29373232,'Leyre','Cervera','1969-07-01','angela25@example.org','!ku9Om4k(z');
INSERT INTO perfiles (id, user_id, celular, DNI, nombre, apellidos, fecha_nacimiento, correo, contraseña) VALUES (70, 9089893,993369657,81162462,'Alexandra','Herrero','1988-02-12','infanteambrosio@example.org','8w7aFS9tr!');
INSERT INTO perfiles (id, user_id, celular, DNI, nombre, apellidos, fecha_nacimiento, correo, contraseña) VALUES (71, 2823974,934870021,40687841,'Maribel','Escalona','1966-02-09','guadalupe79@example.com','k#XKK%Mo(9');
INSERT INTO perfiles (id, user_id, celular, DNI, nombre, apellidos, fecha_nacimiento, correo, contraseña) VALUES (72, 6534307,944403657,88375326,'Bruno','Ramírez','1999-08-27','riusnatalia@example.com','*yAZer$OA6');
INSERT INTO perfiles (id, user_id, celular, DNI, nombre, apellidos, fecha_nacimiento, correo, contraseña) VALUES (73, 9543324,942117010,44661399,'Trini','Aroca','1991-11-05','sotelofelix@example.net','$^8XEaAI3q');
INSERT INTO perfiles (id, user_id, celular, DNI, nombre, apellidos, fecha_nacimiento, correo, contraseña) VALUES (74, 8264228,921289571,20273220,'Selena','Aguilar','1987-03-11','maxipineiro@example.org','hp+13Bu%i*');
INSERT INTO perfiles (id, user_id, celular, DNI, nombre, apellidos, fecha_nacimiento, correo, contraseña) VALUES (75, 2780329,903580523,63664865,'Óscar','Borrás','2002-12-17','ceferinoboix@example.net',')1PdYZFjiO');
INSERT INTO perfiles (id, user_id, celular, DNI, nombre, apellidos, fecha_nacimiento, correo, contraseña) VALUES (76, 0253453,991978707,48902003,'Danilo','Guillén','1970-10-03','peraltaraquel@example.org','p1Hgr3$Z^f');
INSERT INTO perfiles (id, user_id, celular, DNI, nombre, apellidos, fecha_nacimiento, correo, contraseña) VALUES (77, 6651374,991889897,42762715,'Borja','Llanos','1976-07-23','berta05@example.org','3pD5^!kv)a');
INSERT INTO perfiles (id, user_id, celular, DNI, nombre, apellidos, fecha_nacimiento, correo, contraseña) VALUES (78, 4210492,914908234,46811723,'José Ángel','Salazar','1987-07-28','federicougarte@example.com','!r&RwB%g00');
INSERT INTO perfiles (id, user_id, celular, DNI, nombre, apellidos, fecha_nacimiento, correo, contraseña) VALUES (79, 6314847,914612573,18894076,'Sarita','Nogueira','1991-09-04','chemacoello@example.org','ZlvQnDkZ+3');
INSERT INTO perfiles (id, user_id, celular, DNI, nombre, apellidos, fecha_nacimiento, correo, contraseña) VALUES (80, 2150852,973666321,99514396,'Tomasa','Alcaraz','1972-09-05','cponce@example.org','!qAuf+mh1K');
INSERT INTO perfiles (id, user_id, celular, DNI, nombre, apellidos, fecha_nacimiento, correo, contraseña) VALUES (81, 6194834,946129970,34850431,'Pilar','Núñez','1977-03-20','trini61@example.org','q+_9t%Us+E');
INSERT INTO perfiles (id, user_id, celular, DNI, nombre, apellidos, fecha_nacimiento, correo, contraseña) VALUES (82, 0993509,977557324,33021921,'Bibiana','Ocaña','1976-08-17','nazaret44@example.net','w^U4sSm3#!');
INSERT INTO perfiles (id, user_id, celular, DNI, nombre, apellidos, fecha_nacimiento, correo, contraseña) VALUES (83, 1651542,975596764,64343967,'Araceli','Boix','2001-05-29','norbertoosuna@example.net','2t&6IEug4Z');
INSERT INTO perfiles (id, user_id, celular, DNI, nombre, apellidos, fecha_nacimiento, correo, contraseña) VALUES (84, 5228436,901610435,94825551,'Amelia','Linares','2004-07-12','wsastre@example.net','l96UcoTtW#');
INSERT INTO perfiles (id, user_id, celular, DNI, nombre, apellidos, fecha_nacimiento, correo, contraseña) VALUES (85, 4500251,972805051,37900191,'Guadalupe','Coll','1963-06-26','ceciliorosales@example.com','kIi9HkL$$t');
INSERT INTO perfiles (id, user_id, celular, DNI, nombre, apellidos, fecha_nacimiento, correo, contraseña) VALUES (86, 8137457,954687281,20449429,'Elisabet','Bellido','1988-01-16','zlosa@example.com','R6+lDs5t$k');
INSERT INTO perfiles (id, user_id, celular, DNI, nombre, apellidos, fecha_nacimiento, correo, contraseña) VALUES (87, 0978668,961898065,30820291,'Quirino','Pizarro','2004-07-26','gabrielgual@example.org','!ZJkLlGv9k');
INSERT INTO perfiles (id, user_id, celular, DNI, nombre, apellidos, fecha_nacimiento, correo, contraseña) VALUES (88, 0956858,927827310,50686849,'Édgar','Riba','1993-02-15','pcamara@example.org','Y$6dXDCmul');
INSERT INTO perfiles (id, user_id, celular, DNI, nombre, apellidos, fecha_nacimiento, correo, contraseña) VALUES (89, 5248617,939140002,76145401,'Bienvenida','Guerrero','1976-03-27','herrerapedro@example.net','Z)0Z!FDaj%');
INSERT INTO perfiles (id, user_id, celular, DNI, nombre, apellidos, fecha_nacimiento, correo, contraseña) VALUES (90, 5293230,955042006,85164795,'Trinidad','Valls','2003-05-31','godofredo88@example.net','%iQgMftH65');
INSERT INTO perfiles (id, user_id, celular, DNI, nombre, apellidos, fecha_nacimiento, correo, contraseña) VALUES (91, 6385893,936862327,23524426,'Melania','Pol','1977-08-01','fatimaanaya@example.net','RweRUNx&*6');
INSERT INTO perfiles (id, user_id, celular, DNI, nombre, apellidos, fecha_nacimiento, correo, contraseña) VALUES (92, 2495331,937551928,98715267,'María Dolores','Calvet','2004-09-06','romaneligia@example.org','Y77aOQij(1');
INSERT INTO perfiles (id, user_id, celular, DNI, nombre, apellidos, fecha_nacimiento, correo, contraseña) VALUES (93, 4271341,970539488,95820326,'Gervasio','Moles','1975-02-22','saludgimenez@example.com','7u2B!mRy&t');
INSERT INTO perfiles (id, user_id, celular, DNI, nombre, apellidos, fecha_nacimiento, correo, contraseña) VALUES (94, 2992378,906263963,45870940,'Emiliana','Abella','1985-07-19','zoraida69@example.com','%0Bnd4r!1V');
INSERT INTO perfiles (id, user_id, celular, DNI, nombre, apellidos, fecha_nacimiento, correo, contraseña) VALUES (95, 1284534,997576780,13541860,'René','Borrás','1978-01-12','fantunez@example.net','$Ub8OBtNn7');
INSERT INTO perfiles (id, user_id, celular, DNI, nombre, apellidos, fecha_nacimiento, correo, contraseña) VALUES (96, 6937696,903046846,10671692,'Crescencia','Sanabria','1976-09-15','carolinagarcia@example.com','*b+9NUOlfV');
INSERT INTO perfiles (id, user_id, celular, DNI, nombre, apellidos, fecha_nacimiento, correo, contraseña) VALUES (97, 5899149,904342977,22269418,'Amelia','Alcalde','1963-12-02','desiderio80@example.net',')6Qdvdic4X');
INSERT INTO perfiles (id, user_id, celular, DNI, nombre, apellidos, fecha_nacimiento, correo, contraseña) VALUES (98, 5463585,910542929,99791097,'Rufino','Calderón','1964-04-07','pvalderrama@example.org','D(2fGb72Dj');
INSERT INTO perfiles (id, user_id, celular, DNI, nombre, apellidos, fecha_nacimiento, correo, contraseña) VALUES (99, 5486438,981476814,77675441,'Manu','Abad','1996-02-26','agustin28@example.net','$!01uMkinQ');
INSERT INTO perfiles (id, user_id, celular, DNI, nombre, apellidos, fecha_nacimiento, correo, contraseña) VALUES (100, 8674540,953275752,28443554,'Macaria','Egea','1998-02-21','ssomoza@example.org','#H!x7P+p)X');


-- 8 estaciones(si)
INSERT INTO estaciones (id, nombre, id_distrito) VALUES (1, 'Aliquid', 30);
INSERT INTO estaciones (id, nombre, id_distrito) VALUES (2, 'Consectetur', 26);
INSERT INTO estaciones (id, nombre, id_distrito) VALUES (3, 'Nostrum', 7);
INSERT INTO estaciones (id, nombre, id_distrito) VALUES (4, 'Itaque', 20);
INSERT INTO estaciones (id, nombre, id_distrito) VALUES (5, 'Reiciendis', 24);
INSERT INTO estaciones (id, nombre, id_distrito) VALUES (6, 'Quod', 11);
INSERT INTO estaciones (id, nombre, id_distrito) VALUES (7, 'Necessitatibus', 25);
INSERT INTO estaciones (id, nombre, id_distrito) VALUES (8, 'Esse', 3);
INSERT INTO estaciones (id, nombre, id_distrito) VALUES (9, 'Impedit', 12);
INSERT INTO estaciones (id, nombre, id_distrito) VALUES (10, 'Illo', 15);
INSERT INTO estaciones (id, nombre, id_distrito) VALUES (11, 'Blanditiis', 38);
INSERT INTO estaciones (id, nombre, id_distrito) VALUES (12, 'Veritatis', 24);
INSERT INTO estaciones (id, nombre, id_distrito) VALUES (13, 'Aliquam', 8);
INSERT INTO estaciones (id, nombre, id_distrito) VALUES (14, 'Distinctio', 1);
INSERT INTO estaciones (id, nombre, id_distrito) VALUES (15, 'Similique', 5);
INSERT INTO estaciones (id, nombre, id_distrito) VALUES (16, 'Aspernatur', 4);
INSERT INTO estaciones (id, nombre, id_distrito) VALUES (17, 'Culpa', 31);
INSERT INTO estaciones (id, nombre, id_distrito) VALUES (18, 'Vero', 10);
INSERT INTO estaciones (id, nombre, id_distrito) VALUES (19, 'Labore', 24);
INSERT INTO estaciones (id, nombre, id_distrito) VALUES (20, 'Sequi', 4);
INSERT INTO estaciones (id, nombre, id_distrito) VALUES (21, 'Eius', 29);
INSERT INTO estaciones (id, nombre, id_distrito) VALUES (22, 'Necessitatibus', 32);
INSERT INTO estaciones (id, nombre, id_distrito) VALUES (23, 'Aspernatur', 17);
INSERT INTO estaciones (id, nombre, id_distrito) VALUES (24, 'Maiores', 14);
INSERT INTO estaciones (id, nombre, id_distrito) VALUES (25, 'Voluptates', 5);
INSERT INTO estaciones (id, nombre, id_distrito) VALUES (26, 'Fuga', 36);
INSERT INTO estaciones (id, nombre, id_distrito) VALUES (27, 'Velit', 26);
INSERT INTO estaciones (id, nombre, id_distrito) VALUES (28, 'Natus', 10);
INSERT INTO estaciones (id, nombre, id_distrito) VALUES (29, 'A', 16);
INSERT INTO estaciones (id, nombre, id_distrito) VALUES (30, 'Ea', 41);
INSERT INTO estaciones (id, nombre, id_distrito) VALUES (31, 'Nam', 20);
INSERT INTO estaciones (id, nombre, id_distrito) VALUES (32, 'Nihil', 18);
INSERT INTO estaciones (id, nombre, id_distrito) VALUES (33, 'Nostrum', 17);
INSERT INTO estaciones (id, nombre, id_distrito) VALUES (34, 'Nostrum', 40);
INSERT INTO estaciones (id, nombre, id_distrito) VALUES (35, 'Porro', 19);
INSERT INTO estaciones (id, nombre, id_distrito) VALUES (36, 'Id', 7);
INSERT INTO estaciones (id, nombre, id_distrito) VALUES (37, 'Reiciendis', 41);
INSERT INTO estaciones (id, nombre, id_distrito) VALUES (38, 'Voluptatibus', 21);
INSERT INTO estaciones (id, nombre, id_distrito) VALUES (39, 'Magni', 42);
INSERT INTO estaciones (id, nombre, id_distrito) VALUES (40, 'Dolorem', 29);
INSERT INTO estaciones (id, nombre, id_distrito) VALUES (41, 'Voluptate', 22);
INSERT INTO estaciones (id, nombre, id_distrito) VALUES (42, 'Quia', 13);
INSERT INTO estaciones (id, nombre, id_distrito) VALUES (43, 'Voluptate', 26);
INSERT INTO estaciones (id, nombre, id_distrito) VALUES (44, 'Molestias', 38);
INSERT INTO estaciones (id, nombre, id_distrito) VALUES (45, 'Amet', 33);
INSERT INTO estaciones (id, nombre, id_distrito) VALUES (46, 'Delectus', 38);
INSERT INTO estaciones (id, nombre, id_distrito) VALUES (47, 'Earum', 24);
INSERT INTO estaciones (id, nombre, id_distrito) VALUES (48, 'Dolore', 7);
INSERT INTO estaciones (id, nombre, id_distrito) VALUES (49, 'Nulla', 23);
INSERT INTO estaciones (id, nombre, id_distrito) VALUES (50, 'Laudantium', 9);
INSERT INTO estaciones (id, nombre, id_distrito) VALUES (51, 'Fugit', 37);
INSERT INTO estaciones (id, nombre, id_distrito) VALUES (52, 'Dignissimos', 32);
INSERT INTO estaciones (id, nombre, id_distrito) VALUES (53, 'Aperiam', 29);
INSERT INTO estaciones (id, nombre, id_distrito) VALUES (54, 'Repellendus', 12);
INSERT INTO estaciones (id, nombre, id_distrito) VALUES (55, 'Eum', 22);
INSERT INTO estaciones (id, nombre, id_distrito) VALUES (56, 'Aspernatur', 37);
INSERT INTO estaciones (id, nombre, id_distrito) VALUES (57, 'Voluptate', 30);
INSERT INTO estaciones (id, nombre, id_distrito) VALUES (58, 'Veritatis', 21);
INSERT INTO estaciones (id, nombre, id_distrito) VALUES (59, 'Vel', 20);
INSERT INTO estaciones (id, nombre, id_distrito) VALUES (60, 'Accusamus', 28);
INSERT INTO estaciones (id, nombre, id_distrito) VALUES (61, 'Eaque', 31);
INSERT INTO estaciones (id, nombre, id_distrito) VALUES (62, 'Tenetur', 13);
INSERT INTO estaciones (id, nombre, id_distrito) VALUES (63, 'Quis', 38);
INSERT INTO estaciones (id, nombre, id_distrito) VALUES (64, 'Tenetur', 3);
INSERT INTO estaciones (id, nombre, id_distrito) VALUES (65, 'Tenetur', 5);
INSERT INTO estaciones (id, nombre, id_distrito) VALUES (66, 'Quisquam', 24);
INSERT INTO estaciones (id, nombre, id_distrito) VALUES (67, 'Id', 24);
INSERT INTO estaciones (id, nombre, id_distrito) VALUES (68, 'Cumque', 16);
INSERT INTO estaciones (id, nombre, id_distrito) VALUES (69, 'Quo', 21);
INSERT INTO estaciones (id, nombre, id_distrito) VALUES (70, 'Dolore', 21);
INSERT INTO estaciones (id, nombre, id_distrito) VALUES (71, 'Dolor', 36);
INSERT INTO estaciones (id, nombre, id_distrito) VALUES (72, 'Deleniti', 25);
INSERT INTO estaciones (id, nombre, id_distrito) VALUES (73, 'Facilis', 35);
INSERT INTO estaciones (id, nombre, id_distrito) VALUES (74, 'Exercitationem', 32);
INSERT INTO estaciones (id, nombre, id_distrito) VALUES (75, 'Eius', 32);
INSERT INTO estaciones (id, nombre, id_distrito) VALUES (76, 'Accusamus', 35);
INSERT INTO estaciones (id, nombre, id_distrito) VALUES (77, 'Rerum', 8);
INSERT INTO estaciones (id, nombre, id_distrito) VALUES (78, 'At', 16);
INSERT INTO estaciones (id, nombre, id_distrito) VALUES (79, 'Sed', 7);
INSERT INTO estaciones (id, nombre, id_distrito) VALUES (80, 'Similique', 4);
INSERT INTO estaciones (id, nombre, id_distrito) VALUES (81, 'Nulla', 37);
INSERT INTO estaciones (id, nombre, id_distrito) VALUES (82, 'Cumque', 38);
INSERT INTO estaciones (id, nombre, id_distrito) VALUES (83, 'Rerum', 27);
INSERT INTO estaciones (id, nombre, id_distrito) VALUES (84, 'Ullam', 6);
INSERT INTO estaciones (id, nombre, id_distrito) VALUES (85, 'Veritatis', 23);
INSERT INTO estaciones (id, nombre, id_distrito) VALUES (86, 'Non', 26);
INSERT INTO estaciones (id, nombre, id_distrito) VALUES (87, 'Incidunt', 16);
INSERT INTO estaciones (id, nombre, id_distrito) VALUES (88, 'Consequatur', 23);
INSERT INTO estaciones (id, nombre, id_distrito) VALUES (89, 'Totam', 3);
INSERT INTO estaciones (id, nombre, id_distrito) VALUES (90, 'Molestias', 27);
INSERT INTO estaciones (id, nombre, id_distrito) VALUES (91, 'Voluptatem', 27);
INSERT INTO estaciones (id, nombre, id_distrito) VALUES (92, 'Quod', 2);
INSERT INTO estaciones (id, nombre, id_distrito) VALUES (93, 'A', 35);
INSERT INTO estaciones (id, nombre, id_distrito) VALUES (94, 'Rerum', 38);
INSERT INTO estaciones (id, nombre, id_distrito) VALUES (95, 'Asperiores', 28);
INSERT INTO estaciones (id, nombre, id_distrito) VALUES (96, 'Cumque', 4);
INSERT INTO estaciones (id, nombre, id_distrito) VALUES (97, 'Eligendi', 38);
INSERT INTO estaciones (id, nombre, id_distrito) VALUES (98, 'Fugit', 21);
INSERT INTO estaciones (id, nombre, id_distrito) VALUES (99, 'Dolorum', 16);
INSERT INTO estaciones (id, nombre, id_distrito) VALUES (100, 'Eaque', 28);



-- 9 tarjetas corredor(si)
INSERT INTO tarjetas_corredor (id, id_tarjeta_fisica,saldo, id_perfil) VALUES (1, 98496762,0, 1);
INSERT INTO tarjetas_corredor (id, id_tarjeta_fisica,saldo, id_perfil) VALUES (2, 13319097,0, 2);
INSERT INTO tarjetas_corredor (id, id_tarjeta_fisica,saldo, id_perfil) VALUES (3, 59292009,0, 3);
INSERT INTO tarjetas_corredor (id, id_tarjeta_fisica,saldo, id_perfil) VALUES (4, 65692310,0, 4);
INSERT INTO tarjetas_corredor (id, id_tarjeta_fisica,saldo, id_perfil) VALUES (5, 65617116,0, 5);
INSERT INTO tarjetas_corredor (id, id_tarjeta_fisica,saldo, id_perfil) VALUES (6, 89280508,0, 6);
INSERT INTO tarjetas_corredor (id, id_tarjeta_fisica,saldo, id_perfil) VALUES (7, 13489687,0, 7);
INSERT INTO tarjetas_corredor (id, id_tarjeta_fisica,saldo, id_perfil) VALUES (8, 76858885,0, 8);
INSERT INTO tarjetas_corredor (id, id_tarjeta_fisica,saldo, id_perfil) VALUES (9, 48081255,0, 9);
INSERT INTO tarjetas_corredor (id, id_tarjeta_fisica,saldo, id_perfil) VALUES (10, 68996114,0, 10);
INSERT INTO tarjetas_corredor (id, id_tarjeta_fisica,saldo, id_perfil) VALUES (11, 22652515,0, 11);
INSERT INTO tarjetas_corredor (id, id_tarjeta_fisica,saldo, id_perfil) VALUES (12, 95064774,0, 12);
INSERT INTO tarjetas_corredor (id, id_tarjeta_fisica,saldo, id_perfil) VALUES (13, 51305639,0, 13);
INSERT INTO tarjetas_corredor (id, id_tarjeta_fisica,saldo, id_perfil) VALUES (14, 39036564,0, 14);
INSERT INTO tarjetas_corredor (id, id_tarjeta_fisica,saldo, id_perfil) VALUES (15, 51193256,0, 15);
INSERT INTO tarjetas_corredor (id, id_tarjeta_fisica,saldo, id_perfil) VALUES (16, 86232417,0, 16);
INSERT INTO tarjetas_corredor (id, id_tarjeta_fisica,saldo, id_perfil) VALUES (17, 17214463,0, 17);
INSERT INTO tarjetas_corredor (id, id_tarjeta_fisica,saldo, id_perfil) VALUES (18, 68236551,0, 18);
INSERT INTO tarjetas_corredor (id, id_tarjeta_fisica,saldo, id_perfil) VALUES (19, 19528680,0, 19);
INSERT INTO tarjetas_corredor (id, id_tarjeta_fisica,saldo, id_perfil) VALUES (20, 62652672,0, 20);
INSERT INTO tarjetas_corredor (id, id_tarjeta_fisica,saldo, id_perfil) VALUES (21, 10455843,0, 21);
INSERT INTO tarjetas_corredor (id, id_tarjeta_fisica,saldo, id_perfil) VALUES (22, 53056080,0, 22);
INSERT INTO tarjetas_corredor (id, id_tarjeta_fisica,saldo, id_perfil) VALUES (23, 51662216,0, 23);
INSERT INTO tarjetas_corredor (id, id_tarjeta_fisica,saldo, id_perfil) VALUES (24, 39174463,0, 24);
INSERT INTO tarjetas_corredor (id, id_tarjeta_fisica,saldo, id_perfil) VALUES (25, 63458912,0, 25);
INSERT INTO tarjetas_corredor (id, id_tarjeta_fisica,saldo, id_perfil) VALUES (26, 80994673,0, 26);
INSERT INTO tarjetas_corredor (id, id_tarjeta_fisica,saldo, id_perfil) VALUES (27, 22004410,0, 27);
INSERT INTO tarjetas_corredor (id, id_tarjeta_fisica,saldo, id_perfil) VALUES (28, 58936416,0, 28);
INSERT INTO tarjetas_corredor (id, id_tarjeta_fisica,saldo, id_perfil) VALUES (29, 03665425,0, 29);
INSERT INTO tarjetas_corredor (id, id_tarjeta_fisica,saldo, id_perfil) VALUES (30, 12743514,0, 30);
INSERT INTO tarjetas_corredor (id, id_tarjeta_fisica,saldo, id_perfil) VALUES (31, 67144075,0, 31);
INSERT INTO tarjetas_corredor (id, id_tarjeta_fisica,saldo, id_perfil) VALUES (32, 86002225,0, 32);
INSERT INTO tarjetas_corredor (id, id_tarjeta_fisica,saldo, id_perfil) VALUES (33, 49593851,0, 33);
INSERT INTO tarjetas_corredor (id, id_tarjeta_fisica,saldo, id_perfil) VALUES (34, 41648257,0, 34);
INSERT INTO tarjetas_corredor (id, id_tarjeta_fisica,saldo, id_perfil) VALUES (35, 90264031,0, 35);
INSERT INTO tarjetas_corredor (id, id_tarjeta_fisica,saldo, id_perfil) VALUES (36, 54281084,0, 36);
INSERT INTO tarjetas_corredor (id, id_tarjeta_fisica,saldo, id_perfil) VALUES (37, 22173873,0, 37);
INSERT INTO tarjetas_corredor (id, id_tarjeta_fisica,saldo, id_perfil) VALUES (38, 20349867,0, 38);
INSERT INTO tarjetas_corredor (id, id_tarjeta_fisica,saldo, id_perfil) VALUES (39, 74685876,0, 39);
INSERT INTO tarjetas_corredor (id, id_tarjeta_fisica,saldo, id_perfil) VALUES (40, 75451806,0, 40);
INSERT INTO tarjetas_corredor (id, id_tarjeta_fisica,saldo, id_perfil) VALUES (41, 35384178,0, 41);
INSERT INTO tarjetas_corredor (id, id_tarjeta_fisica,saldo, id_perfil) VALUES (42, 24788795,0, 42);
INSERT INTO tarjetas_corredor (id, id_tarjeta_fisica,saldo, id_perfil) VALUES (43, 45400261,0, 43);
INSERT INTO tarjetas_corredor (id, id_tarjeta_fisica,saldo, id_perfil) VALUES (44, 66365353,0, 44);
INSERT INTO tarjetas_corredor (id, id_tarjeta_fisica,saldo, id_perfil) VALUES (45, 63499473,0, 45);
INSERT INTO tarjetas_corredor (id, id_tarjeta_fisica,saldo, id_perfil) VALUES (46, 84665415,0, 46);
INSERT INTO tarjetas_corredor (id, id_tarjeta_fisica,saldo, id_perfil) VALUES (47, 63945032,0, 47);
INSERT INTO tarjetas_corredor (id, id_tarjeta_fisica,saldo, id_perfil) VALUES (48, 80937135,0, 48);
INSERT INTO tarjetas_corredor (id, id_tarjeta_fisica,saldo, id_perfil) VALUES (49, 46238364,0, 49);
INSERT INTO tarjetas_corredor (id, id_tarjeta_fisica,saldo, id_perfil) VALUES (50, 59967474,0, 50);
INSERT INTO tarjetas_corredor (id, id_tarjeta_fisica,saldo, id_perfil) VALUES (51, 75198700,0, 51);
INSERT INTO tarjetas_corredor (id, id_tarjeta_fisica,saldo, id_perfil) VALUES (52, 41452124,0, 52);
INSERT INTO tarjetas_corredor (id, id_tarjeta_fisica,saldo, id_perfil) VALUES (53, 34435290,0, 53);
INSERT INTO tarjetas_corredor (id, id_tarjeta_fisica,saldo, id_perfil) VALUES (54, 65224246,0, 54);
INSERT INTO tarjetas_corredor (id, id_tarjeta_fisica,saldo, id_perfil) VALUES (55, 98464996,0, 55);
INSERT INTO tarjetas_corredor (id, id_tarjeta_fisica,saldo, id_perfil) VALUES (56, 47048813,0, 56);
INSERT INTO tarjetas_corredor (id, id_tarjeta_fisica,saldo, id_perfil) VALUES (57, 80969845,0, 57);
INSERT INTO tarjetas_corredor (id, id_tarjeta_fisica,saldo, id_perfil) VALUES (58, 83931654,0, 58);
INSERT INTO tarjetas_corredor (id, id_tarjeta_fisica,saldo, id_perfil) VALUES (59, 04617854,0, 59);
INSERT INTO tarjetas_corredor (id, id_tarjeta_fisica,saldo, id_perfil) VALUES (60, 91451919,0, 60);
INSERT INTO tarjetas_corredor (id, id_tarjeta_fisica,saldo, id_perfil) VALUES (61, 27926550,0, 61);
INSERT INTO tarjetas_corredor (id, id_tarjeta_fisica,saldo, id_perfil) VALUES (62, 13702032,0, 62);
INSERT INTO tarjetas_corredor (id, id_tarjeta_fisica,saldo, id_perfil) VALUES (63, 39038591,0, 63);
INSERT INTO tarjetas_corredor (id, id_tarjeta_fisica,saldo, id_perfil) VALUES (64, 97905126,0, 64);
INSERT INTO tarjetas_corredor (id, id_tarjeta_fisica,saldo, id_perfil) VALUES (65, 87966230,0, 65);
INSERT INTO tarjetas_corredor (id, id_tarjeta_fisica,saldo, id_perfil) VALUES (66, 17844204,0, 66);
INSERT INTO tarjetas_corredor (id, id_tarjeta_fisica,saldo, id_perfil) VALUES (67, 79083774,0, 67);
INSERT INTO tarjetas_corredor (id, id_tarjeta_fisica,saldo, id_perfil) VALUES (68, 86622429,0, 68);
INSERT INTO tarjetas_corredor (id, id_tarjeta_fisica,saldo, id_perfil) VALUES (69, 86432951,0, 69);
INSERT INTO tarjetas_corredor (id, id_tarjeta_fisica,saldo, id_perfil) VALUES (70, 75083943,0, 70);
INSERT INTO tarjetas_corredor (id, id_tarjeta_fisica,saldo, id_perfil) VALUES (71, 09935338,0, 71);
INSERT INTO tarjetas_corredor (id, id_tarjeta_fisica,saldo, id_perfil) VALUES (72, 71587617,0, 72);
INSERT INTO tarjetas_corredor (id, id_tarjeta_fisica,saldo, id_perfil) VALUES (73, 74248036,0, 73);
INSERT INTO tarjetas_corredor (id, id_tarjeta_fisica,saldo, id_perfil) VALUES (74, 07014088,0, 74);
INSERT INTO tarjetas_corredor (id, id_tarjeta_fisica,saldo, id_perfil) VALUES (75, 47655409,0, 75);
INSERT INTO tarjetas_corredor (id, id_tarjeta_fisica,saldo, id_perfil) VALUES (76, 58834723,0, 76);
INSERT INTO tarjetas_corredor (id, id_tarjeta_fisica,saldo, id_perfil) VALUES (77, 39138786,0, 77);
INSERT INTO tarjetas_corredor (id, id_tarjeta_fisica,saldo, id_perfil) VALUES (78, 26821397,0, 78);
INSERT INTO tarjetas_corredor (id, id_tarjeta_fisica,saldo, id_perfil) VALUES (79, 18780665,0, 79);
INSERT INTO tarjetas_corredor (id, id_tarjeta_fisica,saldo, id_perfil) VALUES (80, 26011327,0, 80);
INSERT INTO tarjetas_corredor (id, id_tarjeta_fisica,saldo, id_perfil) VALUES (81, 33122699,0, 81);
INSERT INTO tarjetas_corredor (id, id_tarjeta_fisica,saldo, id_perfil) VALUES (82, 76947379,0, 82);
INSERT INTO tarjetas_corredor (id, id_tarjeta_fisica,saldo, id_perfil) VALUES (83, 23266811,0, 83);
INSERT INTO tarjetas_corredor (id, id_tarjeta_fisica,saldo, id_perfil) VALUES (84, 48257454,0, 84);
INSERT INTO tarjetas_corredor (id, id_tarjeta_fisica,saldo, id_perfil) VALUES (85, 52168022,0, 85);
INSERT INTO tarjetas_corredor (id, id_tarjeta_fisica,saldo, id_perfil) VALUES (86, 25086379,0, 86);
INSERT INTO tarjetas_corredor (id, id_tarjeta_fisica,saldo, id_perfil) VALUES (87, 82237936,0, 87);
INSERT INTO tarjetas_corredor (id, id_tarjeta_fisica,saldo, id_perfil) VALUES (88, 26142472,0, 88);
INSERT INTO tarjetas_corredor (id, id_tarjeta_fisica,saldo, id_perfil) VALUES (89, 46768060,0, 89);
INSERT INTO tarjetas_corredor (id, id_tarjeta_fisica,saldo, id_perfil) VALUES (90, 16172758,0, 90);
INSERT INTO tarjetas_corredor (id, id_tarjeta_fisica,saldo, id_perfil) VALUES (91, 25767189,0, 91);
INSERT INTO tarjetas_corredor (id, id_tarjeta_fisica,saldo, id_perfil) VALUES (92, 24125848,0, 92);
INSERT INTO tarjetas_corredor (id, id_tarjeta_fisica,saldo, id_perfil) VALUES (93, 01206609,0, 93);
INSERT INTO tarjetas_corredor (id, id_tarjeta_fisica,saldo, id_perfil) VALUES (94, 25141398,0, 94);
INSERT INTO tarjetas_corredor (id, id_tarjeta_fisica,saldo, id_perfil) VALUES (95, 29011998,0, 95);
INSERT INTO tarjetas_corredor (id, id_tarjeta_fisica,saldo, id_perfil) VALUES (96, 95115425,0, 96);
INSERT INTO tarjetas_corredor (id, id_tarjeta_fisica,saldo, id_perfil) VALUES (97, 02693048,0, 97);
INSERT INTO tarjetas_corredor (id, id_tarjeta_fisica,saldo, id_perfil) VALUES (98, 07871101,0, 98);
INSERT INTO tarjetas_corredor (id, id_tarjeta_fisica,saldo, id_perfil) VALUES (99, 83250808,0, 99);
INSERT INTO tarjetas_corredor (id, id_tarjeta_fisica,saldo, id_perfil) VALUES (100, 19289782,0, 100);


-- 10 metodos de pago(si)
INSERT INTO metodo_pagos (id, id_banco, id_perfil) VALUES (1, 1, 1);
INSERT INTO metodo_pagos (id, id_banco, id_perfil) VALUES (2, 1, 2);
INSERT INTO metodo_pagos (id, id_banco, id_perfil) VALUES (3, 12, 3);
INSERT INTO metodo_pagos (id, id_banco, id_perfil) VALUES (4, 10, 4);
INSERT INTO metodo_pagos (id, id_banco, id_perfil) VALUES (5, 11, 5);
INSERT INTO metodo_pagos (id, id_banco, id_perfil) VALUES (6, 6, 6);
INSERT INTO metodo_pagos (id, id_banco, id_perfil) VALUES (7, 4, 7);
INSERT INTO metodo_pagos (id, id_banco, id_perfil) VALUES (8, 9, 8);
INSERT INTO metodo_pagos (id, id_banco, id_perfil) VALUES (9, 9, 9);
INSERT INTO metodo_pagos (id, id_banco, id_perfil) VALUES (10, 13, 10);
INSERT INTO metodo_pagos (id, id_banco, id_perfil) VALUES (11, 13, 11);
INSERT INTO metodo_pagos (id, id_banco, id_perfil) VALUES (12, 14, 12);
INSERT INTO metodo_pagos (id, id_banco, id_perfil) VALUES (13, 2, 13);
INSERT INTO metodo_pagos (id, id_banco, id_perfil) VALUES (14, 6, 14);
INSERT INTO metodo_pagos (id, id_banco, id_perfil) VALUES (15, 11, 15);
INSERT INTO metodo_pagos (id, id_banco, id_perfil) VALUES (16, 7, 16);
INSERT INTO metodo_pagos (id, id_banco, id_perfil) VALUES (17, 2, 17);
INSERT INTO metodo_pagos (id, id_banco, id_perfil) VALUES (18, 2, 18);
INSERT INTO metodo_pagos (id, id_banco, id_perfil) VALUES (19, 15, 19);
INSERT INTO metodo_pagos (id, id_banco, id_perfil) VALUES (20, 14, 20);
INSERT INTO metodo_pagos (id, id_banco, id_perfil) VALUES (21, 1, 21);
INSERT INTO metodo_pagos (id, id_banco, id_perfil) VALUES (22, 2, 22);
INSERT INTO metodo_pagos (id, id_banco, id_perfil) VALUES (23, 8, 23);
INSERT INTO metodo_pagos (id, id_banco, id_perfil) VALUES (24, 13, 24);
INSERT INTO metodo_pagos (id, id_banco, id_perfil) VALUES (25, 10, 25);
INSERT INTO metodo_pagos (id, id_banco, id_perfil) VALUES (26, 6, 26);
INSERT INTO metodo_pagos (id, id_banco, id_perfil) VALUES (27, 4, 27);
INSERT INTO metodo_pagos (id, id_banco, id_perfil) VALUES (28, 9, 28);
INSERT INTO metodo_pagos (id, id_banco, id_perfil) VALUES (29, 8, 29);
INSERT INTO metodo_pagos (id, id_banco, id_perfil) VALUES (30, 10, 30);
INSERT INTO metodo_pagos (id, id_banco, id_perfil) VALUES (31, 13, 31);
INSERT INTO metodo_pagos (id, id_banco, id_perfil) VALUES (32, 15, 32);
INSERT INTO metodo_pagos (id, id_banco, id_perfil) VALUES (33, 1, 33);
INSERT INTO metodo_pagos (id, id_banco, id_perfil) VALUES (34, 4, 34);
INSERT INTO metodo_pagos (id, id_banco, id_perfil) VALUES (35, 3, 35);
INSERT INTO metodo_pagos (id, id_banco, id_perfil) VALUES (36, 6, 36);
INSERT INTO metodo_pagos (id, id_banco, id_perfil) VALUES (37, 8, 37);
INSERT INTO metodo_pagos (id, id_banco, id_perfil) VALUES (38, 13, 38);
INSERT INTO metodo_pagos (id, id_banco, id_perfil) VALUES (39, 15, 39);
INSERT INTO metodo_pagos (id, id_banco, id_perfil) VALUES (40, 6, 40);
INSERT INTO metodo_pagos (id, id_banco, id_perfil) VALUES (41, 1, 41);
INSERT INTO metodo_pagos (id, id_banco, id_perfil) VALUES (42, 9, 42);
INSERT INTO metodo_pagos (id, id_banco, id_perfil) VALUES (43, 1, 43);
INSERT INTO metodo_pagos (id, id_banco, id_perfil) VALUES (44, 2, 44);
INSERT INTO metodo_pagos (id, id_banco, id_perfil) VALUES (45, 7, 45);
INSERT INTO metodo_pagos (id, id_banco, id_perfil) VALUES (46, 13, 46);
INSERT INTO metodo_pagos (id, id_banco, id_perfil) VALUES (47, 5, 47);
INSERT INTO metodo_pagos (id, id_banco, id_perfil) VALUES (48, 14, 48);
INSERT INTO metodo_pagos (id, id_banco, id_perfil) VALUES (49, 5, 49);
INSERT INTO metodo_pagos (id, id_banco, id_perfil) VALUES (50, 8, 50);
INSERT INTO metodo_pagos (id, id_banco, id_perfil) VALUES (51, 15, 51);
INSERT INTO metodo_pagos (id, id_banco, id_perfil) VALUES (52, 9, 52);
INSERT INTO metodo_pagos (id, id_banco, id_perfil) VALUES (53, 12, 53);
INSERT INTO metodo_pagos (id, id_banco, id_perfil) VALUES (54, 15, 54);
INSERT INTO metodo_pagos (id, id_banco, id_perfil) VALUES (55, 13, 55);
INSERT INTO metodo_pagos (id, id_banco, id_perfil) VALUES (56, 11, 56);
INSERT INTO metodo_pagos (id, id_banco, id_perfil) VALUES (57, 14, 57);
INSERT INTO metodo_pagos (id, id_banco, id_perfil) VALUES (58, 12, 58);
INSERT INTO metodo_pagos (id, id_banco, id_perfil) VALUES (59, 2, 59);
INSERT INTO metodo_pagos (id, id_banco, id_perfil) VALUES (60, 1, 60);
INSERT INTO metodo_pagos (id, id_banco, id_perfil) VALUES (61, 3, 61);
INSERT INTO metodo_pagos (id, id_banco, id_perfil) VALUES (62, 4, 62);
INSERT INTO metodo_pagos (id, id_banco, id_perfil) VALUES (63, 5, 63);
INSERT INTO metodo_pagos (id, id_banco, id_perfil) VALUES (64, 4, 64);
INSERT INTO metodo_pagos (id, id_banco, id_perfil) VALUES (65, 6, 65);
INSERT INTO metodo_pagos (id, id_banco, id_perfil) VALUES (66, 4, 66);
INSERT INTO metodo_pagos (id, id_banco, id_perfil) VALUES (67, 11, 67);
INSERT INTO metodo_pagos (id, id_banco, id_perfil) VALUES (68, 9, 68);
INSERT INTO metodo_pagos (id, id_banco, id_perfil) VALUES (69, 15, 69);
INSERT INTO metodo_pagos (id, id_banco, id_perfil) VALUES (70, 11, 70);
INSERT INTO metodo_pagos (id, id_banco, id_perfil) VALUES (71, 8, 71);
INSERT INTO metodo_pagos (id, id_banco, id_perfil) VALUES (72, 1, 72);
INSERT INTO metodo_pagos (id, id_banco, id_perfil) VALUES (73, 11, 73);
INSERT INTO metodo_pagos (id, id_banco, id_perfil) VALUES (74, 8, 74);
INSERT INTO metodo_pagos (id, id_banco, id_perfil) VALUES (75, 12, 75);
INSERT INTO metodo_pagos (id, id_banco, id_perfil) VALUES (76, 15, 76);
INSERT INTO metodo_pagos (id, id_banco, id_perfil) VALUES (77, 3, 77);
INSERT INTO metodo_pagos (id, id_banco, id_perfil) VALUES (78, 4, 78);
INSERT INTO metodo_pagos (id, id_banco, id_perfil) VALUES (79, 6, 79);
INSERT INTO metodo_pagos (id, id_banco, id_perfil) VALUES (80, 4, 80);
INSERT INTO metodo_pagos (id, id_banco, id_perfil) VALUES (81, 10, 81);
INSERT INTO metodo_pagos (id, id_banco, id_perfil) VALUES (82, 9, 82);
INSERT INTO metodo_pagos (id, id_banco, id_perfil) VALUES (83, 12, 83);
INSERT INTO metodo_pagos (id, id_banco, id_perfil) VALUES (84, 4, 84);
INSERT INTO metodo_pagos (id, id_banco, id_perfil) VALUES (85, 6, 85);
INSERT INTO metodo_pagos (id, id_banco, id_perfil) VALUES (86, 14, 86);
INSERT INTO metodo_pagos (id, id_banco, id_perfil) VALUES (87, 2, 87);
INSERT INTO metodo_pagos (id, id_banco, id_perfil) VALUES (88, 12, 88);
INSERT INTO metodo_pagos (id, id_banco, id_perfil) VALUES (89, 12, 89);
INSERT INTO metodo_pagos (id, id_banco, id_perfil) VALUES (90, 6, 90);
INSERT INTO metodo_pagos (id, id_banco, id_perfil) VALUES (91, 12, 91);
INSERT INTO metodo_pagos (id, id_banco, id_perfil) VALUES (92, 15, 92);
INSERT INTO metodo_pagos (id, id_banco, id_perfil) VALUES (93, 11, 93);
INSERT INTO metodo_pagos (id, id_banco, id_perfil) VALUES (94, 3, 94);
INSERT INTO metodo_pagos (id, id_banco, id_perfil) VALUES (95, 8, 95);
INSERT INTO metodo_pagos (id, id_banco, id_perfil) VALUES (96, 5, 96);
INSERT INTO metodo_pagos (id, id_banco, id_perfil) VALUES (97, 14, 97);
INSERT INTO metodo_pagos (id, id_banco, id_perfil) VALUES (98, 6, 98);
INSERT INTO metodo_pagos (id, id_banco, id_perfil) VALUES (99, 5, 99);
INSERT INTO metodo_pagos (id, id_banco, id_perfil) VALUES (100, 7, 100);


-- 11 tarjetas univesitaio(si)

INSERT INTO tarjetas_universitario (id, id_tarjeta_corredor, id_alumno) VALUES (1, 66, 71);
INSERT INTO tarjetas_universitario (id, id_tarjeta_corredor, id_alumno) VALUES (2, 34, 88);
INSERT INTO tarjetas_universitario (id, id_tarjeta_corredor, id_alumno) VALUES (3, 50, 54);
INSERT INTO tarjetas_universitario (id, id_tarjeta_corredor, id_alumno) VALUES (4, 93, 59);
INSERT INTO tarjetas_universitario (id, id_tarjeta_corredor, id_alumno) VALUES (5, 99, 76);
INSERT INTO tarjetas_universitario (id, id_tarjeta_corredor, id_alumno) VALUES (6, 50, 95);
INSERT INTO tarjetas_universitario (id, id_tarjeta_corredor, id_alumno) VALUES (7, 12, 9);
INSERT INTO tarjetas_universitario (id, id_tarjeta_corredor, id_alumno) VALUES (8, 22, 19);
INSERT INTO tarjetas_universitario (id, id_tarjeta_corredor, id_alumno) VALUES (9, 93, 76);
INSERT INTO tarjetas_universitario (id, id_tarjeta_corredor, id_alumno) VALUES (10, 86, 61);
INSERT INTO tarjetas_universitario (id, id_tarjeta_corredor, id_alumno) VALUES (11, 1, 64);
INSERT INTO tarjetas_universitario (id, id_tarjeta_corredor, id_alumno) VALUES (12, 87, 18);
INSERT INTO tarjetas_universitario (id, id_tarjeta_corredor, id_alumno) VALUES (13, 85, 4);
INSERT INTO tarjetas_universitario (id, id_tarjeta_corredor, id_alumno) VALUES (14, 22, 54);
INSERT INTO tarjetas_universitario (id, id_tarjeta_corredor, id_alumno) VALUES (15, 41, 11);
INSERT INTO tarjetas_universitario (id, id_tarjeta_corredor, id_alumno) VALUES (16, 6, 78);
INSERT INTO tarjetas_universitario (id, id_tarjeta_corredor, id_alumno) VALUES (17, 8, 66);
INSERT INTO tarjetas_universitario (id, id_tarjeta_corredor, id_alumno) VALUES (18, 20, 87);
INSERT INTO tarjetas_universitario (id, id_tarjeta_corredor, id_alumno) VALUES (19, 31, 89);
INSERT INTO tarjetas_universitario (id, id_tarjeta_corredor, id_alumno) VALUES (20, 57, 93);
INSERT INTO tarjetas_universitario (id, id_tarjeta_corredor, id_alumno) VALUES (21, 26, 4);
INSERT INTO tarjetas_universitario (id, id_tarjeta_corredor, id_alumno) VALUES (22, 88, 82);
INSERT INTO tarjetas_universitario (id, id_tarjeta_corredor, id_alumno) VALUES (23, 50, 91);
INSERT INTO tarjetas_universitario (id, id_tarjeta_corredor, id_alumno) VALUES (24, 29, 63);
INSERT INTO tarjetas_universitario (id, id_tarjeta_corredor, id_alumno) VALUES (25, 9, 69);
INSERT INTO tarjetas_universitario (id, id_tarjeta_corredor, id_alumno) VALUES (26, 12, 1);
INSERT INTO tarjetas_universitario (id, id_tarjeta_corredor, id_alumno) VALUES (27, 1, 56);
INSERT INTO tarjetas_universitario (id, id_tarjeta_corredor, id_alumno) VALUES (28, 82, 32);
INSERT INTO tarjetas_universitario (id, id_tarjeta_corredor, id_alumno) VALUES (29, 3, 63);
INSERT INTO tarjetas_universitario (id, id_tarjeta_corredor, id_alumno) VALUES (30, 89, 57);
INSERT INTO tarjetas_universitario (id, id_tarjeta_corredor, id_alumno) VALUES (31, 97, 28);
INSERT INTO tarjetas_universitario (id, id_tarjeta_corredor, id_alumno) VALUES (32, 36, 30);
INSERT INTO tarjetas_universitario (id, id_tarjeta_corredor, id_alumno) VALUES (33, 31, 67);
INSERT INTO tarjetas_universitario (id, id_tarjeta_corredor, id_alumno) VALUES (34, 57, 89);
INSERT INTO tarjetas_universitario (id, id_tarjeta_corredor, id_alumno) VALUES (35, 98, 16);
INSERT INTO tarjetas_universitario (id, id_tarjeta_corredor, id_alumno) VALUES (36, 90, 100);
INSERT INTO tarjetas_universitario (id, id_tarjeta_corredor, id_alumno) VALUES (37, 28, 14);
INSERT INTO tarjetas_universitario (id, id_tarjeta_corredor, id_alumno) VALUES (38, 79, 24);
INSERT INTO tarjetas_universitario (id, id_tarjeta_corredor, id_alumno) VALUES (39, 64, 39);
INSERT INTO tarjetas_universitario (id, id_tarjeta_corredor, id_alumno) VALUES (40, 64, 67);
INSERT INTO tarjetas_universitario (id, id_tarjeta_corredor, id_alumno) VALUES (41, 100, 79);
INSERT INTO tarjetas_universitario (id, id_tarjeta_corredor, id_alumno) VALUES (42, 53, 39);
INSERT INTO tarjetas_universitario (id, id_tarjeta_corredor, id_alumno) VALUES (43, 94, 33);
INSERT INTO tarjetas_universitario (id, id_tarjeta_corredor, id_alumno) VALUES (44, 44, 24);
INSERT INTO tarjetas_universitario (id, id_tarjeta_corredor, id_alumno) VALUES (45, 19, 74);
INSERT INTO tarjetas_universitario (id, id_tarjeta_corredor, id_alumno) VALUES (46, 38, 10);
INSERT INTO tarjetas_universitario (id, id_tarjeta_corredor, id_alumno) VALUES (47, 72, 61);
INSERT INTO tarjetas_universitario (id, id_tarjeta_corredor, id_alumno) VALUES (48, 54, 83);
INSERT INTO tarjetas_universitario (id, id_tarjeta_corredor, id_alumno) VALUES (49, 59, 64);
INSERT INTO tarjetas_universitario (id, id_tarjeta_corredor, id_alumno) VALUES (50, 47, 46);
INSERT INTO tarjetas_universitario (id, id_tarjeta_corredor, id_alumno) VALUES (51, 78, 12);
INSERT INTO tarjetas_universitario (id, id_tarjeta_corredor, id_alumno) VALUES (52, 28, 77);
INSERT INTO tarjetas_universitario (id, id_tarjeta_corredor, id_alumno) VALUES (53, 46, 55);
INSERT INTO tarjetas_universitario (id, id_tarjeta_corredor, id_alumno) VALUES (54, 41, 97);
INSERT INTO tarjetas_universitario (id, id_tarjeta_corredor, id_alumno) VALUES (55, 9, 92);
INSERT INTO tarjetas_universitario (id, id_tarjeta_corredor, id_alumno) VALUES (56, 82, 91);
INSERT INTO tarjetas_universitario (id, id_tarjeta_corredor, id_alumno) VALUES (57, 72, 12);
INSERT INTO tarjetas_universitario (id, id_tarjeta_corredor, id_alumno) VALUES (58, 73, 97);
INSERT INTO tarjetas_universitario (id, id_tarjeta_corredor, id_alumno) VALUES (59, 73, 41);
INSERT INTO tarjetas_universitario (id, id_tarjeta_corredor, id_alumno) VALUES (60, 7, 61);
INSERT INTO tarjetas_universitario (id, id_tarjeta_corredor, id_alumno) VALUES (61, 38, 47);
INSERT INTO tarjetas_universitario (id, id_tarjeta_corredor, id_alumno) VALUES (62, 85, 28);
INSERT INTO tarjetas_universitario (id, id_tarjeta_corredor, id_alumno) VALUES (63, 45, 55);
INSERT INTO tarjetas_universitario (id, id_tarjeta_corredor, id_alumno) VALUES (64, 67, 44);
INSERT INTO tarjetas_universitario (id, id_tarjeta_corredor, id_alumno) VALUES (65, 34, 87);
INSERT INTO tarjetas_universitario (id, id_tarjeta_corredor, id_alumno) VALUES (66, 79, 2);
INSERT INTO tarjetas_universitario (id, id_tarjeta_corredor, id_alumno) VALUES (67, 22, 47);
INSERT INTO tarjetas_universitario (id, id_tarjeta_corredor, id_alumno) VALUES (68, 52, 57);
INSERT INTO tarjetas_universitario (id, id_tarjeta_corredor, id_alumno) VALUES (69, 84, 61);
INSERT INTO tarjetas_universitario (id, id_tarjeta_corredor, id_alumno) VALUES (70, 26, 81);
INSERT INTO tarjetas_universitario (id, id_tarjeta_corredor, id_alumno) VALUES (71, 67, 32);
INSERT INTO tarjetas_universitario (id, id_tarjeta_corredor, id_alumno) VALUES (72, 8, 98);
INSERT INTO tarjetas_universitario (id, id_tarjeta_corredor, id_alumno) VALUES (73, 92, 23);
INSERT INTO tarjetas_universitario (id, id_tarjeta_corredor, id_alumno) VALUES (74, 47, 80);
INSERT INTO tarjetas_universitario (id, id_tarjeta_corredor, id_alumno) VALUES (75, 78, 73);
INSERT INTO tarjetas_universitario (id, id_tarjeta_corredor, id_alumno) VALUES (76, 88, 36);
INSERT INTO tarjetas_universitario (id, id_tarjeta_corredor, id_alumno) VALUES (77, 29, 3);
INSERT INTO tarjetas_universitario (id, id_tarjeta_corredor, id_alumno) VALUES (78, 14, 88);
INSERT INTO tarjetas_universitario (id, id_tarjeta_corredor, id_alumno) VALUES (79, 93, 99);
INSERT INTO tarjetas_universitario (id, id_tarjeta_corredor, id_alumno) VALUES (80, 82, 67);
INSERT INTO tarjetas_universitario (id, id_tarjeta_corredor, id_alumno) VALUES (81, 4, 17);
INSERT INTO tarjetas_universitario (id, id_tarjeta_corredor, id_alumno) VALUES (82, 5, 62);
INSERT INTO tarjetas_universitario (id, id_tarjeta_corredor, id_alumno) VALUES (83, 77, 23);
INSERT INTO tarjetas_universitario (id, id_tarjeta_corredor, id_alumno) VALUES (84, 1, 57);
INSERT INTO tarjetas_universitario (id, id_tarjeta_corredor, id_alumno) VALUES (85, 81, 93);
INSERT INTO tarjetas_universitario (id, id_tarjeta_corredor, id_alumno) VALUES (86, 47, 51);
INSERT INTO tarjetas_universitario (id, id_tarjeta_corredor, id_alumno) VALUES (87, 20, 27);
INSERT INTO tarjetas_universitario (id, id_tarjeta_corredor, id_alumno) VALUES (88, 45, 10);
INSERT INTO tarjetas_universitario (id, id_tarjeta_corredor, id_alumno) VALUES (89, 31, 70);
INSERT INTO tarjetas_universitario (id, id_tarjeta_corredor, id_alumno) VALUES (90, 73, 15);
INSERT INTO tarjetas_universitario (id, id_tarjeta_corredor, id_alumno) VALUES (91, 28, 6);
INSERT INTO tarjetas_universitario (id, id_tarjeta_corredor, id_alumno) VALUES (92, 70, 37);
INSERT INTO tarjetas_universitario (id, id_tarjeta_corredor, id_alumno) VALUES (93, 51, 68);
INSERT INTO tarjetas_universitario (id, id_tarjeta_corredor, id_alumno) VALUES (94, 79, 3);
INSERT INTO tarjetas_universitario (id, id_tarjeta_corredor, id_alumno) VALUES (95, 21, 79);
INSERT INTO tarjetas_universitario (id, id_tarjeta_corredor, id_alumno) VALUES (96, 39, 54);
INSERT INTO tarjetas_universitario (id, id_tarjeta_corredor, id_alumno) VALUES (97, 63, 94);
INSERT INTO tarjetas_universitario (id, id_tarjeta_corredor, id_alumno) VALUES (98, 69, 19);
INSERT INTO tarjetas_universitario (id, id_tarjeta_corredor, id_alumno) VALUES (99, 28, 14);
INSERT INTO tarjetas_universitario (id, id_tarjeta_corredor, id_alumno) VALUES (100, 16, 58);


-- 12 tarjetas general(si)


INSERT INTO tarjetas_general (id, id_tarjeta_corredor) VALUES (1, 94);
INSERT INTO tarjetas_general (id, id_tarjeta_corredor) VALUES (2, 32);
INSERT INTO tarjetas_general (id, id_tarjeta_corredor) VALUES (3, 4);
INSERT INTO tarjetas_general (id, id_tarjeta_corredor) VALUES (4, 71);
INSERT INTO tarjetas_general (id, id_tarjeta_corredor) VALUES (5, 35);
INSERT INTO tarjetas_general (id, id_tarjeta_corredor) VALUES (6, 85);
INSERT INTO tarjetas_general (id, id_tarjeta_corredor) VALUES (7, 34);
INSERT INTO tarjetas_general (id, id_tarjeta_corredor) VALUES (8, 92);
INSERT INTO tarjetas_general (id, id_tarjeta_corredor) VALUES (9, 7);
INSERT INTO tarjetas_general (id, id_tarjeta_corredor) VALUES (10, 38);
INSERT INTO tarjetas_general (id, id_tarjeta_corredor) VALUES (11, 65);
INSERT INTO tarjetas_general (id, id_tarjeta_corredor) VALUES (12, 92);
INSERT INTO tarjetas_general (id, id_tarjeta_corredor) VALUES (13, 64);
INSERT INTO tarjetas_general (id, id_tarjeta_corredor) VALUES (14, 63);
INSERT INTO tarjetas_general (id, id_tarjeta_corredor) VALUES (15, 32);
INSERT INTO tarjetas_general (id, id_tarjeta_corredor) VALUES (16, 76);
INSERT INTO tarjetas_general (id, id_tarjeta_corredor) VALUES (17, 33);
INSERT INTO tarjetas_general (id, id_tarjeta_corredor) VALUES (18, 83);
INSERT INTO tarjetas_general (id, id_tarjeta_corredor) VALUES (19, 57);
INSERT INTO tarjetas_general (id, id_tarjeta_corredor) VALUES (20, 59);
INSERT INTO tarjetas_general (id, id_tarjeta_corredor) VALUES (21, 72);
INSERT INTO tarjetas_general (id, id_tarjeta_corredor) VALUES (22, 21);
INSERT INTO tarjetas_general (id, id_tarjeta_corredor) VALUES (23, 32);
INSERT INTO tarjetas_general (id, id_tarjeta_corredor) VALUES (24, 3);
INSERT INTO tarjetas_general (id, id_tarjeta_corredor) VALUES (25, 12);
INSERT INTO tarjetas_general (id, id_tarjeta_corredor) VALUES (26, 26);
INSERT INTO tarjetas_general (id, id_tarjeta_corredor) VALUES (27, 64);
INSERT INTO tarjetas_general (id, id_tarjeta_corredor) VALUES (28, 74);
INSERT INTO tarjetas_general (id, id_tarjeta_corredor) VALUES (29, 36);
INSERT INTO tarjetas_general (id, id_tarjeta_corredor) VALUES (30, 13);
INSERT INTO tarjetas_general (id, id_tarjeta_corredor) VALUES (31, 83);
INSERT INTO tarjetas_general (id, id_tarjeta_corredor) VALUES (32, 65);
INSERT INTO tarjetas_general (id, id_tarjeta_corredor) VALUES (33, 5);
INSERT INTO tarjetas_general (id, id_tarjeta_corredor) VALUES (34, 15);
INSERT INTO tarjetas_general (id, id_tarjeta_corredor) VALUES (35, 85);
INSERT INTO tarjetas_general (id, id_tarjeta_corredor) VALUES (36, 64);
INSERT INTO tarjetas_general (id, id_tarjeta_corredor) VALUES (37, 15);
INSERT INTO tarjetas_general (id, id_tarjeta_corredor) VALUES (38, 7);
INSERT INTO tarjetas_general (id, id_tarjeta_corredor) VALUES (39, 64);
INSERT INTO tarjetas_general (id, id_tarjeta_corredor) VALUES (40, 22);
INSERT INTO tarjetas_general (id, id_tarjeta_corredor) VALUES (41, 61);
INSERT INTO tarjetas_general (id, id_tarjeta_corredor) VALUES (42, 33);
INSERT INTO tarjetas_general (id, id_tarjeta_corredor) VALUES (43, 29);
INSERT INTO tarjetas_general (id, id_tarjeta_corredor) VALUES (44, 56);
INSERT INTO tarjetas_general (id, id_tarjeta_corredor) VALUES (45, 64);
INSERT INTO tarjetas_general (id, id_tarjeta_corredor) VALUES (46, 35);
INSERT INTO tarjetas_general (id, id_tarjeta_corredor) VALUES (47, 100);
INSERT INTO tarjetas_general (id, id_tarjeta_corredor) VALUES (48, 16);
INSERT INTO tarjetas_general (id, id_tarjeta_corredor) VALUES (49, 46);
INSERT INTO tarjetas_general (id, id_tarjeta_corredor) VALUES (50, 47);
INSERT INTO tarjetas_general (id, id_tarjeta_corredor) VALUES (51, 45);
INSERT INTO tarjetas_general (id, id_tarjeta_corredor) VALUES (52, 22);
INSERT INTO tarjetas_general (id, id_tarjeta_corredor) VALUES (53, 69);
INSERT INTO tarjetas_general (id, id_tarjeta_corredor) VALUES (54, 36);
INSERT INTO tarjetas_general (id, id_tarjeta_corredor) VALUES (55, 85);
INSERT INTO tarjetas_general (id, id_tarjeta_corredor) VALUES (56, 20);
INSERT INTO tarjetas_general (id, id_tarjeta_corredor) VALUES (57, 61);
INSERT INTO tarjetas_general (id, id_tarjeta_corredor) VALUES (58, 31);
INSERT INTO tarjetas_general (id, id_tarjeta_corredor) VALUES (59, 51);
INSERT INTO tarjetas_general (id, id_tarjeta_corredor) VALUES (60, 39);
INSERT INTO tarjetas_general (id, id_tarjeta_corredor) VALUES (61, 78);
INSERT INTO tarjetas_general (id, id_tarjeta_corredor) VALUES (62, 55);
INSERT INTO tarjetas_general (id, id_tarjeta_corredor) VALUES (63, 44);
INSERT INTO tarjetas_general (id, id_tarjeta_corredor) VALUES (64, 96);
INSERT INTO tarjetas_general (id, id_tarjeta_corredor) VALUES (65, 82);
INSERT INTO tarjetas_general (id, id_tarjeta_corredor) VALUES (66, 49);
INSERT INTO tarjetas_general (id, id_tarjeta_corredor) VALUES (67, 76);
INSERT INTO tarjetas_general (id, id_tarjeta_corredor) VALUES (68, 83);
INSERT INTO tarjetas_general (id, id_tarjeta_corredor) VALUES (69, 67);
INSERT INTO tarjetas_general (id, id_tarjeta_corredor) VALUES (70, 7);
INSERT INTO tarjetas_general (id, id_tarjeta_corredor) VALUES (71, 93);
INSERT INTO tarjetas_general (id, id_tarjeta_corredor) VALUES (72, 76);
INSERT INTO tarjetas_general (id, id_tarjeta_corredor) VALUES (73, 5);
INSERT INTO tarjetas_general (id, id_tarjeta_corredor) VALUES (74, 50);
INSERT INTO tarjetas_general (id, id_tarjeta_corredor) VALUES (75, 90);
INSERT INTO tarjetas_general (id, id_tarjeta_corredor) VALUES (76, 1);
INSERT INTO tarjetas_general (id, id_tarjeta_corredor) VALUES (77, 43);
INSERT INTO tarjetas_general (id, id_tarjeta_corredor) VALUES (78, 15);
INSERT INTO tarjetas_general (id, id_tarjeta_corredor) VALUES (79, 48);
INSERT INTO tarjetas_general (id, id_tarjeta_corredor) VALUES (80, 66);
INSERT INTO tarjetas_general (id, id_tarjeta_corredor) VALUES (81, 78);
INSERT INTO tarjetas_general (id, id_tarjeta_corredor) VALUES (82, 94);
INSERT INTO tarjetas_general (id, id_tarjeta_corredor) VALUES (83, 23);
INSERT INTO tarjetas_general (id, id_tarjeta_corredor) VALUES (84, 16);
INSERT INTO tarjetas_general (id, id_tarjeta_corredor) VALUES (85, 74);
INSERT INTO tarjetas_general (id, id_tarjeta_corredor) VALUES (86, 56);
INSERT INTO tarjetas_general (id, id_tarjeta_corredor) VALUES (87, 13);
INSERT INTO tarjetas_general (id, id_tarjeta_corredor) VALUES (88, 73);
INSERT INTO tarjetas_general (id, id_tarjeta_corredor) VALUES (89, 93);
INSERT INTO tarjetas_general (id, id_tarjeta_corredor) VALUES (90, 97);
INSERT INTO tarjetas_general (id, id_tarjeta_corredor) VALUES (91, 20);
INSERT INTO tarjetas_general (id, id_tarjeta_corredor) VALUES (92, 32);
INSERT INTO tarjetas_general (id, id_tarjeta_corredor) VALUES (93, 86);
INSERT INTO tarjetas_general (id, id_tarjeta_corredor) VALUES (94, 3);
INSERT INTO tarjetas_general (id, id_tarjeta_corredor) VALUES (95, 33);
INSERT INTO tarjetas_general (id, id_tarjeta_corredor) VALUES (96, 13);
INSERT INTO tarjetas_general (id, id_tarjeta_corredor) VALUES (97, 52);
INSERT INTO tarjetas_general (id, id_tarjeta_corredor) VALUES (98, 65);
INSERT INTO tarjetas_general (id, id_tarjeta_corredor) VALUES (99, 43);
INSERT INTO tarjetas_general (id, id_tarjeta_corredor) VALUES (100, 56);

-- 13 transacciones pagos(si)

INSERT INTO transacciones_pagos (id, monto, fecha, id_tarjeta_corredor) VALUES (1, 2,'2025-03-24',57);
INSERT INTO transacciones_pagos (id, monto, fecha, id_tarjeta_corredor) VALUES (2, 10,'2025-01-14',49);
INSERT INTO transacciones_pagos (id, monto, fecha, id_tarjeta_corredor) VALUES (3, 6,'2025-02-21',78);
INSERT INTO transacciones_pagos (id, monto, fecha, id_tarjeta_corredor) VALUES (4, 2,'2025-01-29',75);
INSERT INTO transacciones_pagos (id, monto, fecha, id_tarjeta_corredor) VALUES (5, 3,'2025-02-02',31);
INSERT INTO transacciones_pagos (id, monto, fecha, id_tarjeta_corredor) VALUES (6, 2,'2025-05-15',81);
INSERT INTO transacciones_pagos (id, monto, fecha, id_tarjeta_corredor) VALUES (7, 3,'2025-06-11',28);
INSERT INTO transacciones_pagos (id, monto, fecha, id_tarjeta_corredor) VALUES (8, 6,'2025-06-19',60);
INSERT INTO transacciones_pagos (id, monto, fecha, id_tarjeta_corredor) VALUES (9, 1,'2025-02-26',38);
INSERT INTO transacciones_pagos (id, monto, fecha, id_tarjeta_corredor) VALUES (10, 3,'2025-03-16',30);
INSERT INTO transacciones_pagos (id, monto, fecha, id_tarjeta_corredor) VALUES (11, 1,'2025-02-19',90);
INSERT INTO transacciones_pagos (id, monto, fecha, id_tarjeta_corredor) VALUES (12, 8,'2025-05-03',93);
INSERT INTO transacciones_pagos (id, monto, fecha, id_tarjeta_corredor) VALUES (13, 10,'2025-05-18',28);
INSERT INTO transacciones_pagos (id, monto, fecha, id_tarjeta_corredor) VALUES (14, 4,'2025-02-19',81);
INSERT INTO transacciones_pagos (id, monto, fecha, id_tarjeta_corredor) VALUES (15, 1,'2025-06-29',63);
INSERT INTO transacciones_pagos (id, monto, fecha, id_tarjeta_corredor) VALUES (16, 7,'2025-04-17',23);
INSERT INTO transacciones_pagos (id, monto, fecha, id_tarjeta_corredor) VALUES (17, 8,'2025-01-29',21);
INSERT INTO transacciones_pagos (id, monto, fecha, id_tarjeta_corredor) VALUES (18, 7,'2025-01-14',1);
INSERT INTO transacciones_pagos (id, monto, fecha, id_tarjeta_corredor) VALUES (19, 6,'2025-05-29',44);
INSERT INTO transacciones_pagos (id, monto, fecha, id_tarjeta_corredor) VALUES (20, 10,'2025-04-14',70);
INSERT INTO transacciones_pagos (id, monto, fecha, id_tarjeta_corredor) VALUES (21, 1,'2025-02-28',75);
INSERT INTO transacciones_pagos (id, monto, fecha, id_tarjeta_corredor) VALUES (22, 4,'2025-02-08',82);
INSERT INTO transacciones_pagos (id, monto, fecha, id_tarjeta_corredor) VALUES (23, 10,'2025-04-09',54);
INSERT INTO transacciones_pagos (id, monto, fecha, id_tarjeta_corredor) VALUES (24, 8,'2025-05-21',70);
INSERT INTO transacciones_pagos (id, monto, fecha, id_tarjeta_corredor) VALUES (25, 6,'2025-02-01',29);
INSERT INTO transacciones_pagos (id, monto, fecha, id_tarjeta_corredor) VALUES (26, 6,'2025-01-30',76);
INSERT INTO transacciones_pagos (id, monto, fecha, id_tarjeta_corredor) VALUES (27, 9,'2025-05-07',53);
INSERT INTO transacciones_pagos (id, monto, fecha, id_tarjeta_corredor) VALUES (28, 7,'2025-01-31',88);
INSERT INTO transacciones_pagos (id, monto, fecha, id_tarjeta_corredor) VALUES (29, 10,'2025-06-12',9);
INSERT INTO transacciones_pagos (id, monto, fecha, id_tarjeta_corredor) VALUES (30, 8,'2025-03-20',36);
INSERT INTO transacciones_pagos (id, monto, fecha, id_tarjeta_corredor) VALUES (31, 5,'2025-01-19',82);
INSERT INTO transacciones_pagos (id, monto, fecha, id_tarjeta_corredor) VALUES (32, 5,'2025-02-11',70);
INSERT INTO transacciones_pagos (id, monto, fecha, id_tarjeta_corredor) VALUES (33, 4,'2025-04-24',63);
INSERT INTO transacciones_pagos (id, monto, fecha, id_tarjeta_corredor) VALUES (34, 10,'2025-03-02',31);
INSERT INTO transacciones_pagos (id, monto, fecha, id_tarjeta_corredor) VALUES (35, 1,'2025-05-17',55);
INSERT INTO transacciones_pagos (id, monto, fecha, id_tarjeta_corredor) VALUES (36, 7,'2025-02-25',88);
INSERT INTO transacciones_pagos (id, monto, fecha, id_tarjeta_corredor) VALUES (37, 10,'2025-04-01',52);
INSERT INTO transacciones_pagos (id, monto, fecha, id_tarjeta_corredor) VALUES (38, 5,'2025-01-19',4);
INSERT INTO transacciones_pagos (id, monto, fecha, id_tarjeta_corredor) VALUES (39, 3,'2025-04-29',95);
INSERT INTO transacciones_pagos (id, monto, fecha, id_tarjeta_corredor) VALUES (40, 6,'2025-05-05',3);
INSERT INTO transacciones_pagos (id, monto, fecha, id_tarjeta_corredor) VALUES (41, 7,'2025-01-07',61);
INSERT INTO transacciones_pagos (id, monto, fecha, id_tarjeta_corredor) VALUES (42, 3,'2025-06-15',59);
INSERT INTO transacciones_pagos (id, monto, fecha, id_tarjeta_corredor) VALUES (43, 7,'2025-01-23',7);
INSERT INTO transacciones_pagos (id, monto, fecha, id_tarjeta_corredor) VALUES (44, 1,'2025-05-22',77);
INSERT INTO transacciones_pagos (id, monto, fecha, id_tarjeta_corredor) VALUES (45, 6,'2025-03-23',18);
INSERT INTO transacciones_pagos (id, monto, fecha, id_tarjeta_corredor) VALUES (46, 8,'2025-01-25',73);
INSERT INTO transacciones_pagos (id, monto, fecha, id_tarjeta_corredor) VALUES (47, 4,'2025-05-14',26);
INSERT INTO transacciones_pagos (id, monto, fecha, id_tarjeta_corredor) VALUES (48, 3,'2025-06-20',59);
INSERT INTO transacciones_pagos (id, monto, fecha, id_tarjeta_corredor) VALUES (49, 6,'2025-05-20',34);
INSERT INTO transacciones_pagos (id, monto, fecha, id_tarjeta_corredor) VALUES (50, 6,'2025-05-11',10);
INSERT INTO transacciones_pagos (id, monto, fecha, id_tarjeta_corredor) VALUES (51, 8,'2025-05-15',46);
INSERT INTO transacciones_pagos (id, monto, fecha, id_tarjeta_corredor) VALUES (52, 3,'2025-05-10',20);
INSERT INTO transacciones_pagos (id, monto, fecha, id_tarjeta_corredor) VALUES (53, 2,'2025-05-19',19);
INSERT INTO transacciones_pagos (id, monto, fecha, id_tarjeta_corredor) VALUES (54, 1,'2025-02-15',72);
INSERT INTO transacciones_pagos (id, monto, fecha, id_tarjeta_corredor) VALUES (55, 8,'2025-04-10',8);
INSERT INTO transacciones_pagos (id, monto, fecha, id_tarjeta_corredor) VALUES (56, 6,'2025-03-29',26);
INSERT INTO transacciones_pagos (id, monto, fecha, id_tarjeta_corredor) VALUES (57, 5,'2025-01-07',34);
INSERT INTO transacciones_pagos (id, monto, fecha, id_tarjeta_corredor) VALUES (58, 6,'2025-03-03',52);
INSERT INTO transacciones_pagos (id, monto, fecha, id_tarjeta_corredor) VALUES (59, 5,'2025-04-01',2);
INSERT INTO transacciones_pagos (id, monto, fecha, id_tarjeta_corredor) VALUES (60, 4,'2025-04-21',81);
INSERT INTO transacciones_pagos (id, monto, fecha, id_tarjeta_corredor) VALUES (61, 1,'2025-02-10',36);
INSERT INTO transacciones_pagos (id, monto, fecha, id_tarjeta_corredor) VALUES (62, 6,'2025-04-05',16);
INSERT INTO transacciones_pagos (id, monto, fecha, id_tarjeta_corredor) VALUES (63, 2,'2025-02-04',26);
INSERT INTO transacciones_pagos (id, monto, fecha, id_tarjeta_corredor) VALUES (64, 7,'2025-03-08',40);
INSERT INTO transacciones_pagos (id, monto, fecha, id_tarjeta_corredor) VALUES (65, 6,'2025-04-28',88);
INSERT INTO transacciones_pagos (id, monto, fecha, id_tarjeta_corredor) VALUES (66, 4,'2025-04-04',56);
INSERT INTO transacciones_pagos (id, monto, fecha, id_tarjeta_corredor) VALUES (67, 4,'2025-06-21',37);
INSERT INTO transacciones_pagos (id, monto, fecha, id_tarjeta_corredor) VALUES (68, 9,'2025-05-25',7);
INSERT INTO transacciones_pagos (id, monto, fecha, id_tarjeta_corredor) VALUES (69, 7,'2025-02-06',84);
INSERT INTO transacciones_pagos (id, monto, fecha, id_tarjeta_corredor) VALUES (70, 2,'2025-05-02',50);
INSERT INTO transacciones_pagos (id, monto, fecha, id_tarjeta_corredor) VALUES (71, 8,'2025-05-22',79);
INSERT INTO transacciones_pagos (id, monto, fecha, id_tarjeta_corredor) VALUES (72, 5,'2025-06-30',40);
INSERT INTO transacciones_pagos (id, monto, fecha, id_tarjeta_corredor) VALUES (73, 3,'2025-06-28',79);
INSERT INTO transacciones_pagos (id, monto, fecha, id_tarjeta_corredor) VALUES (74, 9,'2025-03-07',14);
INSERT INTO transacciones_pagos (id, monto, fecha, id_tarjeta_corredor) VALUES (75, 8,'2025-03-27',38);
INSERT INTO transacciones_pagos (id, monto, fecha, id_tarjeta_corredor) VALUES (76, 8,'2025-01-13',54);
INSERT INTO transacciones_pagos (id, monto, fecha, id_tarjeta_corredor) VALUES (77, 1,'2025-03-01',4);
INSERT INTO transacciones_pagos (id, monto, fecha, id_tarjeta_corredor) VALUES (78, 1,'2025-06-12',63);
INSERT INTO transacciones_pagos (id, monto, fecha, id_tarjeta_corredor) VALUES (79, 3,'2025-02-07',3);
INSERT INTO transacciones_pagos (id, monto, fecha, id_tarjeta_corredor) VALUES (80, 1,'2025-05-08',17);
INSERT INTO transacciones_pagos (id, monto, fecha, id_tarjeta_corredor) VALUES (81, 7,'2025-01-18',8);
INSERT INTO transacciones_pagos (id, monto, fecha, id_tarjeta_corredor) VALUES (82, 8,'2025-03-18',100);
INSERT INTO transacciones_pagos (id, monto, fecha, id_tarjeta_corredor) VALUES (83, 9,'2025-03-16',92);
INSERT INTO transacciones_pagos (id, monto, fecha, id_tarjeta_corredor) VALUES (84, 3,'2025-03-30',23);
INSERT INTO transacciones_pagos (id, monto, fecha, id_tarjeta_corredor) VALUES (85, 8,'2025-02-18',95);
INSERT INTO transacciones_pagos (id, monto, fecha, id_tarjeta_corredor) VALUES (86, 1,'2025-01-03',8);
INSERT INTO transacciones_pagos (id, monto, fecha, id_tarjeta_corredor) VALUES (87, 2,'2025-02-27',51);
INSERT INTO transacciones_pagos (id, monto, fecha, id_tarjeta_corredor) VALUES (88, 8,'2025-03-09',31);
INSERT INTO transacciones_pagos (id, monto, fecha, id_tarjeta_corredor) VALUES (89, 5,'2025-06-15',97);
INSERT INTO transacciones_pagos (id, monto, fecha, id_tarjeta_corredor) VALUES (90, 9,'2025-06-26',62);
INSERT INTO transacciones_pagos (id, monto, fecha, id_tarjeta_corredor) VALUES (91, 5,'2025-04-16',59);
INSERT INTO transacciones_pagos (id, monto, fecha, id_tarjeta_corredor) VALUES (92, 1,'2025-04-10',28);
INSERT INTO transacciones_pagos (id, monto, fecha, id_tarjeta_corredor) VALUES (93, 6,'2025-04-05',62);
INSERT INTO transacciones_pagos (id, monto, fecha, id_tarjeta_corredor) VALUES (94, 10,'2025-06-30',71);
INSERT INTO transacciones_pagos (id, monto, fecha, id_tarjeta_corredor) VALUES (95, 8,'2025-05-15',78);
INSERT INTO transacciones_pagos (id, monto, fecha, id_tarjeta_corredor) VALUES (96, 2,'2025-05-12',94);
INSERT INTO transacciones_pagos (id, monto, fecha, id_tarjeta_corredor) VALUES (97, 9,'2025-06-03',23);
INSERT INTO transacciones_pagos (id, monto, fecha, id_tarjeta_corredor) VALUES (98, 2,'2025-01-26',70);
INSERT INTO transacciones_pagos (id, monto, fecha, id_tarjeta_corredor) VALUES (99, 1,'2025-03-20',38);
INSERT INTO transacciones_pagos (id, monto, fecha, id_tarjeta_corredor) VALUES (100, 4,'2025-06-11',41);


-- 14 transacciones ingresos(si)
INSERT INTO transacciones_ingreso (id, monto, fecha, id_tarjeta_corredor, id_metodo_pago) VALUES (1, 24,'2025-01-17',3, 2);
INSERT INTO transacciones_ingreso (id, monto, fecha, id_tarjeta_corredor, id_metodo_pago) VALUES (2, 25,'2025-01-15',98, 76);
INSERT INTO transacciones_ingreso (id, monto, fecha, id_tarjeta_corredor, id_metodo_pago) VALUES (3, 15,'2025-06-02',58, 32);
INSERT INTO transacciones_ingreso (id, monto, fecha, id_tarjeta_corredor, id_metodo_pago) VALUES (4, 18,'2025-02-09',8, 1);
INSERT INTO transacciones_ingreso (id, monto, fecha, id_tarjeta_corredor, id_metodo_pago) VALUES (5, 22,'2025-06-03',85, 30);
INSERT INTO transacciones_ingreso (id, monto, fecha, id_tarjeta_corredor, id_metodo_pago) VALUES (6, 27,'2025-01-29',89, 5);
INSERT INTO transacciones_ingreso (id, monto, fecha, id_tarjeta_corredor, id_metodo_pago) VALUES (7, 26,'2025-05-23',34, 80);
INSERT INTO transacciones_ingreso (id, monto, fecha, id_tarjeta_corredor, id_metodo_pago) VALUES (8, 23,'2025-06-20',38, 12);
INSERT INTO transacciones_ingreso (id, monto, fecha, id_tarjeta_corredor, id_metodo_pago) VALUES (9, 19,'2025-04-30',23, 28);
INSERT INTO transacciones_ingreso (id, monto, fecha, id_tarjeta_corredor, id_metodo_pago) VALUES (10, 18,'2025-01-20',96, 64);
INSERT INTO transacciones_ingreso (id, monto, fecha, id_tarjeta_corredor, id_metodo_pago) VALUES (11, 16,'2025-05-27',70, 94);
INSERT INTO transacciones_ingreso (id, monto, fecha, id_tarjeta_corredor, id_metodo_pago) VALUES (12, 27,'2025-03-03',6, 23);
INSERT INTO transacciones_ingreso (id, monto, fecha, id_tarjeta_corredor, id_metodo_pago) VALUES (13, 20,'2025-05-04',66, 99);
INSERT INTO transacciones_ingreso (id, monto, fecha, id_tarjeta_corredor, id_metodo_pago) VALUES (14, 20,'2025-02-21',89, 42);
INSERT INTO transacciones_ingreso (id, monto, fecha, id_tarjeta_corredor, id_metodo_pago) VALUES (15, 19,'2025-04-20',15, 28);
INSERT INTO transacciones_ingreso (id, monto, fecha, id_tarjeta_corredor, id_metodo_pago) VALUES (16, 24,'2025-05-27',8, 14);
INSERT INTO transacciones_ingreso (id, monto, fecha, id_tarjeta_corredor, id_metodo_pago) VALUES (17, 17,'2025-04-18',54, 25);
INSERT INTO transacciones_ingreso (id, monto, fecha, id_tarjeta_corredor, id_metodo_pago) VALUES (18, 20,'2025-05-15',55, 99);
INSERT INTO transacciones_ingreso (id, monto, fecha, id_tarjeta_corredor, id_metodo_pago) VALUES (19, 28,'2025-05-02',94, 34);
INSERT INTO transacciones_ingreso (id, monto, fecha, id_tarjeta_corredor, id_metodo_pago) VALUES (20, 20,'2025-03-16',57, 43);
INSERT INTO transacciones_ingreso (id, monto, fecha, id_tarjeta_corredor, id_metodo_pago) VALUES (21, 21,'2025-06-18',46, 29);
INSERT INTO transacciones_ingreso (id, monto, fecha, id_tarjeta_corredor, id_metodo_pago) VALUES (22, 22,'2025-06-08',51, 23);
INSERT INTO transacciones_ingreso (id, monto, fecha, id_tarjeta_corredor, id_metodo_pago) VALUES (23, 27,'2025-03-03',2, 37);
INSERT INTO transacciones_ingreso (id, monto, fecha, id_tarjeta_corredor, id_metodo_pago) VALUES (24, 21,'2025-01-14',29, 85);
INSERT INTO transacciones_ingreso (id, monto, fecha, id_tarjeta_corredor, id_metodo_pago) VALUES (25, 26,'2025-02-20',80, 83);
INSERT INTO transacciones_ingreso (id, monto, fecha, id_tarjeta_corredor, id_metodo_pago) VALUES (26, 30,'2025-05-24',22, 86);
INSERT INTO transacciones_ingreso (id, monto, fecha, id_tarjeta_corredor, id_metodo_pago) VALUES (27, 30,'2025-05-29',48, 61);
INSERT INTO transacciones_ingreso (id, monto, fecha, id_tarjeta_corredor, id_metodo_pago) VALUES (28, 19,'2025-02-10',39, 22);
INSERT INTO transacciones_ingreso (id, monto, fecha, id_tarjeta_corredor, id_metodo_pago) VALUES (29, 30,'2025-04-20',73, 36);
INSERT INTO transacciones_ingreso (id, monto, fecha, id_tarjeta_corredor, id_metodo_pago) VALUES (30, 17,'2025-05-08',84, 62);
INSERT INTO transacciones_ingreso (id, monto, fecha, id_tarjeta_corredor, id_metodo_pago) VALUES (31, 23,'2025-03-18',42, 27);
INSERT INTO transacciones_ingreso (id, monto, fecha, id_tarjeta_corredor, id_metodo_pago) VALUES (32, 27,'2025-02-04',82, 76);
INSERT INTO transacciones_ingreso (id, monto, fecha, id_tarjeta_corredor, id_metodo_pago) VALUES (33, 27,'2025-05-07',67, 25);
INSERT INTO transacciones_ingreso (id, monto, fecha, id_tarjeta_corredor, id_metodo_pago) VALUES (34, 21,'2025-03-05',2, 66);
INSERT INTO transacciones_ingreso (id, monto, fecha, id_tarjeta_corredor, id_metodo_pago) VALUES (35, 16,'2025-02-21',63, 21);
INSERT INTO transacciones_ingreso (id, monto, fecha, id_tarjeta_corredor, id_metodo_pago) VALUES (36, 16,'2025-06-01',100, 15);
INSERT INTO transacciones_ingreso (id, monto, fecha, id_tarjeta_corredor, id_metodo_pago) VALUES (37, 22,'2025-02-18',75, 93);
INSERT INTO transacciones_ingreso (id, monto, fecha, id_tarjeta_corredor, id_metodo_pago) VALUES (38, 26,'2025-02-26',89, 63);
INSERT INTO transacciones_ingreso (id, monto, fecha, id_tarjeta_corredor, id_metodo_pago) VALUES (39, 23,'2025-04-17',92, 66);
INSERT INTO transacciones_ingreso (id, monto, fecha, id_tarjeta_corredor, id_metodo_pago) VALUES (40, 20,'2025-02-24',60, 61);
INSERT INTO transacciones_ingreso (id, monto, fecha, id_tarjeta_corredor, id_metodo_pago) VALUES (41, 23,'2025-05-12',16, 51);
INSERT INTO transacciones_ingreso (id, monto, fecha, id_tarjeta_corredor, id_metodo_pago) VALUES (42, 25,'2025-04-22',10, 43);
INSERT INTO transacciones_ingreso (id, monto, fecha, id_tarjeta_corredor, id_metodo_pago) VALUES (43, 25,'2025-01-20',88, 80);
INSERT INTO transacciones_ingreso (id, monto, fecha, id_tarjeta_corredor, id_metodo_pago) VALUES (44, 29,'2025-01-19',90, 7);
INSERT INTO transacciones_ingreso (id, monto, fecha, id_tarjeta_corredor, id_metodo_pago) VALUES (45, 24,'2025-05-18',70, 70);
INSERT INTO transacciones_ingreso (id, monto, fecha, id_tarjeta_corredor, id_metodo_pago) VALUES (46, 20,'2025-06-04',78, 99);
INSERT INTO transacciones_ingreso (id, monto, fecha, id_tarjeta_corredor, id_metodo_pago) VALUES (47, 22,'2025-02-23',37, 41);
INSERT INTO transacciones_ingreso (id, monto, fecha, id_tarjeta_corredor, id_metodo_pago) VALUES (48, 28,'2025-03-26',69, 77);
INSERT INTO transacciones_ingreso (id, monto, fecha, id_tarjeta_corredor, id_metodo_pago) VALUES (49, 16,'2025-02-15',89, 37);
INSERT INTO transacciones_ingreso (id, monto, fecha, id_tarjeta_corredor, id_metodo_pago) VALUES (50, 19,'2025-05-15',11, 42);
INSERT INTO transacciones_ingreso (id, monto, fecha, id_tarjeta_corredor, id_metodo_pago) VALUES (51, 19,'2025-06-12',89, 66);
INSERT INTO transacciones_ingreso (id, monto, fecha, id_tarjeta_corredor, id_metodo_pago) VALUES (52, 20,'2025-01-28',91, 81);
INSERT INTO transacciones_ingreso (id, monto, fecha, id_tarjeta_corredor, id_metodo_pago) VALUES (53, 20,'2025-04-16',100, 13);
INSERT INTO transacciones_ingreso (id, monto, fecha, id_tarjeta_corredor, id_metodo_pago) VALUES (54, 28,'2025-04-04',28, 88);
INSERT INTO transacciones_ingreso (id, monto, fecha, id_tarjeta_corredor, id_metodo_pago) VALUES (55, 21,'2025-06-29',91, 95);
INSERT INTO transacciones_ingreso (id, monto, fecha, id_tarjeta_corredor, id_metodo_pago) VALUES (56, 23,'2025-05-29',98, 77);
INSERT INTO transacciones_ingreso (id, monto, fecha, id_tarjeta_corredor, id_metodo_pago) VALUES (57, 28,'2025-04-11',57, 16);
INSERT INTO transacciones_ingreso (id, monto, fecha, id_tarjeta_corredor, id_metodo_pago) VALUES (58, 29,'2025-06-11',84, 42);
INSERT INTO transacciones_ingreso (id, monto, fecha, id_tarjeta_corredor, id_metodo_pago) VALUES (59, 24,'2025-01-11',100, 56);
INSERT INTO transacciones_ingreso (id, monto, fecha, id_tarjeta_corredor, id_metodo_pago) VALUES (60, 28,'2025-03-22',22, 55);
INSERT INTO transacciones_ingreso (id, monto, fecha, id_tarjeta_corredor, id_metodo_pago) VALUES (61, 18,'2025-05-05',98, 51);
INSERT INTO transacciones_ingreso (id, monto, fecha, id_tarjeta_corredor, id_metodo_pago) VALUES (62, 20,'2025-03-26',100, 79);
INSERT INTO transacciones_ingreso (id, monto, fecha, id_tarjeta_corredor, id_metodo_pago) VALUES (63, 16,'2025-05-11',57, 45);
INSERT INTO transacciones_ingreso (id, monto, fecha, id_tarjeta_corredor, id_metodo_pago) VALUES (64, 21,'2025-02-05',83, 42);
INSERT INTO transacciones_ingreso (id, monto, fecha, id_tarjeta_corredor, id_metodo_pago) VALUES (65, 26,'2025-01-28',51, 85);
INSERT INTO transacciones_ingreso (id, monto, fecha, id_tarjeta_corredor, id_metodo_pago) VALUES (66, 15,'2025-06-03',97, 75);
INSERT INTO transacciones_ingreso (id, monto, fecha, id_tarjeta_corredor, id_metodo_pago) VALUES (67, 17,'2025-02-03',24, 28);
INSERT INTO transacciones_ingreso (id, monto, fecha, id_tarjeta_corredor, id_metodo_pago) VALUES (68, 27,'2025-05-22',4, 72);
INSERT INTO transacciones_ingreso (id, monto, fecha, id_tarjeta_corredor, id_metodo_pago) VALUES (69, 27,'2025-05-06',19, 37);
INSERT INTO transacciones_ingreso (id, monto, fecha, id_tarjeta_corredor, id_metodo_pago) VALUES (70, 29,'2025-03-13',2, 3);
INSERT INTO transacciones_ingreso (id, monto, fecha, id_tarjeta_corredor, id_metodo_pago) VALUES (71, 30,'2025-03-19',77, 25);
INSERT INTO transacciones_ingreso (id, monto, fecha, id_tarjeta_corredor, id_metodo_pago) VALUES (72, 28,'2025-06-07',12, 61);
INSERT INTO transacciones_ingreso (id, monto, fecha, id_tarjeta_corredor, id_metodo_pago) VALUES (73, 29,'2025-04-29',25, 27);
INSERT INTO transacciones_ingreso (id, monto, fecha, id_tarjeta_corredor, id_metodo_pago) VALUES (74, 18,'2025-02-06',73, 57);
INSERT INTO transacciones_ingreso (id, monto, fecha, id_tarjeta_corredor, id_metodo_pago) VALUES (75, 29,'2025-05-09',32, 83);
INSERT INTO transacciones_ingreso (id, monto, fecha, id_tarjeta_corredor, id_metodo_pago) VALUES (76, 22,'2025-04-22',3, 26);
INSERT INTO transacciones_ingreso (id, monto, fecha, id_tarjeta_corredor, id_metodo_pago) VALUES (77, 21,'2025-05-23',77, 85);
INSERT INTO transacciones_ingreso (id, monto, fecha, id_tarjeta_corredor, id_metodo_pago) VALUES (78, 26,'2025-06-29',55, 82);
INSERT INTO transacciones_ingreso (id, monto, fecha, id_tarjeta_corredor, id_metodo_pago) VALUES (79, 18,'2025-01-16',45, 95);
INSERT INTO transacciones_ingreso (id, monto, fecha, id_tarjeta_corredor, id_metodo_pago) VALUES (80, 27,'2025-05-29',74, 5);
INSERT INTO transacciones_ingreso (id, monto, fecha, id_tarjeta_corredor, id_metodo_pago) VALUES (81, 29,'2025-05-22',76, 1);
INSERT INTO transacciones_ingreso (id, monto, fecha, id_tarjeta_corredor, id_metodo_pago) VALUES (82, 22,'2025-03-24',59, 41);
INSERT INTO transacciones_ingreso (id, monto, fecha, id_tarjeta_corredor, id_metodo_pago) VALUES (83, 25,'2025-01-19',52, 75);
INSERT INTO transacciones_ingreso (id, monto, fecha, id_tarjeta_corredor, id_metodo_pago) VALUES (84, 29,'2025-05-22',95, 26);
INSERT INTO transacciones_ingreso (id, monto, fecha, id_tarjeta_corredor, id_metodo_pago) VALUES (85, 22,'2025-02-25',87, 18);
INSERT INTO transacciones_ingreso (id, monto, fecha, id_tarjeta_corredor, id_metodo_pago) VALUES (86, 21,'2025-01-25',79, 76);
INSERT INTO transacciones_ingreso (id, monto, fecha, id_tarjeta_corredor, id_metodo_pago) VALUES (87, 29,'2025-01-08',5, 13);
INSERT INTO transacciones_ingreso (id, monto, fecha, id_tarjeta_corredor, id_metodo_pago) VALUES (88, 25,'2025-05-03',41, 27);
INSERT INTO transacciones_ingreso (id, monto, fecha, id_tarjeta_corredor, id_metodo_pago) VALUES (89, 24,'2025-02-19',7, 26);
INSERT INTO transacciones_ingreso (id, monto, fecha, id_tarjeta_corredor, id_metodo_pago) VALUES (90, 20,'2025-03-17',2, 4);
INSERT INTO transacciones_ingreso (id, monto, fecha, id_tarjeta_corredor, id_metodo_pago) VALUES (91, 19,'2025-02-15',68, 89);
INSERT INTO transacciones_ingreso (id, monto, fecha, id_tarjeta_corredor, id_metodo_pago) VALUES (92, 16,'2025-05-03',95, 39);
INSERT INTO transacciones_ingreso (id, monto, fecha, id_tarjeta_corredor, id_metodo_pago) VALUES (93, 22,'2025-05-20',10, 78);
INSERT INTO transacciones_ingreso (id, monto, fecha, id_tarjeta_corredor, id_metodo_pago) VALUES (94, 18,'2025-04-04',83, 8);
INSERT INTO transacciones_ingreso (id, monto, fecha, id_tarjeta_corredor, id_metodo_pago) VALUES (95, 26,'2025-02-17',10, 41);
INSERT INTO transacciones_ingreso (id, monto, fecha, id_tarjeta_corredor, id_metodo_pago) VALUES (96, 21,'2025-06-09',29, 68);
INSERT INTO transacciones_ingreso (id, monto, fecha, id_tarjeta_corredor, id_metodo_pago) VALUES (97, 18,'2025-06-20',23, 81);
INSERT INTO transacciones_ingreso (id, monto, fecha, id_tarjeta_corredor, id_metodo_pago) VALUES (98, 16,'2025-06-29',74, 38);
INSERT INTO transacciones_ingreso (id, monto, fecha, id_tarjeta_corredor, id_metodo_pago) VALUES (99, 16,'2025-02-18',90, 60);
INSERT INTO transacciones_ingreso (id, monto, fecha, id_tarjeta_corredor, id_metodo_pago) VALUES (100, 26,'2025-06-28',54, 77);


-- 15 app billeteras digitales(si)
INSERT INTO app_billeteras_digitales (id, id_metodo_pago, id_nombre_app_billetera_digital) VALUES (1, 5, 2);
INSERT INTO app_billeteras_digitales (id, id_metodo_pago, id_nombre_app_billetera_digital) VALUES (2, 29, 2);
INSERT INTO app_billeteras_digitales (id, id_metodo_pago, id_nombre_app_billetera_digital) VALUES (3, 92, 2);
INSERT INTO app_billeteras_digitales (id, id_metodo_pago, id_nombre_app_billetera_digital) VALUES (4, 7, 2);
INSERT INTO app_billeteras_digitales (id, id_metodo_pago, id_nombre_app_billetera_digital) VALUES (5, 43, 1);
INSERT INTO app_billeteras_digitales (id, id_metodo_pago, id_nombre_app_billetera_digital) VALUES (6, 2, 2);
INSERT INTO app_billeteras_digitales (id, id_metodo_pago, id_nombre_app_billetera_digital) VALUES (7, 51, 2);
INSERT INTO app_billeteras_digitales (id, id_metodo_pago, id_nombre_app_billetera_digital) VALUES (8, 89, 2);
INSERT INTO app_billeteras_digitales (id, id_metodo_pago, id_nombre_app_billetera_digital) VALUES (9, 66, 2);
INSERT INTO app_billeteras_digitales (id, id_metodo_pago, id_nombre_app_billetera_digital) VALUES (10, 47, 2);
INSERT INTO app_billeteras_digitales (id, id_metodo_pago, id_nombre_app_billetera_digital) VALUES (11, 87, 2);
INSERT INTO app_billeteras_digitales (id, id_metodo_pago, id_nombre_app_billetera_digital) VALUES (12, 88, 1);
INSERT INTO app_billeteras_digitales (id, id_metodo_pago, id_nombre_app_billetera_digital) VALUES (13, 14, 2);
INSERT INTO app_billeteras_digitales (id, id_metodo_pago, id_nombre_app_billetera_digital) VALUES (14, 59, 1);
INSERT INTO app_billeteras_digitales (id, id_metodo_pago, id_nombre_app_billetera_digital) VALUES (15, 51, 2);
INSERT INTO app_billeteras_digitales (id, id_metodo_pago, id_nombre_app_billetera_digital) VALUES (16, 90, 1);
INSERT INTO app_billeteras_digitales (id, id_metodo_pago, id_nombre_app_billetera_digital) VALUES (17, 56, 1);
INSERT INTO app_billeteras_digitales (id, id_metodo_pago, id_nombre_app_billetera_digital) VALUES (18, 73, 2);
INSERT INTO app_billeteras_digitales (id, id_metodo_pago, id_nombre_app_billetera_digital) VALUES (19, 76, 1);
INSERT INTO app_billeteras_digitales (id, id_metodo_pago, id_nombre_app_billetera_digital) VALUES (20, 16, 1);
INSERT INTO app_billeteras_digitales (id, id_metodo_pago, id_nombre_app_billetera_digital) VALUES (21, 81, 2);
INSERT INTO app_billeteras_digitales (id, id_metodo_pago, id_nombre_app_billetera_digital) VALUES (22, 63, 2);
INSERT INTO app_billeteras_digitales (id, id_metodo_pago, id_nombre_app_billetera_digital) VALUES (23, 20, 2);
INSERT INTO app_billeteras_digitales (id, id_metodo_pago, id_nombre_app_billetera_digital) VALUES (24, 100, 1);
INSERT INTO app_billeteras_digitales (id, id_metodo_pago, id_nombre_app_billetera_digital) VALUES (25, 68, 2);
INSERT INTO app_billeteras_digitales (id, id_metodo_pago, id_nombre_app_billetera_digital) VALUES (26, 58, 2);
INSERT INTO app_billeteras_digitales (id, id_metodo_pago, id_nombre_app_billetera_digital) VALUES (27, 98, 2);
INSERT INTO app_billeteras_digitales (id, id_metodo_pago, id_nombre_app_billetera_digital) VALUES (28, 12, 1);
INSERT INTO app_billeteras_digitales (id, id_metodo_pago, id_nombre_app_billetera_digital) VALUES (29, 17, 2);
INSERT INTO app_billeteras_digitales (id, id_metodo_pago, id_nombre_app_billetera_digital) VALUES (30, 26, 1);
INSERT INTO app_billeteras_digitales (id, id_metodo_pago, id_nombre_app_billetera_digital) VALUES (31, 33, 1);
INSERT INTO app_billeteras_digitales (id, id_metodo_pago, id_nombre_app_billetera_digital) VALUES (32, 88, 1);
INSERT INTO app_billeteras_digitales (id, id_metodo_pago, id_nombre_app_billetera_digital) VALUES (33, 89, 1);
INSERT INTO app_billeteras_digitales (id, id_metodo_pago, id_nombre_app_billetera_digital) VALUES (34, 96, 2);
INSERT INTO app_billeteras_digitales (id, id_metodo_pago, id_nombre_app_billetera_digital) VALUES (35, 71, 2);
INSERT INTO app_billeteras_digitales (id, id_metodo_pago, id_nombre_app_billetera_digital) VALUES (36, 43, 1);
INSERT INTO app_billeteras_digitales (id, id_metodo_pago, id_nombre_app_billetera_digital) VALUES (37, 16, 2);
INSERT INTO app_billeteras_digitales (id, id_metodo_pago, id_nombre_app_billetera_digital) VALUES (38, 68, 1);
INSERT INTO app_billeteras_digitales (id, id_metodo_pago, id_nombre_app_billetera_digital) VALUES (39, 7, 1);
INSERT INTO app_billeteras_digitales (id, id_metodo_pago, id_nombre_app_billetera_digital) VALUES (40, 74, 1);
INSERT INTO app_billeteras_digitales (id, id_metodo_pago, id_nombre_app_billetera_digital) VALUES (41, 55, 1);
INSERT INTO app_billeteras_digitales (id, id_metodo_pago, id_nombre_app_billetera_digital) VALUES (42, 12, 2);
INSERT INTO app_billeteras_digitales (id, id_metodo_pago, id_nombre_app_billetera_digital) VALUES (43, 19, 2);
INSERT INTO app_billeteras_digitales (id, id_metodo_pago, id_nombre_app_billetera_digital) VALUES (44, 9, 2);
INSERT INTO app_billeteras_digitales (id, id_metodo_pago, id_nombre_app_billetera_digital) VALUES (45, 93, 2);
INSERT INTO app_billeteras_digitales (id, id_metodo_pago, id_nombre_app_billetera_digital) VALUES (46, 40, 2);
INSERT INTO app_billeteras_digitales (id, id_metodo_pago, id_nombre_app_billetera_digital) VALUES (47, 79, 2);
INSERT INTO app_billeteras_digitales (id, id_metodo_pago, id_nombre_app_billetera_digital) VALUES (48, 47, 2);
INSERT INTO app_billeteras_digitales (id, id_metodo_pago, id_nombre_app_billetera_digital) VALUES (49, 6, 1);
INSERT INTO app_billeteras_digitales (id, id_metodo_pago, id_nombre_app_billetera_digital) VALUES (50, 74, 2);
INSERT INTO app_billeteras_digitales (id, id_metodo_pago, id_nombre_app_billetera_digital) VALUES (51, 40, 2);
INSERT INTO app_billeteras_digitales (id, id_metodo_pago, id_nombre_app_billetera_digital) VALUES (52, 84, 1);
INSERT INTO app_billeteras_digitales (id, id_metodo_pago, id_nombre_app_billetera_digital) VALUES (53, 51, 2);
INSERT INTO app_billeteras_digitales (id, id_metodo_pago, id_nombre_app_billetera_digital) VALUES (54, 9, 1);
INSERT INTO app_billeteras_digitales (id, id_metodo_pago, id_nombre_app_billetera_digital) VALUES (55, 83, 1);
INSERT INTO app_billeteras_digitales (id, id_metodo_pago, id_nombre_app_billetera_digital) VALUES (56, 69, 2);
INSERT INTO app_billeteras_digitales (id, id_metodo_pago, id_nombre_app_billetera_digital) VALUES (57, 59, 2);
INSERT INTO app_billeteras_digitales (id, id_metodo_pago, id_nombre_app_billetera_digital) VALUES (58, 23, 1);
INSERT INTO app_billeteras_digitales (id, id_metodo_pago, id_nombre_app_billetera_digital) VALUES (59, 74, 1);
INSERT INTO app_billeteras_digitales (id, id_metodo_pago, id_nombre_app_billetera_digital) VALUES (60, 75, 2);
INSERT INTO app_billeteras_digitales (id, id_metodo_pago, id_nombre_app_billetera_digital) VALUES (61, 35, 2);
INSERT INTO app_billeteras_digitales (id, id_metodo_pago, id_nombre_app_billetera_digital) VALUES (62, 48, 1);
INSERT INTO app_billeteras_digitales (id, id_metodo_pago, id_nombre_app_billetera_digital) VALUES (63, 45, 1);
INSERT INTO app_billeteras_digitales (id, id_metodo_pago, id_nombre_app_billetera_digital) VALUES (64, 64, 1);
INSERT INTO app_billeteras_digitales (id, id_metodo_pago, id_nombre_app_billetera_digital) VALUES (65, 53, 2);
INSERT INTO app_billeteras_digitales (id, id_metodo_pago, id_nombre_app_billetera_digital) VALUES (66, 39, 2);
INSERT INTO app_billeteras_digitales (id, id_metodo_pago, id_nombre_app_billetera_digital) VALUES (67, 98, 2);
INSERT INTO app_billeteras_digitales (id, id_metodo_pago, id_nombre_app_billetera_digital) VALUES (68, 68, 1);
INSERT INTO app_billeteras_digitales (id, id_metodo_pago, id_nombre_app_billetera_digital) VALUES (69, 1, 2);
INSERT INTO app_billeteras_digitales (id, id_metodo_pago, id_nombre_app_billetera_digital) VALUES (70, 96, 2);
INSERT INTO app_billeteras_digitales (id, id_metodo_pago, id_nombre_app_billetera_digital) VALUES (71, 35, 1);
INSERT INTO app_billeteras_digitales (id, id_metodo_pago, id_nombre_app_billetera_digital) VALUES (72, 80, 1);
INSERT INTO app_billeteras_digitales (id, id_metodo_pago, id_nombre_app_billetera_digital) VALUES (73, 83, 1);
INSERT INTO app_billeteras_digitales (id, id_metodo_pago, id_nombre_app_billetera_digital) VALUES (74, 55, 1);
INSERT INTO app_billeteras_digitales (id, id_metodo_pago, id_nombre_app_billetera_digital) VALUES (75, 27, 2);
INSERT INTO app_billeteras_digitales (id, id_metodo_pago, id_nombre_app_billetera_digital) VALUES (76, 53, 2);
INSERT INTO app_billeteras_digitales (id, id_metodo_pago, id_nombre_app_billetera_digital) VALUES (77, 32, 2);
INSERT INTO app_billeteras_digitales (id, id_metodo_pago, id_nombre_app_billetera_digital) VALUES (78, 67, 1);
INSERT INTO app_billeteras_digitales (id, id_metodo_pago, id_nombre_app_billetera_digital) VALUES (79, 21, 1);
INSERT INTO app_billeteras_digitales (id, id_metodo_pago, id_nombre_app_billetera_digital) VALUES (80, 76, 2);
INSERT INTO app_billeteras_digitales (id, id_metodo_pago, id_nombre_app_billetera_digital) VALUES (81, 60, 2);
INSERT INTO app_billeteras_digitales (id, id_metodo_pago, id_nombre_app_billetera_digital) VALUES (82, 30, 2);
INSERT INTO app_billeteras_digitales (id, id_metodo_pago, id_nombre_app_billetera_digital) VALUES (83, 37, 1);
INSERT INTO app_billeteras_digitales (id, id_metodo_pago, id_nombre_app_billetera_digital) VALUES (84, 74, 1);
INSERT INTO app_billeteras_digitales (id, id_metodo_pago, id_nombre_app_billetera_digital) VALUES (85, 75, 2);
INSERT INTO app_billeteras_digitales (id, id_metodo_pago, id_nombre_app_billetera_digital) VALUES (86, 25, 1);
INSERT INTO app_billeteras_digitales (id, id_metodo_pago, id_nombre_app_billetera_digital) VALUES (87, 48, 2);
INSERT INTO app_billeteras_digitales (id, id_metodo_pago, id_nombre_app_billetera_digital) VALUES (88, 1, 2);
INSERT INTO app_billeteras_digitales (id, id_metodo_pago, id_nombre_app_billetera_digital) VALUES (89, 10, 1);
INSERT INTO app_billeteras_digitales (id, id_metodo_pago, id_nombre_app_billetera_digital) VALUES (90, 89, 1);
INSERT INTO app_billeteras_digitales (id, id_metodo_pago, id_nombre_app_billetera_digital) VALUES (91, 77, 1);
INSERT INTO app_billeteras_digitales (id, id_metodo_pago, id_nombre_app_billetera_digital) VALUES (92, 93, 1);
INSERT INTO app_billeteras_digitales (id, id_metodo_pago, id_nombre_app_billetera_digital) VALUES (93, 17, 2);
INSERT INTO app_billeteras_digitales (id, id_metodo_pago, id_nombre_app_billetera_digital) VALUES (94, 37, 2);
INSERT INTO app_billeteras_digitales (id, id_metodo_pago, id_nombre_app_billetera_digital) VALUES (95, 65, 2);
INSERT INTO app_billeteras_digitales (id, id_metodo_pago, id_nombre_app_billetera_digital) VALUES (96, 99, 1);
INSERT INTO app_billeteras_digitales (id, id_metodo_pago, id_nombre_app_billetera_digital) VALUES (97, 27, 2);
INSERT INTO app_billeteras_digitales (id, id_metodo_pago, id_nombre_app_billetera_digital) VALUES (98, 86, 1);
INSERT INTO app_billeteras_digitales (id, id_metodo_pago, id_nombre_app_billetera_digital) VALUES (99, 55, 1);
INSERT INTO app_billeteras_digitales (id, id_metodo_pago, id_nombre_app_billetera_digital) VALUES (100, 57, 1);


-- 16 tarjeta(si)
INSERT INTO tarjetas (id, numero_tarjeta, fecha_caducidad, cvv, nombre_titular, id_metodo_pago, id_red_pago) VALUES (1, 3513743187288468,'08/28', 0858, 'Rufino de Novoa', 56, 4);
INSERT INTO tarjetas (id, numero_tarjeta, fecha_caducidad, cvv, nombre_titular, id_metodo_pago, id_red_pago) VALUES (2, 3525158460973304,'10/28', 647, 'Prudencia Morena Santana Mayol', 84, 4);
INSERT INTO tarjetas (id, numero_tarjeta, fecha_caducidad, cvv, nombre_titular, id_metodo_pago, id_red_pago) VALUES (3, 341031165095269,'02/31', 010, 'Jonatan Castells Zapata', 29, 1);
INSERT INTO tarjetas (id, numero_tarjeta, fecha_caducidad, cvv, nombre_titular, id_metodo_pago, id_red_pago) VALUES (4, 4669232804581,'09/28', 124, 'Dimas Casanova Saldaña', 17, 3);
INSERT INTO tarjetas (id, numero_tarjeta, fecha_caducidad, cvv, nombre_titular, id_metodo_pago, id_red_pago) VALUES (5, 36085872284210,'01/26', 864, 'Severino Carranza Colom', 75, 3);
INSERT INTO tarjetas (id, numero_tarjeta, fecha_caducidad, cvv, nombre_titular, id_metodo_pago, id_red_pago) VALUES (6, 503853134628,'12/27', 123, 'Lucho Gimenez Roselló', 1, 1);
INSERT INTO tarjetas (id, numero_tarjeta, fecha_caducidad, cvv, nombre_titular, id_metodo_pago, id_red_pago) VALUES (7, 372648055122432,'08/30', 240, 'Toni Jáuregui', 99, 1);
INSERT INTO tarjetas (id, numero_tarjeta, fecha_caducidad, cvv, nombre_titular, id_metodo_pago, id_red_pago) VALUES (8, 4248923491149990,'01/29', 635, 'Toribio Cepeda Polo', 2, 2);
INSERT INTO tarjetas (id, numero_tarjeta, fecha_caducidad, cvv, nombre_titular, id_metodo_pago, id_red_pago) VALUES (9, 371753197061158,'07/31', 856, 'Berto Rodriguez Vega', 14, 1);
INSERT INTO tarjetas (id, numero_tarjeta, fecha_caducidad, cvv, nombre_titular, id_metodo_pago, id_red_pago) VALUES (10, 4823183158055,'11/25', 489, 'Macario Rey Mercader', 6, 2);
INSERT INTO tarjetas (id, numero_tarjeta, fecha_caducidad, cvv, nombre_titular, id_metodo_pago, id_red_pago) VALUES (11, 213178574256936,'10/33', 687, 'Luisa Herrera Roig', 33, 1);
INSERT INTO tarjetas (id, numero_tarjeta, fecha_caducidad, cvv, nombre_titular, id_metodo_pago, id_red_pago) VALUES (12, 2359347647152428,'07/33', 4951, 'Rosario Lillo Leal', 61, 2);
INSERT INTO tarjetas (id, numero_tarjeta, fecha_caducidad, cvv, nombre_titular, id_metodo_pago, id_red_pago) VALUES (13, 501819376978,'04/31', 811, 'Reyna Angulo Aliaga', 91, 3);
INSERT INTO tarjetas (id, numero_tarjeta, fecha_caducidad, cvv, nombre_titular, id_metodo_pago, id_red_pago) VALUES (14, 343110478528741,'09/31', 008, 'Estefanía Jiménez-Almansa', 71, 3);
INSERT INTO tarjetas (id, numero_tarjeta, fecha_caducidad, cvv, nombre_titular, id_metodo_pago, id_red_pago) VALUES (15, 2666300196194091,'11/34', 671, 'Adelaida Alfaro Bastida', 32, 4);
INSERT INTO tarjetas (id, numero_tarjeta, fecha_caducidad, cvv, nombre_titular, id_metodo_pago, id_red_pago) VALUES (16, 344057241480552,'12/25', 384, 'Baldomero Torre Bermúdez', 70, 1);
INSERT INTO tarjetas (id, numero_tarjeta, fecha_caducidad, cvv, nombre_titular, id_metodo_pago, id_red_pago) VALUES (17, 30582688507749,'10/33', 418, 'Urbano Sierra Vila', 61, 4);
INSERT INTO tarjetas (id, numero_tarjeta, fecha_caducidad, cvv, nombre_titular, id_metodo_pago, id_red_pago) VALUES (18, 38342847553775,'08/27', 037, 'América de Martí', 30, 1);
INSERT INTO tarjetas (id, numero_tarjeta, fecha_caducidad, cvv, nombre_titular, id_metodo_pago, id_red_pago) VALUES (19, 347184111000943,'06/28', 490, 'Leocadio Ávila Porcel', 21, 1);
INSERT INTO tarjetas (id, numero_tarjeta, fecha_caducidad, cvv, nombre_titular, id_metodo_pago, id_red_pago) VALUES (20, 4317982329373178,'09/28', 212, 'Fernanda Santamaria', 11, 1);
INSERT INTO tarjetas (id, numero_tarjeta, fecha_caducidad, cvv, nombre_titular, id_metodo_pago, id_red_pago) VALUES (21, 6513405967941244,'06/32', 570, 'Victor Abril Gual', 54, 3);
INSERT INTO tarjetas (id, numero_tarjeta, fecha_caducidad, cvv, nombre_titular, id_metodo_pago, id_red_pago) VALUES (22, 3554516936235083,'02/35', 139, 'Aurelio Garrido', 22, 3);
INSERT INTO tarjetas (id, numero_tarjeta, fecha_caducidad, cvv, nombre_titular, id_metodo_pago, id_red_pago) VALUES (23, 4475757745173859,'06/26', 006, 'Julián de Galván', 16, 4);
INSERT INTO tarjetas (id, numero_tarjeta, fecha_caducidad, cvv, nombre_titular, id_metodo_pago, id_red_pago) VALUES (24, 6556395829475606,'09/27', 850, 'Adelaida Cervantes Pozo', 33, 3);
INSERT INTO tarjetas (id, numero_tarjeta, fecha_caducidad, cvv, nombre_titular, id_metodo_pago, id_red_pago) VALUES (25, 344823686036278,'05/29', 459, 'Seve Díaz Cañellas', 67, 1);
INSERT INTO tarjetas (id, numero_tarjeta, fecha_caducidad, cvv, nombre_titular, id_metodo_pago, id_red_pago) VALUES (26, 6515425187827658,'05/26', 735, 'Dora Martorell', 43, 2);
INSERT INTO tarjetas (id, numero_tarjeta, fecha_caducidad, cvv, nombre_titular, id_metodo_pago, id_red_pago) VALUES (27, 3585097262852265,'03/31', 137, 'Soraya Bou Dueñas', 5, 2);
INSERT INTO tarjetas (id, numero_tarjeta, fecha_caducidad, cvv, nombre_titular, id_metodo_pago, id_red_pago) VALUES (28, 4945395371915848,'03/35', 817, 'Joaquín Ibáñez Martorell', 38, 3);
INSERT INTO tarjetas (id, numero_tarjeta, fecha_caducidad, cvv, nombre_titular, id_metodo_pago, id_red_pago) VALUES (29, 2236695920338216,'12/33', 718, 'Severiano Bonilla Ribas', 73, 3);
INSERT INTO tarjetas (id, numero_tarjeta, fecha_caducidad, cvv, nombre_titular, id_metodo_pago, id_red_pago) VALUES (30, 4096950409858,'09/29', 322, 'Emelina Fiol Sala', 66, 1);
INSERT INTO tarjetas (id, numero_tarjeta, fecha_caducidad, cvv, nombre_titular, id_metodo_pago, id_red_pago) VALUES (31, 4249059780492004,'02/29', 070, 'Fernanda Palmira Almagro Saez', 76, 1);
INSERT INTO tarjetas (id, numero_tarjeta, fecha_caducidad, cvv, nombre_titular, id_metodo_pago, id_red_pago) VALUES (32, 4763555898569366227,'11/30', 358, 'Pepita Nuria Piñeiro Gutierrez', 99, 3);
INSERT INTO tarjetas (id, numero_tarjeta, fecha_caducidad, cvv, nombre_titular, id_metodo_pago, id_red_pago) VALUES (33, 4436418536252923470,'01/32', 436, 'Esteban Vigil Martin', 72, 3);
INSERT INTO tarjetas (id, numero_tarjeta, fecha_caducidad, cvv, nombre_titular, id_metodo_pago, id_red_pago) VALUES (34, 213109210530921,'03/31', 034, 'Juan Pablo del Nicolau', 3, 2);
INSERT INTO tarjetas (id, numero_tarjeta, fecha_caducidad, cvv, nombre_titular, id_metodo_pago, id_red_pago) VALUES (35, 4346426341047676934,'03/30', 434, 'Donato Huguet-Navarro', 8, 4);
INSERT INTO tarjetas (id, numero_tarjeta, fecha_caducidad, cvv, nombre_titular, id_metodo_pago, id_red_pago) VALUES (36, 6011982626091741,'06/31', 765, 'Julián Leal Mercader', 85, 2);
INSERT INTO tarjetas (id, numero_tarjeta, fecha_caducidad, cvv, nombre_titular, id_metodo_pago, id_red_pago) VALUES (37, 4994587543984,'02/33', 800, 'Pepita Feijoo Giménez', 2, 4);
INSERT INTO tarjetas (id, numero_tarjeta, fecha_caducidad, cvv, nombre_titular, id_metodo_pago, id_red_pago) VALUES (38, 30594722206766,'11/30', 275, 'Severino Acedo Cuadrado', 3, 2);
INSERT INTO tarjetas (id, numero_tarjeta, fecha_caducidad, cvv, nombre_titular, id_metodo_pago, id_red_pago) VALUES (39, 676166946365,'06/30', 299, 'Iker Montenegro Ramirez', 48, 1);
INSERT INTO tarjetas (id, numero_tarjeta, fecha_caducidad, cvv, nombre_titular, id_metodo_pago, id_red_pago) VALUES (40, 2265488977518268,'11/34', 290, 'Modesto Guerrero', 56, 2);
INSERT INTO tarjetas (id, numero_tarjeta, fecha_caducidad, cvv, nombre_titular, id_metodo_pago, id_red_pago) VALUES (41, 3577717464182829,'01/31', 141, 'Lucila Grau', 45, 1);
INSERT INTO tarjetas (id, numero_tarjeta, fecha_caducidad, cvv, nombre_titular, id_metodo_pago, id_red_pago) VALUES (42, 2718753371864789,'09/26', 074, 'Primitivo Llobet Tapia', 42, 4);
INSERT INTO tarjetas (id, numero_tarjeta, fecha_caducidad, cvv, nombre_titular, id_metodo_pago, id_red_pago) VALUES (43, 38418220411680,'01/34', 833, 'Hilario de Lamas', 16, 3);
INSERT INTO tarjetas (id, numero_tarjeta, fecha_caducidad, cvv, nombre_titular, id_metodo_pago, id_red_pago) VALUES (44, 4119297349099412170,'12/29', 824, 'Osvaldo Quirós Arias', 87, 4);
INSERT INTO tarjetas (id, numero_tarjeta, fecha_caducidad, cvv, nombre_titular, id_metodo_pago, id_red_pago) VALUES (45, 630484015239,'12/33', 194, 'Teodora Benito Prada', 91, 3);
INSERT INTO tarjetas (id, numero_tarjeta, fecha_caducidad, cvv, nombre_titular, id_metodo_pago, id_red_pago) VALUES (46, 6011906580238303,'02/28', 429, 'Samanta Alegre-Martínez', 56, 3);
INSERT INTO tarjetas (id, numero_tarjeta, fecha_caducidad, cvv, nombre_titular, id_metodo_pago, id_red_pago) VALUES (47, 4943993507702737602,'03/33', 473, 'Chus del Ramis', 3, 4);
INSERT INTO tarjetas (id, numero_tarjeta, fecha_caducidad, cvv, nombre_titular, id_metodo_pago, id_red_pago) VALUES (48, 2255396586792558,'10/26', 993, 'Olimpia Torrecilla-Benavent', 16, 3);
INSERT INTO tarjetas (id, numero_tarjeta, fecha_caducidad, cvv, nombre_titular, id_metodo_pago, id_red_pago) VALUES (49, 4935443028090,'11/25', 043, 'Nacho del Guardia', 2, 3);
INSERT INTO tarjetas (id, numero_tarjeta, fecha_caducidad, cvv, nombre_titular, id_metodo_pago, id_red_pago) VALUES (50, 2282908383204483,'02/35', 138, 'Adán Figueroa Monreal', 12, 3);
INSERT INTO tarjetas (id, numero_tarjeta, fecha_caducidad, cvv, nombre_titular, id_metodo_pago, id_red_pago) VALUES (51, 4880602452774,'03/31', 211, 'Prudencia Botella Vara', 83, 4);
INSERT INTO tarjetas (id, numero_tarjeta, fecha_caducidad, cvv, nombre_titular, id_metodo_pago, id_red_pago) VALUES (52, 342969604913502,'03/35', 489, 'Juan Luis Saura Prado', 42, 4);
INSERT INTO tarjetas (id, numero_tarjeta, fecha_caducidad, cvv, nombre_titular, id_metodo_pago, id_red_pago) VALUES (53, 4123228033552788,'11/28', 310, 'Aurelia Arce Villalba', 37, 4);
INSERT INTO tarjetas (id, numero_tarjeta, fecha_caducidad, cvv, nombre_titular, id_metodo_pago, id_red_pago) VALUES (54, 6011477490934787,'11/30', 427, 'Almudena Cárdenas Alegre', 2, 3);
INSERT INTO tarjetas (id, numero_tarjeta, fecha_caducidad, cvv, nombre_titular, id_metodo_pago, id_red_pago) VALUES (55, 4498971342257394679,'01/26', 230, 'Salud Abella Santamaría', 11, 1);
INSERT INTO tarjetas (id, numero_tarjeta, fecha_caducidad, cvv, nombre_titular, id_metodo_pago, id_red_pago) VALUES (56, 370237933421539,'11/27', 044, 'Duilio Font Nevado', 83, 3);
INSERT INTO tarjetas (id, numero_tarjeta, fecha_caducidad, cvv, nombre_titular, id_metodo_pago, id_red_pago) VALUES (57, 213136698342560,'09/29', 414, 'Paloma Tovar Prado', 20, 4);
INSERT INTO tarjetas (id, numero_tarjeta, fecha_caducidad, cvv, nombre_titular, id_metodo_pago, id_red_pago) VALUES (58, 4542538089100,'03/29', 034, 'Paloma Clavero Sanmiguel', 17, 1);
INSERT INTO tarjetas (id, numero_tarjeta, fecha_caducidad, cvv, nombre_titular, id_metodo_pago, id_red_pago) VALUES (59, 345718725597224,'09/33', 480, 'Loida Vicens Llano', 5, 1);
INSERT INTO tarjetas (id, numero_tarjeta, fecha_caducidad, cvv, nombre_titular, id_metodo_pago, id_red_pago) VALUES (60, 180037523483059,'10/25', 099, 'Laura Correa Castell', 92, 4);
INSERT INTO tarjetas (id, numero_tarjeta, fecha_caducidad, cvv, nombre_titular, id_metodo_pago, id_red_pago) VALUES (61, 4589381626338433,'06/35', 659, 'Pedro Elías Rey', 23, 1);
INSERT INTO tarjetas (id, numero_tarjeta, fecha_caducidad, cvv, nombre_titular, id_metodo_pago, id_red_pago) VALUES (62, 378851384054615,'12/28', 483, 'Nilda Marqués Casado', 46, 2);
INSERT INTO tarjetas (id, numero_tarjeta, fecha_caducidad, cvv, nombre_titular, id_metodo_pago, id_red_pago) VALUES (63, 180039900306986,'12/29', 324, 'Bartolomé Llobet Luján', 2, 3);
INSERT INTO tarjetas (id, numero_tarjeta, fecha_caducidad, cvv, nombre_titular, id_metodo_pago, id_red_pago) VALUES (64, 2717924914614509,'08/26', 132, 'Ramona Cantón Alvarez', 67, 2);
INSERT INTO tarjetas (id, numero_tarjeta, fecha_caducidad, cvv, nombre_titular, id_metodo_pago, id_red_pago) VALUES (65, 4342347559249,'11/26', 311, 'Fabricio Bonilla-Lobato', 38, 1);
INSERT INTO tarjetas (id, numero_tarjeta, fecha_caducidad, cvv, nombre_titular, id_metodo_pago, id_red_pago) VALUES (66, 2385597869708590,'12/27', 670, 'Federico Alonso Canet', 5, 1);
INSERT INTO tarjetas (id, numero_tarjeta, fecha_caducidad, cvv, nombre_titular, id_metodo_pago, id_red_pago) VALUES (67, 4548996884056,'02/32', 878, 'Bartolomé de Ferrero', 60, 2);
INSERT INTO tarjetas (id, numero_tarjeta, fecha_caducidad, cvv, nombre_titular, id_metodo_pago, id_red_pago) VALUES (68, 4601276759801,'07/32', 868, 'Olegario Alcázar', 20, 1);
INSERT INTO tarjetas (id, numero_tarjeta, fecha_caducidad, cvv, nombre_titular, id_metodo_pago, id_red_pago) VALUES (69, 2672315499785132,'04/27', 394, 'Manuel del Llopis', 66, 1);
INSERT INTO tarjetas (id, numero_tarjeta, fecha_caducidad, cvv, nombre_titular, id_metodo_pago, id_red_pago) VALUES (70, 4295195399035074,'09/31', 268, 'Miguela Castelló-Sebastián', 11, 3);
INSERT INTO tarjetas (id, numero_tarjeta, fecha_caducidad, cvv, nombre_titular, id_metodo_pago, id_red_pago) VALUES (71, 4224559248684117,'06/34', 329, 'Epifanio Viñas Malo', 95, 4);
INSERT INTO tarjetas (id, numero_tarjeta, fecha_caducidad, cvv, nombre_titular, id_metodo_pago, id_red_pago) VALUES (72, 213171120938511,'06/31', 925, 'Ana Armas Avilés', 49, 4);
INSERT INTO tarjetas (id, numero_tarjeta, fecha_caducidad, cvv, nombre_titular, id_metodo_pago, id_red_pago) VALUES (73, 4648822493501183946,'02/34', 222, 'Estefanía Botella Oller', 43, 3);
INSERT INTO tarjetas (id, numero_tarjeta, fecha_caducidad, cvv, nombre_titular, id_metodo_pago, id_red_pago) VALUES (74, 4746222917399,'06/32', 979, 'Fermín Estrada', 61, 1);
INSERT INTO tarjetas (id, numero_tarjeta, fecha_caducidad, cvv, nombre_titular, id_metodo_pago, id_red_pago) VALUES (75, 4483210867504949,'01/27', 593, 'Pablo Español Vélez', 91, 2);
INSERT INTO tarjetas (id, numero_tarjeta, fecha_caducidad, cvv, nombre_titular, id_metodo_pago, id_red_pago) VALUES (76, 213131311394007,'09/31', 253, 'Ángela Uribe Ródenas', 22, 1);
INSERT INTO tarjetas (id, numero_tarjeta, fecha_caducidad, cvv, nombre_titular, id_metodo_pago, id_red_pago) VALUES (77, 4229534999205666562,'06/34', 995, 'Jose Ramón Mir Castillo', 8, 1);
INSERT INTO tarjetas (id, numero_tarjeta, fecha_caducidad, cvv, nombre_titular, id_metodo_pago, id_red_pago) VALUES (78, 3525323131450518,'06/27', 667, 'Maura Pulido Hervás', 11, 3);
INSERT INTO tarjetas (id, numero_tarjeta, fecha_caducidad, cvv, nombre_titular, id_metodo_pago, id_red_pago) VALUES (79, 4921092034154026,'09/29', 462, 'Paulino Olivera Montaña', 83, 4);
INSERT INTO tarjetas (id, numero_tarjeta, fecha_caducidad, cvv, nombre_titular, id_metodo_pago, id_red_pago) VALUES (80, 4447785734651028,'09/32', 964, 'Ámbar Pedrosa Vives', 50, 4);
INSERT INTO tarjetas (id, numero_tarjeta, fecha_caducidad, cvv, nombre_titular, id_metodo_pago, id_red_pago) VALUES (81, 4801214719515546,'08/32', 314, 'Poncio Adelardo Palma Barriga', 28, 2);
INSERT INTO tarjetas (id, numero_tarjeta, fecha_caducidad, cvv, nombre_titular, id_metodo_pago, id_red_pago) VALUES (82, 4225146396543,'09/27', 150, 'Nicanor Agustí Pizarro', 36, 4);
INSERT INTO tarjetas (id, numero_tarjeta, fecha_caducidad, cvv, nombre_titular, id_metodo_pago, id_red_pago) VALUES (83, 503837146821,'07/30', 3083, 'Emma Baños Cortina', 55, 4);
INSERT INTO tarjetas (id, numero_tarjeta, fecha_caducidad, cvv, nombre_titular, id_metodo_pago, id_red_pago) VALUES (84, 180090411122560,'05/30', 937, 'Azucena Tormo Pellicer', 50, 4);
INSERT INTO tarjetas (id, numero_tarjeta, fecha_caducidad, cvv, nombre_titular, id_metodo_pago, id_red_pago) VALUES (85, 630407806755,'12/26', 076, 'Dora Buendía Planas', 70, 1);
INSERT INTO tarjetas (id, numero_tarjeta, fecha_caducidad, cvv, nombre_titular, id_metodo_pago, id_red_pago) VALUES (86, 30306413942355,'04/34', 821, 'Pepito Gomis Pastor', 48, 2);
INSERT INTO tarjetas (id, numero_tarjeta, fecha_caducidad, cvv, nombre_titular, id_metodo_pago, id_red_pago) VALUES (87, 30212560367059,'12/25', 682, 'Lina Saura-Mena', 57, 2);
INSERT INTO tarjetas (id, numero_tarjeta, fecha_caducidad, cvv, nombre_titular, id_metodo_pago, id_red_pago) VALUES (88, 4012482765971583,'02/26', 970, 'Vicente Echevarría Guijarro', 58, 4);
INSERT INTO tarjetas (id, numero_tarjeta, fecha_caducidad, cvv, nombre_titular, id_metodo_pago, id_red_pago) VALUES (89, 580972373089,'02/34', 887, 'Lucho Borrell Maldonado', 96, 3);
INSERT INTO tarjetas (id, numero_tarjeta, fecha_caducidad, cvv, nombre_titular, id_metodo_pago, id_red_pago) VALUES (90, 5498702664294955,'05/27', 167, 'Bernardita Egea Ojeda', 15, 1);
INSERT INTO tarjetas (id, numero_tarjeta, fecha_caducidad, cvv, nombre_titular, id_metodo_pago, id_red_pago) VALUES (91, 3533623223548107,'07/30', 239, 'Abraham Palomino Saura', 66, 3);
INSERT INTO tarjetas (id, numero_tarjeta, fecha_caducidad, cvv, nombre_titular, id_metodo_pago, id_red_pago) VALUES (92, 30004782682351,'12/28', 739, 'Pastor Alonso Huguet', 48, 1);
INSERT INTO tarjetas (id, numero_tarjeta, fecha_caducidad, cvv, nombre_titular, id_metodo_pago, id_red_pago) VALUES (93, 36835697454889,'11/25', 436, 'Miguela Dalmau Estrada', 100, 3);
INSERT INTO tarjetas (id, numero_tarjeta, fecha_caducidad, cvv, nombre_titular, id_metodo_pago, id_red_pago) VALUES (94, 4861207746922637475,'02/33', 222, 'Maximiano Cerdá Andreu', 51, 4);
INSERT INTO tarjetas (id, numero_tarjeta, fecha_caducidad, cvv, nombre_titular, id_metodo_pago, id_red_pago) VALUES (95, 3573730465448622,'04/30', 353, 'Francisco Javier Hermenegildo Muñoz Domínguez', 57, 4);
INSERT INTO tarjetas (id, numero_tarjeta, fecha_caducidad, cvv, nombre_titular, id_metodo_pago, id_red_pago) VALUES (96, 4890983586544118,'10/30', 724, 'Julián Gordillo-Iglesias', 13, 1);
INSERT INTO tarjetas (id, numero_tarjeta, fecha_caducidad, cvv, nombre_titular, id_metodo_pago, id_red_pago) VALUES (97, 4250633727517213351,'12/28', 816, 'Florentina Saavedra Ferrando', 10, 3);
INSERT INTO tarjetas (id, numero_tarjeta, fecha_caducidad, cvv, nombre_titular, id_metodo_pago, id_red_pago) VALUES (98, 4779900645076465028,'08/28', 179, 'Águeda del Ayuso', 53, 2);
INSERT INTO tarjetas (id, numero_tarjeta, fecha_caducidad, cvv, nombre_titular, id_metodo_pago, id_red_pago) VALUES (99, 4905666410251504,'09/30', 726, 'Julia Taboada Melero', 7, 2);
INSERT INTO tarjetas (id, numero_tarjeta, fecha_caducidad, cvv, nombre_titular, id_metodo_pago, id_red_pago) VALUES (100, 6011797085949845,'12/30', 582, 'Amaro Tirado Hidalgo', 78, 4);


-- 17 viajes

INSERT INTO viajes (id, fecha, final_estacion_id, inicial_estacion_id,perfil_id) VALUES (1, 2025-04-09,68, 26,91);
INSERT INTO viajes (id, fecha, final_estacion_id, inicial_estacion_id,perfil_id) VALUES (2, 2025-04-24,21, 99,41);
INSERT INTO viajes (id, fecha, final_estacion_id, inicial_estacion_id,perfil_id) VALUES (3, 2025-02-07,43, 42,9);
INSERT INTO viajes (id, fecha, final_estacion_id, inicial_estacion_id,perfil_id) VALUES (4, 2025-01-20,89, 89,40);
INSERT INTO viajes (id, fecha, final_estacion_id, inicial_estacion_id,perfil_id) VALUES (5, 2025-02-22,60, 99,82);
INSERT INTO viajes (id, fecha, final_estacion_id, inicial_estacion_id,perfil_id) VALUES (6, 2025-02-01,7, 7,8);
INSERT INTO viajes (id, fecha, final_estacion_id, inicial_estacion_id,perfil_id) VALUES (7, 2025-04-01,94, 32,72);
INSERT INTO viajes (id, fecha, final_estacion_id, inicial_estacion_id,perfil_id) VALUES (8, 2025-06-10,37, 26,67);
INSERT INTO viajes (id, fecha, final_estacion_id, inicial_estacion_id,perfil_id) VALUES (9, 2025-05-15,43, 99,10);
INSERT INTO viajes (id, fecha, final_estacion_id, inicial_estacion_id,perfil_id) VALUES (10, 2025-02-03,38, 31,89);
INSERT INTO viajes (id, fecha, final_estacion_id, inicial_estacion_id,perfil_id) VALUES (11, 2025-03-03,35, 100,46);
INSERT INTO viajes (id, fecha, final_estacion_id, inicial_estacion_id,perfil_id) VALUES (12, 2025-01-21,94, 11,20);
INSERT INTO viajes (id, fecha, final_estacion_id, inicial_estacion_id,perfil_id) VALUES (13, 2025-04-10,85, 85,94);
INSERT INTO viajes (id, fecha, final_estacion_id, inicial_estacion_id,perfil_id) VALUES (14, 2025-04-02,94, 89,18);
INSERT INTO viajes (id, fecha, final_estacion_id, inicial_estacion_id,perfil_id) VALUES (15, 2025-03-18,76, 89,48);
INSERT INTO viajes (id, fecha, final_estacion_id, inicial_estacion_id,perfil_id) VALUES (16, 2025-01-20,88, 4,15);
INSERT INTO viajes (id, fecha, final_estacion_id, inicial_estacion_id,perfil_id) VALUES (17, 2025-03-07,87, 71,55);
INSERT INTO viajes (id, fecha, final_estacion_id, inicial_estacion_id,perfil_id) VALUES (18, 2025-04-13,56, 5,59);
INSERT INTO viajes (id, fecha, final_estacion_id, inicial_estacion_id,perfil_id) VALUES (19, 2025-02-27,87, 100,50);
INSERT INTO viajes (id, fecha, final_estacion_id, inicial_estacion_id,perfil_id) VALUES (20, 2025-03-25,16, 39,19);
INSERT INTO viajes (id, fecha, final_estacion_id, inicial_estacion_id,perfil_id) VALUES (21, 2025-04-17,84, 66,51);
INSERT INTO viajes (id, fecha, final_estacion_id, inicial_estacion_id,perfil_id) VALUES (22, 2025-04-30,9, 20,1);
INSERT INTO viajes (id, fecha, final_estacion_id, inicial_estacion_id,perfil_id) VALUES (23, 2025-01-12,3, 75,54);
INSERT INTO viajes (id, fecha, final_estacion_id, inicial_estacion_id,perfil_id) VALUES (24, 2025-05-16,4, 10,38);
INSERT INTO viajes (id, fecha, final_estacion_id, inicial_estacion_id,perfil_id) VALUES (25, 2025-02-27,30, 26,94);
INSERT INTO viajes (id, fecha, final_estacion_id, inicial_estacion_id,perfil_id) VALUES (26, 2025-02-19,96, 86,73);
INSERT INTO viajes (id, fecha, final_estacion_id, inicial_estacion_id,perfil_id) VALUES (27, 2025-04-06,68, 75,60);
INSERT INTO viajes (id, fecha, final_estacion_id, inicial_estacion_id,perfil_id) VALUES (28, 2025-04-21,51, 66,31);
INSERT INTO viajes (id, fecha, final_estacion_id, inicial_estacion_id,perfil_id) VALUES (29, 2025-06-13,75, 60,34);
INSERT INTO viajes (id, fecha, final_estacion_id, inicial_estacion_id,perfil_id) VALUES (30, 2025-04-12,7, 17,49);
INSERT INTO viajes (id, fecha, final_estacion_id, inicial_estacion_id,perfil_id) VALUES (31, 2025-03-30,54, 28,39);
INSERT INTO viajes (id, fecha, final_estacion_id, inicial_estacion_id,perfil_id) VALUES (32, 2025-03-06,14, 50,71);
INSERT INTO viajes (id, fecha, final_estacion_id, inicial_estacion_id,perfil_id) VALUES (33, 2025-04-26,44, 11,55);
INSERT INTO viajes (id, fecha, final_estacion_id, inicial_estacion_id,perfil_id) VALUES (34, 2025-03-09,1, 77,32);
INSERT INTO viajes (id, fecha, final_estacion_id, inicial_estacion_id,perfil_id) VALUES (35, 2025-04-07,68, 1,76);
INSERT INTO viajes (id, fecha, final_estacion_id, inicial_estacion_id,perfil_id) VALUES (36, 2025-04-04,92, 36,48);
INSERT INTO viajes (id, fecha, final_estacion_id, inicial_estacion_id,perfil_id) VALUES (37, 2025-04-13,48, 49,10);
INSERT INTO viajes (id, fecha, final_estacion_id, inicial_estacion_id,perfil_id) VALUES (38, 2025-01-25,52, 51,38);
INSERT INTO viajes (id, fecha, final_estacion_id, inicial_estacion_id,perfil_id) VALUES (39, 2025-05-18,34, 10,50);
INSERT INTO viajes (id, fecha, final_estacion_id, inicial_estacion_id,perfil_id) VALUES (40, 2025-01-20,11, 97,26);
INSERT INTO viajes (id, fecha, final_estacion_id, inicial_estacion_id,perfil_id) VALUES (41, 2025-03-13,86, 31,100);
INSERT INTO viajes (id, fecha, final_estacion_id, inicial_estacion_id,perfil_id) VALUES (42, 2025-01-22,11, 67,35);
INSERT INTO viajes (id, fecha, final_estacion_id, inicial_estacion_id,perfil_id) VALUES (43, 2025-04-26,60, 21,35);
INSERT INTO viajes (id, fecha, final_estacion_id, inicial_estacion_id,perfil_id) VALUES (44, 2025-03-01,74, 87,15);
INSERT INTO viajes (id, fecha, final_estacion_id, inicial_estacion_id,perfil_id) VALUES (45, 2025-01-13,19, 31,9);
INSERT INTO viajes (id, fecha, final_estacion_id, inicial_estacion_id,perfil_id) VALUES (46, 2025-05-19,32, 36,7);
INSERT INTO viajes (id, fecha, final_estacion_id, inicial_estacion_id,perfil_id) VALUES (47, 2025-06-07,24, 26,15);
INSERT INTO viajes (id, fecha, final_estacion_id, inicial_estacion_id,perfil_id) VALUES (48, 2025-02-13,22, 52,85);
INSERT INTO viajes (id, fecha, final_estacion_id, inicial_estacion_id,perfil_id) VALUES (49, 2025-05-05,2, 33,54);
INSERT INTO viajes (id, fecha, final_estacion_id, inicial_estacion_id,perfil_id) VALUES (50, 2025-04-29,69, 36,31);
INSERT INTO viajes (id, fecha, final_estacion_id, inicial_estacion_id,perfil_id) VALUES (51, 2025-05-02,83, 29,77);
INSERT INTO viajes (id, fecha, final_estacion_id, inicial_estacion_id,perfil_id) VALUES (52, 2025-04-18,6, 59,8);
INSERT INTO viajes (id, fecha, final_estacion_id, inicial_estacion_id,perfil_id) VALUES (53, 2025-06-09,57, 51,60);
INSERT INTO viajes (id, fecha, final_estacion_id, inicial_estacion_id,perfil_id) VALUES (54, 2025-03-18,86, 78,100);
INSERT INTO viajes (id, fecha, final_estacion_id, inicial_estacion_id,perfil_id) VALUES (55, 2025-02-09,40, 42,5);
INSERT INTO viajes (id, fecha, final_estacion_id, inicial_estacion_id,perfil_id) VALUES (56, 2025-04-28,41, 23,55);
INSERT INTO viajes (id, fecha, final_estacion_id, inicial_estacion_id,perfil_id) VALUES (57, 2025-03-07,39, 40,18);
INSERT INTO viajes (id, fecha, final_estacion_id, inicial_estacion_id,perfil_id) VALUES (58, 2025-02-25,73, 64,69);
INSERT INTO viajes (id, fecha, final_estacion_id, inicial_estacion_id,perfil_id) VALUES (59, 2025-03-23,19, 24,90);
INSERT INTO viajes (id, fecha, final_estacion_id, inicial_estacion_id,perfil_id) VALUES (60, 2025-05-09,19, 13,74);
INSERT INTO viajes (id, fecha, final_estacion_id, inicial_estacion_id,perfil_id) VALUES (61, 2025-02-02,33, 78,20);
INSERT INTO viajes (id, fecha, final_estacion_id, inicial_estacion_id,perfil_id) VALUES (62, 2025-03-17,98, 34,33);
INSERT INTO viajes (id, fecha, final_estacion_id, inicial_estacion_id,perfil_id) VALUES (63, 2025-01-28,45, 74,55);
INSERT INTO viajes (id, fecha, final_estacion_id, inicial_estacion_id,perfil_id) VALUES (64, 2025-03-12,92, 85,70);
INSERT INTO viajes (id, fecha, final_estacion_id, inicial_estacion_id,perfil_id) VALUES (65, 2025-03-09,74, 83,79);
INSERT INTO viajes (id, fecha, final_estacion_id, inicial_estacion_id,perfil_id) VALUES (66, 2025-06-09,16, 98,93);
INSERT INTO viajes (id, fecha, final_estacion_id, inicial_estacion_id,perfil_id) VALUES (67, 2025-06-12,22, 57,1);
INSERT INTO viajes (id, fecha, final_estacion_id, inicial_estacion_id,perfil_id) VALUES (68, 2025-05-12,40, 95,51);
INSERT INTO viajes (id, fecha, final_estacion_id, inicial_estacion_id,perfil_id) VALUES (69, 2025-05-01,39, 39,60);
INSERT INTO viajes (id, fecha, final_estacion_id, inicial_estacion_id,perfil_id) VALUES (70, 2025-05-04,58, 3,56);
INSERT INTO viajes (id, fecha, final_estacion_id, inicial_estacion_id,perfil_id) VALUES (71, 2025-04-15,47, 39,40);
INSERT INTO viajes (id, fecha, final_estacion_id, inicial_estacion_id,perfil_id) VALUES (72, 2025-06-11,63, 38,6);
INSERT INTO viajes (id, fecha, final_estacion_id, inicial_estacion_id,perfil_id) VALUES (73, 2025-03-27,100, 69,90);
INSERT INTO viajes (id, fecha, final_estacion_id, inicial_estacion_id,perfil_id) VALUES (74, 2025-01-17,61, 54,2);
INSERT INTO viajes (id, fecha, final_estacion_id, inicial_estacion_id,perfil_id) VALUES (75, 2025-01-25,15, 96,72);
INSERT INTO viajes (id, fecha, final_estacion_id, inicial_estacion_id,perfil_id) VALUES (76, 2025-01-22,42, 4,33);
INSERT INTO viajes (id, fecha, final_estacion_id, inicial_estacion_id,perfil_id) VALUES (77, 2025-02-11,23, 11,24);
INSERT INTO viajes (id, fecha, final_estacion_id, inicial_estacion_id,perfil_id) VALUES (78, 2025-05-27,29, 67,80);
INSERT INTO viajes (id, fecha, final_estacion_id, inicial_estacion_id,perfil_id) VALUES (79, 2025-04-05,84, 96,83);
INSERT INTO viajes (id, fecha, final_estacion_id, inicial_estacion_id,perfil_id) VALUES (80, 2025-05-16,73, 25,28);
INSERT INTO viajes (id, fecha, final_estacion_id, inicial_estacion_id,perfil_id) VALUES (81, 2025-02-18,68, 81,100);
INSERT INTO viajes (id, fecha, final_estacion_id, inicial_estacion_id,perfil_id) VALUES (82, 2025-01-15,10, 4,34);
INSERT INTO viajes (id, fecha, final_estacion_id, inicial_estacion_id,perfil_id) VALUES (83, 2025-03-11,54, 24,72);
INSERT INTO viajes (id, fecha, final_estacion_id, inicial_estacion_id,perfil_id) VALUES (84, 2025-01-09,35, 68,3);
INSERT INTO viajes (id, fecha, final_estacion_id, inicial_estacion_id,perfil_id) VALUES (85, 2025-05-02,59, 82,59);
INSERT INTO viajes (id, fecha, final_estacion_id, inicial_estacion_id,perfil_id) VALUES (86, 2025-03-16,14, 2,75);
INSERT INTO viajes (id, fecha, final_estacion_id, inicial_estacion_id,perfil_id) VALUES (87, 2025-03-11,76, 51,94);
INSERT INTO viajes (id, fecha, final_estacion_id, inicial_estacion_id,perfil_id) VALUES (88, 2025-04-10,9, 73,45);
INSERT INTO viajes (id, fecha, final_estacion_id, inicial_estacion_id,perfil_id) VALUES (89, 2025-05-17,16, 80,13);
INSERT INTO viajes (id, fecha, final_estacion_id, inicial_estacion_id,perfil_id) VALUES (90, 2025-06-06,66, 9,94);
INSERT INTO viajes (id, fecha, final_estacion_id, inicial_estacion_id,perfil_id) VALUES (91, 2025-02-26,49, 59,38);
INSERT INTO viajes (id, fecha, final_estacion_id, inicial_estacion_id,perfil_id) VALUES (92, 2025-06-10,74, 60,100);
INSERT INTO viajes (id, fecha, final_estacion_id, inicial_estacion_id,perfil_id) VALUES (93, 2025-04-29,33, 22,37);
INSERT INTO viajes (id, fecha, final_estacion_id, inicial_estacion_id,perfil_id) VALUES (94, 2025-04-05,73, 39,51);
INSERT INTO viajes (id, fecha, final_estacion_id, inicial_estacion_id,perfil_id) VALUES (95, 2025-04-11,74, 7,3);
INSERT INTO viajes (id, fecha, final_estacion_id, inicial_estacion_id,perfil_id) VALUES (96, 2025-06-14,83, 4,73);
INSERT INTO viajes (id, fecha, final_estacion_id, inicial_estacion_id,perfil_id) VALUES (97, 2025-02-20,26, 21,17);
INSERT INTO viajes (id, fecha, final_estacion_id, inicial_estacion_id,perfil_id) VALUES (98, 2025-04-01,67, 16,78);
INSERT INTO viajes (id, fecha, final_estacion_id, inicial_estacion_id,perfil_id) VALUES (99, 2025-01-26,13, 90,25);
INSERT INTO viajes (id, fecha, final_estacion_id, inicial_estacion_id,perfil_id) VALUES (100, 2025-04-30,60, 82,45);


-- 18 notificaciones perfiles
INSERT INTO notificaciones_perfiles (id, id_notificacion, id_perfil) VALUES (1, 2,1);
INSERT INTO notificaciones_perfiles (id, id_notificacion, id_perfil) VALUES (2, 4,2);
INSERT INTO notificaciones_perfiles (id, id_notificacion, id_perfil) VALUES (3, 2,2);
INSERT INTO notificaciones_perfiles (id, id_notificacion, id_perfil) VALUES (4, 1,2);
INSERT INTO notificaciones_perfiles (id, id_notificacion, id_perfil) VALUES (5, 3,2);
INSERT INTO notificaciones_perfiles (id, id_notificacion, id_perfil) VALUES (6, 1,3);
INSERT INTO notificaciones_perfiles (id, id_notificacion, id_perfil) VALUES (7, 5,4);
INSERT INTO notificaciones_perfiles (id, id_notificacion, id_perfil) VALUES (8, 4,4);
INSERT INTO notificaciones_perfiles (id, id_notificacion, id_perfil) VALUES (9, 1,4);
INSERT INTO notificaciones_perfiles (id, id_notificacion, id_perfil) VALUES (10, 3,4);
INSERT INTO notificaciones_perfiles (id, id_notificacion, id_perfil) VALUES (11, 2,4);
INSERT INTO notificaciones_perfiles (id, id_notificacion, id_perfil) VALUES (12, 2,5);
INSERT INTO notificaciones_perfiles (id, id_notificacion, id_perfil) VALUES (13, 4,5);
INSERT INTO notificaciones_perfiles (id, id_notificacion, id_perfil) VALUES (14, 2,6);
INSERT INTO notificaciones_perfiles (id, id_notificacion, id_perfil) VALUES (15, 4,6);
INSERT INTO notificaciones_perfiles (id, id_notificacion, id_perfil) VALUES (16, 1,6);
INSERT INTO notificaciones_perfiles (id, id_notificacion, id_perfil) VALUES (17, 5,6);
INSERT INTO notificaciones_perfiles (id, id_notificacion, id_perfil) VALUES (18, 5,7);
INSERT INTO notificaciones_perfiles (id, id_notificacion, id_perfil) VALUES (19, 2,8);
INSERT INTO notificaciones_perfiles (id, id_notificacion, id_perfil) VALUES (20, 3,8);
INSERT INTO notificaciones_perfiles (id, id_notificacion, id_perfil) VALUES (21, 1,8);
INSERT INTO notificaciones_perfiles (id, id_notificacion, id_perfil) VALUES (22, 4,8);
INSERT INTO notificaciones_perfiles (id, id_notificacion, id_perfil) VALUES (23, 5,9);
INSERT INTO notificaciones_perfiles (id, id_notificacion, id_perfil) VALUES (24, 2,10);
INSERT INTO notificaciones_perfiles (id, id_notificacion, id_perfil) VALUES (25, 4,10);
INSERT INTO notificaciones_perfiles (id, id_notificacion, id_perfil) VALUES (26, 3,10);
INSERT INTO notificaciones_perfiles (id, id_notificacion, id_perfil) VALUES (27, 5,10);
INSERT INTO notificaciones_perfiles (id, id_notificacion, id_perfil) VALUES (28, 3,11);
INSERT INTO notificaciones_perfiles (id, id_notificacion, id_perfil) VALUES (29, 3,12);
INSERT INTO notificaciones_perfiles (id, id_notificacion, id_perfil) VALUES (30, 4,13);
INSERT INTO notificaciones_perfiles (id, id_notificacion, id_perfil) VALUES (31, 5,13);
INSERT INTO notificaciones_perfiles (id, id_notificacion, id_perfil) VALUES (32, 3,13);
INSERT INTO notificaciones_perfiles (id, id_notificacion, id_perfil) VALUES (33, 1,14);
INSERT INTO notificaciones_perfiles (id, id_notificacion, id_perfil) VALUES (34, 4,14);
INSERT INTO notificaciones_perfiles (id, id_notificacion, id_perfil) VALUES (35, 5,14);
INSERT INTO notificaciones_perfiles (id, id_notificacion, id_perfil) VALUES (36, 2,15);
INSERT INTO notificaciones_perfiles (id, id_notificacion, id_perfil) VALUES (37, 4,15);
INSERT INTO notificaciones_perfiles (id, id_notificacion, id_perfil) VALUES (38, 5,15);
INSERT INTO notificaciones_perfiles (id, id_notificacion, id_perfil) VALUES (39, 1,15);
INSERT INTO notificaciones_perfiles (id, id_notificacion, id_perfil) VALUES (40, 3,15);
INSERT INTO notificaciones_perfiles (id, id_notificacion, id_perfil) VALUES (41, 3,16);
INSERT INTO notificaciones_perfiles (id, id_notificacion, id_perfil) VALUES (42, 3,17);
INSERT INTO notificaciones_perfiles (id, id_notificacion, id_perfil) VALUES (43, 4,17);
INSERT INTO notificaciones_perfiles (id, id_notificacion, id_perfil) VALUES (44, 5,17);
INSERT INTO notificaciones_perfiles (id, id_notificacion, id_perfil) VALUES (45, 2,18);
INSERT INTO notificaciones_perfiles (id, id_notificacion, id_perfil) VALUES (46, 3,18);
INSERT INTO notificaciones_perfiles (id, id_notificacion, id_perfil) VALUES (47, 4,18);
INSERT INTO notificaciones_perfiles (id, id_notificacion, id_perfil) VALUES (48, 5,18);
INSERT INTO notificaciones_perfiles (id, id_notificacion, id_perfil) VALUES (49, 2,19);
INSERT INTO notificaciones_perfiles (id, id_notificacion, id_perfil) VALUES (50, 4,19);
INSERT INTO notificaciones_perfiles (id, id_notificacion, id_perfil) VALUES (51, 3,19);
INSERT INTO notificaciones_perfiles (id, id_notificacion, id_perfil) VALUES (52, 1,20);
INSERT INTO notificaciones_perfiles (id, id_notificacion, id_perfil) VALUES (53, 1,21);
INSERT INTO notificaciones_perfiles (id, id_notificacion, id_perfil) VALUES (54, 4,21);
INSERT INTO notificaciones_perfiles (id, id_notificacion, id_perfil) VALUES (55, 5,21);
INSERT INTO notificaciones_perfiles (id, id_notificacion, id_perfil) VALUES (56, 3,21);
INSERT INTO notificaciones_perfiles (id, id_notificacion, id_perfil) VALUES (57, 2,21);
INSERT INTO notificaciones_perfiles (id, id_notificacion, id_perfil) VALUES (58, 1,22);
INSERT INTO notificaciones_perfiles (id, id_notificacion, id_perfil) VALUES (59, 5,22);
INSERT INTO notificaciones_perfiles (id, id_notificacion, id_perfil) VALUES (60, 4,22);
INSERT INTO notificaciones_perfiles (id, id_notificacion, id_perfil) VALUES (61, 2,22);
INSERT INTO notificaciones_perfiles (id, id_notificacion, id_perfil) VALUES (62, 2,23);
INSERT INTO notificaciones_perfiles (id, id_notificacion, id_perfil) VALUES (63, 3,23);
INSERT INTO notificaciones_perfiles (id, id_notificacion, id_perfil) VALUES (64, 1,23);
INSERT INTO notificaciones_perfiles (id, id_notificacion, id_perfil) VALUES (65, 4,23);
INSERT INTO notificaciones_perfiles (id, id_notificacion, id_perfil) VALUES (66, 4,24);
INSERT INTO notificaciones_perfiles (id, id_notificacion, id_perfil) VALUES (67, 3,24);
INSERT INTO notificaciones_perfiles (id, id_notificacion, id_perfil) VALUES (68, 1,24);
INSERT INTO notificaciones_perfiles (id, id_notificacion, id_perfil) VALUES (69, 2,25);
INSERT INTO notificaciones_perfiles (id, id_notificacion, id_perfil) VALUES (70, 5,25);
INSERT INTO notificaciones_perfiles (id, id_notificacion, id_perfil) VALUES (71, 3,25);
INSERT INTO notificaciones_perfiles (id, id_notificacion, id_perfil) VALUES (72, 1,25);
INSERT INTO notificaciones_perfiles (id, id_notificacion, id_perfil) VALUES (73, 4,25);
INSERT INTO notificaciones_perfiles (id, id_notificacion, id_perfil) VALUES (74, 5,26);
INSERT INTO notificaciones_perfiles (id, id_notificacion, id_perfil) VALUES (75, 2,26);
INSERT INTO notificaciones_perfiles (id, id_notificacion, id_perfil) VALUES (76, 3,26);
INSERT INTO notificaciones_perfiles (id, id_notificacion, id_perfil) VALUES (77, 1,27);
INSERT INTO notificaciones_perfiles (id, id_notificacion, id_perfil) VALUES (78, 3,27);
INSERT INTO notificaciones_perfiles (id, id_notificacion, id_perfil) VALUES (79, 4,28);
INSERT INTO notificaciones_perfiles (id, id_notificacion, id_perfil) VALUES (80, 5,28);
INSERT INTO notificaciones_perfiles (id, id_notificacion, id_perfil) VALUES (81, 2,28);
INSERT INTO notificaciones_perfiles (id, id_notificacion, id_perfil) VALUES (82, 4,29);
INSERT INTO notificaciones_perfiles (id, id_notificacion, id_perfil) VALUES (83, 5,29);
INSERT INTO notificaciones_perfiles (id, id_notificacion, id_perfil) VALUES (84, 2,29);
INSERT INTO notificaciones_perfiles (id, id_notificacion, id_perfil) VALUES (85, 2,30);
INSERT INTO notificaciones_perfiles (id, id_notificacion, id_perfil) VALUES (86, 4,30);
INSERT INTO notificaciones_perfiles (id, id_notificacion, id_perfil) VALUES (87, 3,30);
INSERT INTO notificaciones_perfiles (id, id_notificacion, id_perfil) VALUES (88, 4,31);
INSERT INTO notificaciones_perfiles (id, id_notificacion, id_perfil) VALUES (89, 3,31);
INSERT INTO notificaciones_perfiles (id, id_notificacion, id_perfil) VALUES (90, 2,31);
INSERT INTO notificaciones_perfiles (id, id_notificacion, id_perfil) VALUES (91, 1,31);
INSERT INTO notificaciones_perfiles (id, id_notificacion, id_perfil) VALUES (92, 5,31);
INSERT INTO notificaciones_perfiles (id, id_notificacion, id_perfil) VALUES (93, 4,32);
INSERT INTO notificaciones_perfiles (id, id_notificacion, id_perfil) VALUES (94, 3,32);
INSERT INTO notificaciones_perfiles (id, id_notificacion, id_perfil) VALUES (95, 1,32);
INSERT INTO notificaciones_perfiles (id, id_notificacion, id_perfil) VALUES (96, 5,32);
INSERT INTO notificaciones_perfiles (id, id_notificacion, id_perfil) VALUES (97, 5,33);
INSERT INTO notificaciones_perfiles (id, id_notificacion, id_perfil) VALUES (98, 1,34);
INSERT INTO notificaciones_perfiles (id, id_notificacion, id_perfil) VALUES (99, 2,34);
INSERT INTO notificaciones_perfiles (id, id_notificacion, id_perfil) VALUES (100, 3,34);
INSERT INTO notificaciones_perfiles (id, id_notificacion, id_perfil) VALUES (101, 4,34);
INSERT INTO notificaciones_perfiles (id, id_notificacion, id_perfil) VALUES (102, 5,34);
INSERT INTO notificaciones_perfiles (id, id_notificacion, id_perfil) VALUES (103, 1,35);
INSERT INTO notificaciones_perfiles (id, id_notificacion, id_perfil) VALUES (104, 5,36);
INSERT INTO notificaciones_perfiles (id, id_notificacion, id_perfil) VALUES (105, 2,36);
INSERT INTO notificaciones_perfiles (id, id_notificacion, id_perfil) VALUES (106, 1,36);
INSERT INTO notificaciones_perfiles (id, id_notificacion, id_perfil) VALUES (107, 4,36);
INSERT INTO notificaciones_perfiles (id, id_notificacion, id_perfil) VALUES (108, 4,37);
INSERT INTO notificaciones_perfiles (id, id_notificacion, id_perfil) VALUES (109, 1,37);
INSERT INTO notificaciones_perfiles (id, id_notificacion, id_perfil) VALUES (110, 3,38);
INSERT INTO notificaciones_perfiles (id, id_notificacion, id_perfil) VALUES (111, 5,39);
INSERT INTO notificaciones_perfiles (id, id_notificacion, id_perfil) VALUES (112, 4,39);
INSERT INTO notificaciones_perfiles (id, id_notificacion, id_perfil) VALUES (113, 3,39);
INSERT INTO notificaciones_perfiles (id, id_notificacion, id_perfil) VALUES (114, 3,40);
INSERT INTO notificaciones_perfiles (id, id_notificacion, id_perfil) VALUES (115, 1,40);
INSERT INTO notificaciones_perfiles (id, id_notificacion, id_perfil) VALUES (116, 5,40);
INSERT INTO notificaciones_perfiles (id, id_notificacion, id_perfil) VALUES (117, 4,40);
INSERT INTO notificaciones_perfiles (id, id_notificacion, id_perfil) VALUES (118, 1,41);
INSERT INTO notificaciones_perfiles (id, id_notificacion, id_perfil) VALUES (119, 5,41);
INSERT INTO notificaciones_perfiles (id, id_notificacion, id_perfil) VALUES (120, 5,42);
INSERT INTO notificaciones_perfiles (id, id_notificacion, id_perfil) VALUES (121, 3,42);
INSERT INTO notificaciones_perfiles (id, id_notificacion, id_perfil) VALUES (122, 2,42);
INSERT INTO notificaciones_perfiles (id, id_notificacion, id_perfil) VALUES (123, 4,42);
INSERT INTO notificaciones_perfiles (id, id_notificacion, id_perfil) VALUES (124, 1,42);
INSERT INTO notificaciones_perfiles (id, id_notificacion, id_perfil) VALUES (125, 5,43);
INSERT INTO notificaciones_perfiles (id, id_notificacion, id_perfil) VALUES (126, 3,43);
INSERT INTO notificaciones_perfiles (id, id_notificacion, id_perfil) VALUES (127, 2,43);
INSERT INTO notificaciones_perfiles (id, id_notificacion, id_perfil) VALUES (128, 3,44);
INSERT INTO notificaciones_perfiles (id, id_notificacion, id_perfil) VALUES (129, 5,44);
INSERT INTO notificaciones_perfiles (id, id_notificacion, id_perfil) VALUES (130, 4,44);
INSERT INTO notificaciones_perfiles (id, id_notificacion, id_perfil) VALUES (131, 1,44);
INSERT INTO notificaciones_perfiles (id, id_notificacion, id_perfil) VALUES (132, 2,44);
INSERT INTO notificaciones_perfiles (id, id_notificacion, id_perfil) VALUES (133, 3,45);
INSERT INTO notificaciones_perfiles (id, id_notificacion, id_perfil) VALUES (134, 2,45);
INSERT INTO notificaciones_perfiles (id, id_notificacion, id_perfil) VALUES (135, 1,46);
INSERT INTO notificaciones_perfiles (id, id_notificacion, id_perfil) VALUES (136, 4,46);
INSERT INTO notificaciones_perfiles (id, id_notificacion, id_perfil) VALUES (137, 5,46);
INSERT INTO notificaciones_perfiles (id, id_notificacion, id_perfil) VALUES (138, 2,46);
INSERT INTO notificaciones_perfiles (id, id_notificacion, id_perfil) VALUES (139, 3,46);
INSERT INTO notificaciones_perfiles (id, id_notificacion, id_perfil) VALUES (140, 2,47);
INSERT INTO notificaciones_perfiles (id, id_notificacion, id_perfil) VALUES (141, 5,47);
INSERT INTO notificaciones_perfiles (id, id_notificacion, id_perfil) VALUES (142, 4,47);
INSERT INTO notificaciones_perfiles (id, id_notificacion, id_perfil) VALUES (143, 3,47);
INSERT INTO notificaciones_perfiles (id, id_notificacion, id_perfil) VALUES (144, 1,47);
INSERT INTO notificaciones_perfiles (id, id_notificacion, id_perfil) VALUES (145, 5,48);
INSERT INTO notificaciones_perfiles (id, id_notificacion, id_perfil) VALUES (146, 4,49);
INSERT INTO notificaciones_perfiles (id, id_notificacion, id_perfil) VALUES (147, 3,49);
INSERT INTO notificaciones_perfiles (id, id_notificacion, id_perfil) VALUES (148, 1,49);
INSERT INTO notificaciones_perfiles (id, id_notificacion, id_perfil) VALUES (149, 5,49);
INSERT INTO notificaciones_perfiles (id, id_notificacion, id_perfil) VALUES (150, 2,49);
INSERT INTO notificaciones_perfiles (id, id_notificacion, id_perfil) VALUES (151, 5,50);
INSERT INTO notificaciones_perfiles (id, id_notificacion, id_perfil) VALUES (152, 1,50);
INSERT INTO notificaciones_perfiles (id, id_notificacion, id_perfil) VALUES (153, 4,51);
INSERT INTO notificaciones_perfiles (id, id_notificacion, id_perfil) VALUES (154, 4,52);
INSERT INTO notificaciones_perfiles (id, id_notificacion, id_perfil) VALUES (155, 1,52);
INSERT INTO notificaciones_perfiles (id, id_notificacion, id_perfil) VALUES (156, 5,52);
INSERT INTO notificaciones_perfiles (id, id_notificacion, id_perfil) VALUES (157, 2,52);
INSERT INTO notificaciones_perfiles (id, id_notificacion, id_perfil) VALUES (158, 3,52);
INSERT INTO notificaciones_perfiles (id, id_notificacion, id_perfil) VALUES (159, 4,53);
INSERT INTO notificaciones_perfiles (id, id_notificacion, id_perfil) VALUES (160, 5,53);
INSERT INTO notificaciones_perfiles (id, id_notificacion, id_perfil) VALUES (161, 1,53);
INSERT INTO notificaciones_perfiles (id, id_notificacion, id_perfil) VALUES (162, 1,54);
INSERT INTO notificaciones_perfiles (id, id_notificacion, id_perfil) VALUES (163, 3,54);
INSERT INTO notificaciones_perfiles (id, id_notificacion, id_perfil) VALUES (164, 4,54);
INSERT INTO notificaciones_perfiles (id, id_notificacion, id_perfil) VALUES (165, 2,55);
INSERT INTO notificaciones_perfiles (id, id_notificacion, id_perfil) VALUES (166, 3,55);
INSERT INTO notificaciones_perfiles (id, id_notificacion, id_perfil) VALUES (167, 1,55);
INSERT INTO notificaciones_perfiles (id, id_notificacion, id_perfil) VALUES (168, 4,55);
INSERT INTO notificaciones_perfiles (id, id_notificacion, id_perfil) VALUES (169, 5,55);
INSERT INTO notificaciones_perfiles (id, id_notificacion, id_perfil) VALUES (170, 4,56);
INSERT INTO notificaciones_perfiles (id, id_notificacion, id_perfil) VALUES (171, 2,56);
INSERT INTO notificaciones_perfiles (id, id_notificacion, id_perfil) VALUES (172, 1,57);
INSERT INTO notificaciones_perfiles (id, id_notificacion, id_perfil) VALUES (173, 1,58);
INSERT INTO notificaciones_perfiles (id, id_notificacion, id_perfil) VALUES (174, 1,59);
INSERT INTO notificaciones_perfiles (id, id_notificacion, id_perfil) VALUES (175, 1,60);
INSERT INTO notificaciones_perfiles (id, id_notificacion, id_perfil) VALUES (176, 5,60);
INSERT INTO notificaciones_perfiles (id, id_notificacion, id_perfil) VALUES (177, 3,60);
INSERT INTO notificaciones_perfiles (id, id_notificacion, id_perfil) VALUES (178, 2,60);
INSERT INTO notificaciones_perfiles (id, id_notificacion, id_perfil) VALUES (179, 4,60);
INSERT INTO notificaciones_perfiles (id, id_notificacion, id_perfil) VALUES (180, 2,61);
INSERT INTO notificaciones_perfiles (id, id_notificacion, id_perfil) VALUES (181, 5,61);
INSERT INTO notificaciones_perfiles (id, id_notificacion, id_perfil) VALUES (182, 2,62);
INSERT INTO notificaciones_perfiles (id, id_notificacion, id_perfil) VALUES (183, 4,62);
INSERT INTO notificaciones_perfiles (id, id_notificacion, id_perfil) VALUES (184, 5,62);
INSERT INTO notificaciones_perfiles (id, id_notificacion, id_perfil) VALUES (185, 1,62);
INSERT INTO notificaciones_perfiles (id, id_notificacion, id_perfil) VALUES (186, 3,62);
INSERT INTO notificaciones_perfiles (id, id_notificacion, id_perfil) VALUES (187, 2,63);
INSERT INTO notificaciones_perfiles (id, id_notificacion, id_perfil) VALUES (188, 4,63);
INSERT INTO notificaciones_perfiles (id, id_notificacion, id_perfil) VALUES (189, 4,64);
INSERT INTO notificaciones_perfiles (id, id_notificacion, id_perfil) VALUES (190, 3,64);
INSERT INTO notificaciones_perfiles (id, id_notificacion, id_perfil) VALUES (191, 1,64);
INSERT INTO notificaciones_perfiles (id, id_notificacion, id_perfil) VALUES (192, 5,64);
INSERT INTO notificaciones_perfiles (id, id_notificacion, id_perfil) VALUES (193, 4,65);
INSERT INTO notificaciones_perfiles (id, id_notificacion, id_perfil) VALUES (194, 3,66);
INSERT INTO notificaciones_perfiles (id, id_notificacion, id_perfil) VALUES (195, 3,67);
INSERT INTO notificaciones_perfiles (id, id_notificacion, id_perfil) VALUES (196, 1,67);
INSERT INTO notificaciones_perfiles (id, id_notificacion, id_perfil) VALUES (197, 5,67);
INSERT INTO notificaciones_perfiles (id, id_notificacion, id_perfil) VALUES (198, 4,68);
INSERT INTO notificaciones_perfiles (id, id_notificacion, id_perfil) VALUES (199, 2,68);
INSERT INTO notificaciones_perfiles (id, id_notificacion, id_perfil) VALUES (200, 2,69);
INSERT INTO notificaciones_perfiles (id, id_notificacion, id_perfil) VALUES (201, 3,69);
INSERT INTO notificaciones_perfiles (id, id_notificacion, id_perfil) VALUES (202, 3,70);
INSERT INTO notificaciones_perfiles (id, id_notificacion, id_perfil) VALUES (203, 2,70);
INSERT INTO notificaciones_perfiles (id, id_notificacion, id_perfil) VALUES (204, 5,70);
INSERT INTO notificaciones_perfiles (id, id_notificacion, id_perfil) VALUES (205, 1,70);
INSERT INTO notificaciones_perfiles (id, id_notificacion, id_perfil) VALUES (206, 4,70);
INSERT INTO notificaciones_perfiles (id, id_notificacion, id_perfil) VALUES (207, 3,71);
INSERT INTO notificaciones_perfiles (id, id_notificacion, id_perfil) VALUES (208, 4,71);
INSERT INTO notificaciones_perfiles (id, id_notificacion, id_perfil) VALUES (209, 2,71);
INSERT INTO notificaciones_perfiles (id, id_notificacion, id_perfil) VALUES (210, 1,71);
INSERT INTO notificaciones_perfiles (id, id_notificacion, id_perfil) VALUES (211, 2,72);
INSERT INTO notificaciones_perfiles (id, id_notificacion, id_perfil) VALUES (212, 4,72);
INSERT INTO notificaciones_perfiles (id, id_notificacion, id_perfil) VALUES (213, 1,73);
INSERT INTO notificaciones_perfiles (id, id_notificacion, id_perfil) VALUES (214, 4,73);
INSERT INTO notificaciones_perfiles (id, id_notificacion, id_perfil) VALUES (215, 2,73);
INSERT INTO notificaciones_perfiles (id, id_notificacion, id_perfil) VALUES (216, 3,73);
INSERT INTO notificaciones_perfiles (id, id_notificacion, id_perfil) VALUES (217, 5,74);
INSERT INTO notificaciones_perfiles (id, id_notificacion, id_perfil) VALUES (218, 2,74);
INSERT INTO notificaciones_perfiles (id, id_notificacion, id_perfil) VALUES (219, 5,75);
INSERT INTO notificaciones_perfiles (id, id_notificacion, id_perfil) VALUES (220, 4,75);
INSERT INTO notificaciones_perfiles (id, id_notificacion, id_perfil) VALUES (221, 2,75);
INSERT INTO notificaciones_perfiles (id, id_notificacion, id_perfil) VALUES (222, 1,75);
INSERT INTO notificaciones_perfiles (id, id_notificacion, id_perfil) VALUES (223, 3,75);
INSERT INTO notificaciones_perfiles (id, id_notificacion, id_perfil) VALUES (224, 5,76);
INSERT INTO notificaciones_perfiles (id, id_notificacion, id_perfil) VALUES (225, 4,76);
INSERT INTO notificaciones_perfiles (id, id_notificacion, id_perfil) VALUES (226, 2,77);
INSERT INTO notificaciones_perfiles (id, id_notificacion, id_perfil) VALUES (227, 5,77);
INSERT INTO notificaciones_perfiles (id, id_notificacion, id_perfil) VALUES (228, 1,77);
INSERT INTO notificaciones_perfiles (id, id_notificacion, id_perfil) VALUES (229, 3,77);
INSERT INTO notificaciones_perfiles (id, id_notificacion, id_perfil) VALUES (230, 4,77);
INSERT INTO notificaciones_perfiles (id, id_notificacion, id_perfil) VALUES (231, 2,78);
INSERT INTO notificaciones_perfiles (id, id_notificacion, id_perfil) VALUES (232, 3,78);
INSERT INTO notificaciones_perfiles (id, id_notificacion, id_perfil) VALUES (233, 4,78);
INSERT INTO notificaciones_perfiles (id, id_notificacion, id_perfil) VALUES (234, 1,79);
INSERT INTO notificaciones_perfiles (id, id_notificacion, id_perfil) VALUES (235, 2,79);
INSERT INTO notificaciones_perfiles (id, id_notificacion, id_perfil) VALUES (236, 3,79);
INSERT INTO notificaciones_perfiles (id, id_notificacion, id_perfil) VALUES (237, 4,79);
INSERT INTO notificaciones_perfiles (id, id_notificacion, id_perfil) VALUES (238, 5,80);
INSERT INTO notificaciones_perfiles (id, id_notificacion, id_perfil) VALUES (239, 1,80);
INSERT INTO notificaciones_perfiles (id, id_notificacion, id_perfil) VALUES (240, 2,80);
INSERT INTO notificaciones_perfiles (id, id_notificacion, id_perfil) VALUES (241, 3,80);
INSERT INTO notificaciones_perfiles (id, id_notificacion, id_perfil) VALUES (242, 3,81);
INSERT INTO notificaciones_perfiles (id, id_notificacion, id_perfil) VALUES (243, 5,81);
INSERT INTO notificaciones_perfiles (id, id_notificacion, id_perfil) VALUES (244, 4,81);
INSERT INTO notificaciones_perfiles (id, id_notificacion, id_perfil) VALUES (245, 4,82);
INSERT INTO notificaciones_perfiles (id, id_notificacion, id_perfil) VALUES (246, 2,82);
INSERT INTO notificaciones_perfiles (id, id_notificacion, id_perfil) VALUES (247, 4,83);
INSERT INTO notificaciones_perfiles (id, id_notificacion, id_perfil) VALUES (248, 5,83);
INSERT INTO notificaciones_perfiles (id, id_notificacion, id_perfil) VALUES (249, 1,84);
INSERT INTO notificaciones_perfiles (id, id_notificacion, id_perfil) VALUES (250, 3,84);
INSERT INTO notificaciones_perfiles (id, id_notificacion, id_perfil) VALUES (251, 4,84);
INSERT INTO notificaciones_perfiles (id, id_notificacion, id_perfil) VALUES (252, 5,84);
INSERT INTO notificaciones_perfiles (id, id_notificacion, id_perfil) VALUES (253, 2,84);
INSERT INTO notificaciones_perfiles (id, id_notificacion, id_perfil) VALUES (254, 3,85);
INSERT INTO notificaciones_perfiles (id, id_notificacion, id_perfil) VALUES (255, 4,85);
INSERT INTO notificaciones_perfiles (id, id_notificacion, id_perfil) VALUES (256, 2,85);
INSERT INTO notificaciones_perfiles (id, id_notificacion, id_perfil) VALUES (257, 5,85);
INSERT INTO notificaciones_perfiles (id, id_notificacion, id_perfil) VALUES (258, 2,86);
INSERT INTO notificaciones_perfiles (id, id_notificacion, id_perfil) VALUES (259, 5,87);
INSERT INTO notificaciones_perfiles (id, id_notificacion, id_perfil) VALUES (260, 4,87);
INSERT INTO notificaciones_perfiles (id, id_notificacion, id_perfil) VALUES (261, 1,87);
INSERT INTO notificaciones_perfiles (id, id_notificacion, id_perfil) VALUES (262, 2,87);
INSERT INTO notificaciones_perfiles (id, id_notificacion, id_perfil) VALUES (263, 3,87);
INSERT INTO notificaciones_perfiles (id, id_notificacion, id_perfil) VALUES (264, 1,88);
INSERT INTO notificaciones_perfiles (id, id_notificacion, id_perfil) VALUES (265, 5,88);
INSERT INTO notificaciones_perfiles (id, id_notificacion, id_perfil) VALUES (266, 3,88);
INSERT INTO notificaciones_perfiles (id, id_notificacion, id_perfil) VALUES (267, 4,88);
INSERT INTO notificaciones_perfiles (id, id_notificacion, id_perfil) VALUES (268, 2,88);
INSERT INTO notificaciones_perfiles (id, id_notificacion, id_perfil) VALUES (269, 2,89);
INSERT INTO notificaciones_perfiles (id, id_notificacion, id_perfil) VALUES (270, 1,89);
INSERT INTO notificaciones_perfiles (id, id_notificacion, id_perfil) VALUES (271, 3,89);
INSERT INTO notificaciones_perfiles (id, id_notificacion, id_perfil) VALUES (272, 4,89);
INSERT INTO notificaciones_perfiles (id, id_notificacion, id_perfil) VALUES (273, 1,90);
INSERT INTO notificaciones_perfiles (id, id_notificacion, id_perfil) VALUES (274, 4,91);
INSERT INTO notificaciones_perfiles (id, id_notificacion, id_perfil) VALUES (275, 2,91);
INSERT INTO notificaciones_perfiles (id, id_notificacion, id_perfil) VALUES (276, 3,91);
INSERT INTO notificaciones_perfiles (id, id_notificacion, id_perfil) VALUES (277, 1,91);
INSERT INTO notificaciones_perfiles (id, id_notificacion, id_perfil) VALUES (278, 5,91);
INSERT INTO notificaciones_perfiles (id, id_notificacion, id_perfil) VALUES (279, 4,92);
INSERT INTO notificaciones_perfiles (id, id_notificacion, id_perfil) VALUES (280, 3,92);
INSERT INTO notificaciones_perfiles (id, id_notificacion, id_perfil) VALUES (281, 2,92);
INSERT INTO notificaciones_perfiles (id, id_notificacion, id_perfil) VALUES (282, 1,92);
INSERT INTO notificaciones_perfiles (id, id_notificacion, id_perfil) VALUES (283, 5,92);
INSERT INTO notificaciones_perfiles (id, id_notificacion, id_perfil) VALUES (284, 3,93);
INSERT INTO notificaciones_perfiles (id, id_notificacion, id_perfil) VALUES (285, 1,93);
INSERT INTO notificaciones_perfiles (id, id_notificacion, id_perfil) VALUES (286, 2,93);
INSERT INTO notificaciones_perfiles (id, id_notificacion, id_perfil) VALUES (287, 4,93);
INSERT INTO notificaciones_perfiles (id, id_notificacion, id_perfil) VALUES (288, 4,94);
INSERT INTO notificaciones_perfiles (id, id_notificacion, id_perfil) VALUES (289, 1,95);
INSERT INTO notificaciones_perfiles (id, id_notificacion, id_perfil) VALUES (290, 5,95);
INSERT INTO notificaciones_perfiles (id, id_notificacion, id_perfil) VALUES (291, 4,95);
INSERT INTO notificaciones_perfiles (id, id_notificacion, id_perfil) VALUES (292, 5,96);
INSERT INTO notificaciones_perfiles (id, id_notificacion, id_perfil) VALUES (293, 3,96);
INSERT INTO notificaciones_perfiles (id, id_notificacion, id_perfil) VALUES (294, 1,96);
INSERT INTO notificaciones_perfiles (id, id_notificacion, id_perfil) VALUES (295, 4,96);
INSERT INTO notificaciones_perfiles (id, id_notificacion, id_perfil) VALUES (296, 4,97);
INSERT INTO notificaciones_perfiles (id, id_notificacion, id_perfil) VALUES (297, 5,98);
INSERT INTO notificaciones_perfiles (id, id_notificacion, id_perfil) VALUES (298, 4,98);
INSERT INTO notificaciones_perfiles (id, id_notificacion, id_perfil) VALUES (299, 2,98);
INSERT INTO notificaciones_perfiles (id, id_notificacion, id_perfil) VALUES (300, 3,99);
INSERT INTO notificaciones_perfiles (id, id_notificacion, id_perfil) VALUES (301, 2,99);
INSERT INTO notificaciones_perfiles (id, id_notificacion, id_perfil) VALUES (302, 4,99);
INSERT INTO notificaciones_perfiles (id, id_notificacion, id_perfil) VALUES (303, 5,99);
INSERT INTO notificaciones_perfiles (id, id_notificacion, id_perfil) VALUES (304, 1,99);
INSERT INTO notificaciones_perfiles (id, id_notificacion, id_perfil) VALUES (305, 2,100);
INSERT INTO notificaciones_perfiles (id, id_notificacion, id_perfil) VALUES (306, 4,100);
INSERT INTO notificaciones_perfiles (id, id_notificacion, id_perfil) VALUES (307, 1,100);
INSERT INTO notificaciones_perfiles (id, id_notificacion, id_perfil) VALUES (308, 3,100);
INSERT INTO notificaciones_perfiles (id, id_notificacion, id_perfil) VALUES (309, 5,100);
